cap_band,horizon_bars,top_n,cost_bps,fold_id,n_rebalances,gross_expectancy,net_expectancy,benchmark_expectancy,alpha_gross,alpha_net,mean_turnover,ic,hit_rate
full_pit,10,10,10.0,0,12,0.014050784226969162,0.013267368465215664,-0.0015129461854824517,0.015563730412451618,0.014780314650698114,0.7834157617534983,0.07514296632615489,0.6666666666666666
full_pit,10,10,10.0,1,12,0.0074039570148825866,0.006696675710447908,0.004579247110098417,0.002824709904784173,0.002117428600349494,0.7072813044346778,0.1054999495009546,0.6666666666666666
full_pit,10,10,10.0,2,12,0.013283872685106978,0.012541374117402271,-0.007941705823594438,0.02122557850870142,0.02048307994099671,0.7424985677047057,0.10665628194949996,0.4166666666666667
full_pit,10,10,10.0,3,12,0.01855837077072599,0.017984649019715113,0.01946951061593447,-0.0009111398452084805,-0.0014848615962193567,0.5737217510108766,0.012381301917771755,0.75
full_pit,10,10,10.0,4,12,0.037810068512561495,0.03700314831231601,0.02947265962636761,0.008337408886193881,0.007530488685948394,0.8069202002454885,0.04888342363299555,0.75
full_pit,10,10,10.0,5,12,0.029257695739474978,0.02855394283889635,-0.0013364753737426821,0.03059417111321765,0.029890418212639037,0.7037529005786215,0.11403599491050571,0.5833333333333334
full_pit,10,10,10.0,6,12,0.009055646628249188,0.008290504502522228,0.007775308409569085,0.0012803382186801018,0.0005151960929531437,0.7651421257269572,0.041646968122457946,0.6666666666666666
full_pit,10,10,10.0,7,12,0.022177839338303085,0.02141967395536515,0.011588685828869176,0.010589153509433904,0.009830988126495972,0.7581653829379326,0.10031663967755235,0.5833333333333334
full_pit,10,10,10.0,8,12,0.03008018753986214,0.029323343081549453,0.007910752070852916,0.022169435469009225,0.02141259101069654,0.7568444583126815,0.12426114663212254,0.6666666666666666
full_pit,10,10,10.0,9,12,0.022953479753790418,0.022271025609757984,0.012198440771286552,0.010755038982503864,0.010072584838471434,0.6824541440324335,0.10415388497579402,0.6666666666666666
full_pit,10,10,10.0,10,12,0.05198964832539702,0.05123905511301793,0.004606568654955156,0.04738307967044186,0.046632486458062776,0.7505932123790905,0.09240862918593007,0.75
full_pit,10,10,10.0,11,12,-0.007566779193596451,-0.008308875128474315,-0.021062320519165983,0.013495541325569535,0.012753445390691676,0.7420959348778634,0.0873166329659225,0.4166666666666667
full_pit,10,10,10.0,12,12,0.022449646426254768,0.02173705506709514,0.0021216588074964293,0.02032798761875834,0.019615396259598714,0.7125913591596237,0.10980096246730477,0.6666666666666666
full_pit,10,10,10.0,13,12,-0.003170176595750867,-0.003881383663435971,-0.004652054978299351,0.0014818783825484867,0.0007706713148633773,0.7112070676851081,0.08304712425281449,0.3333333333333333
full_pit,10,10,10.0,14,12,0.025707747433038265,0.024973605755337344,-0.007814665669243158,0.03352241310228144,0.0327882714245805,0.7341416777009343,0.09534805023400036,0.5
full_pit,10,10,10.0,15,12,0.05024266403376173,0.04951600548128327,0.026453185978669917,0.02378947805509181,0.023062819502613352,0.7266585524784536,0.0879995281097013,0.8333333333333334
full_pit,10,10,10.0,16,12,0.04342056699636873,0.04269871133770858,0.021893231946374988,0.02152733504999375,0.020805479391333592,0.7218556586601563,0.08135081269889426,0.8333333333333334
full_pit,10,10,10.0,17,12,0.022793397007935468,0.022109937369897577,0.0020305219634791064,0.020762875044456362,0.02007941540641847,0.6834596380378896,0.10811020592799317,0.6666666666666666
full_pit,10,10,10.0,18,12,0.03488726528958319,0.03413962290120936,0.0009391291488604667,0.03394813614072272,0.03320049375234889,0.7476423883738336,0.11397055422667318,0.75
full_pit,10,10,10.0,19,12,0.029104715864364843,0.028472039177244363,0.0036893351857191906,0.025415380678645655,0.02478270399152517,0.6326766871204834,0.10996620691790039,0.6666666666666666
full_pit,10,10,10.0,20,12,0.05005705786931289,0.04947858102930458,0.023620766871933496,0.026436290997379375,0.025857814157371085,0.5784768400082954,0.0455361857324374,0.8333333333333334
full_pit,10,10,10.0,21,12,0.03398826830634142,0.03322227636614079,0.01764866569953046,0.01633960260681097,0.015573610666610333,0.7659919402006347,0.08697413762515399,0.75
full_pit,10,10,10.0,22,12,0.014854152787099756,0.014178445456863692,-0.0052093155615448306,0.02006346834864459,0.019387761018408528,0.6757073302360634,0.0760271828877041,0.5833333333333334
full_pit,10,10,10.0,23,12,0.038462674568351514,0.03777894873810154,0.011364249019059759,0.027098425549291757,0.026414699719041774,0.6837258302499802,0.06332863614202379,0.9166666666666666
full_pit,10,10,10.0,24,12,-0.006354786719667081,-0.007112029860048528,-0.015160871258595915,0.008806084538928834,0.008048841398547387,0.7572431403814455,0.09372897955518482,0.5
full_pit,10,10,15.0,0,12,0.014050784226969162,0.012875660584338915,-0.0015129461854824517,0.015563730412451618,0.014388606769821366,0.7834157617534983,0.07514296632615489,0.6666666666666666
full_pit,10,10,15.0,1,12,0.0074039570148825866,0.00634303505823057,0.004579247110098417,0.002824709904784173,0.0017637879481321535,0.7072813044346778,0.1054999495009546,0.6666666666666666
full_pit,10,10,15.0,2,12,0.013283872685106978,0.01217012483354992,-0.007941705823594438,0.02122557850870142,0.02011183065714436,0.7424985677047057,0.10665628194949996,0.4166666666666667
full_pit,10,10,15.0,3,12,0.01855837077072599,0.017697788144209674,0.01946951061593447,-0.0009111398452084805,-0.001771722471724796,0.5737217510108766,0.012381301917771755,0.6666666666666666
full_pit,10,10,15.0,4,12,0.037810068512561495,0.036599688212193275,0.02947265962636761,0.008337408886193881,0.007127028585825648,0.8069202002454885,0.04888342363299555,0.75
full_pit,10,10,15.0,5,12,0.029257695739474978,0.028202066388607047,-0.0013364753737426821,0.03059417111321765,0.029538541762349727,0.7037529005786215,0.11403599491050571,0.5833333333333334
full_pit,10,10,15.0,6,12,0.009055646628249188,0.007907933439658751,0.007775308409569085,0.0012803382186801018,0.0001326250300896665,0.7651421257269572,0.041646968122457946,0.6666666666666666
full_pit,10,10,15.0,7,12,0.022177839338303085,0.021040591263896184,0.011588685828869176,0.010589153509433904,0.009451905435027006,0.7581653829379326,0.10031663967755235,0.5833333333333334
full_pit,10,10,15.0,8,12,0.03008018753986214,0.028944920852393113,0.007910752070852916,0.022169435469009225,0.0210341687815402,0.7568444583126815,0.12426114663212254,0.6666666666666666
full_pit,10,10,15.0,9,12,0.022953479753790418,0.021929798537741768,0.012198440771286552,0.010755038982503864,0.009731357766455215,0.6824541440324335,0.10415388497579402,0.6666666666666666
full_pit,10,10,15.0,10,12,0.05198964832539702,0.05086375850682839,0.004606568654955156,0.04738307967044186,0.046257189851873236,0.7505932123790905,0.09240862918593007,0.75
full_pit,10,10,15.0,11,12,-0.007566779193596451,-0.008679923095913245,-0.021062320519165983,0.013495541325569535,0.01238239742325274,0.7420959348778634,0.0873166329659225,0.4166666666666667
full_pit,10,10,15.0,12,12,0.022449646426254768,0.021380759387515328,0.0021216588074964293,0.02032798761875834,0.0192591005800189,0.7125913591596237,0.10980096246730477,0.6666666666666666
full_pit,10,10,15.0,13,12,-0.003170176595750867,-0.004236987197278529,-0.004652054978299351,0.0014818783825484867,0.0004150677810208228,0.7112070676851081,0.08304712425281449,0.3333333333333333
full_pit,10,10,15.0,14,12,0.025707747433038265,0.02460653491648687,-0.007814665669243158,0.03352241310228144,0.032421200585730024,0.7341416777009343,0.09534805023400036,0.5
full_pit,10,10,15.0,15,12,0.05024266403376173,0.049152676205044044,0.026453185978669917,0.02378947805509181,0.022699490226374127,0.7266585524784536,0.0879995281097013,0.8333333333333334
full_pit,10,10,15.0,16,12,0.04342056699636873,0.042337783508378496,0.021893231946374988,0.02152733504999375,0.020444551562003515,0.7218556586601563,0.08135081269889426,0.8333333333333334
full_pit,10,10,15.0,17,12,0.022793397007935468,0.021768207550878632,0.0020305219634791064,0.020762875044456362,0.019737685587399523,0.6834596380378896,0.10811020592799317,0.6666666666666666
full_pit,10,10,15.0,18,12,0.03488726528958319,0.03376580170702244,0.0009391291488604667,0.03394813614072272,0.03282667255816197,0.7476423883738336,0.11397055422667318,0.75
full_pit,10,10,15.0,19,12,0.029104715864364843,0.028155700833684117,0.0036893351857191906,0.025415380678645655,0.024466365647964925,0.6326766871204834,0.10996620691790039,0.6666666666666666
full_pit,10,10,15.0,20,12,0.05005705786931289,0.049189342609300434,0.023620766871933496,0.026436290997379375,0.025568575737366928,0.5784768400082954,0.0455361857324374,0.8333333333333334
full_pit,10,10,15.0,21,12,0.03398826830634142,0.03283928039604048,0.01764866569953046,0.01633960260681097,0.015190614696510016,0.7659919402006347,0.08697413762515399,0.75
full_pit,10,10,15.0,22,12,0.014854152787099756,0.013840591791745668,-0.0052093155615448306,0.02006346834864459,0.019049907353290495,0.6757073302360634,0.0760271828877041,0.5833333333333334
full_pit,10,10,15.0,23,12,0.038462674568351514,0.03743708582297655,0.011364249019059759,0.027098425549291757,0.026072836803916782,0.6837258302499802,0.06332863614202379,0.9166666666666666
full_pit,10,10,15.0,24,12,-0.006354786719667081,-0.007490651430239251,-0.015160871258595915,0.008806084538928834,0.007670219828356666,0.7572431403814455,0.09372897955518482,0.5
full_pit,10,10,25.0,0,12,0.014050784226969162,0.012092244822585417,-0.0015129461854824517,0.015563730412451618,0.013605191008067868,0.7834157617534983,0.07514296632615489,0.6666666666666666
full_pit,10,10,25.0,1,12,0.0074039570148825866,0.0056357537537958914,0.004579247110098417,0.002824709904784173,0.0010565066436974758,0.7072813044346778,0.1054999495009546,0.6666666666666666
full_pit,10,10,25.0,2,12,0.013283872685106978,0.01142762626584521,-0.007941705823594438,0.02122557850870142,0.019369332089439653,0.7424985677047057,0.10665628194949996,0.4166666666666667
full_pit,10,10,25.0,3,12,0.01855837077072599,0.017124066393198797,0.01946951061593447,-0.0009111398452084805,-0.0023454442227356727,0.5737217510108766,0.012381301917771755,0.6666666666666666
full_pit,10,10,25.0,4,12,0.037810068512561495,0.03579276801194778,0.02947265962636761,0.008337408886193881,0.00632010838558016,0.8069202002454885,0.04888342363299555,0.75
full_pit,10,10,25.0,5,12,0.029257695739474978,0.027498313488028416,-0.0013364753737426821,0.03059417111321765,0.02883478886177111,0.7037529005786215,0.11403599491050571,0.5833333333333334
full_pit,10,10,25.0,6,12,0.009055646628249188,0.007142791313931794,0.007775308409569085,0.0012803382186801018,-0.0006325170956372915,0.7651421257269572,0.041646968122457946,0.6666666666666666
full_pit,10,10,25.0,7,12,0.022177839338303085,0.02028242588095825,0.011588685828869176,0.010589153509433904,0.008693740052089073,0.7581653829379326,0.10031663967755235,0.5833333333333334
full_pit,10,10,25.0,8,12,0.03008018753986214,0.028188076394080438,0.007910752070852916,0.022169435469009225,0.020277324323227524,0.7568444583126815,0.12426114663212254,0.6666666666666666
full_pit,10,10,25.0,9,12,0.022953479753790418,0.02124734439370933,0.012198440771286552,0.010755038982503864,0.009048903622422784,0.6824541440324335,0.10415388497579402,0.6666666666666666
full_pit,10,10,25.0,10,12,0.05198964832539702,0.05011316529444929,0.004606568654955156,0.04738307967044186,0.045506596639494135,0.7505932123790905,0.09240862918593007,0.75
full_pit,10,10,25.0,11,12,-0.007566779193596451,-0.009422019030791111,-0.021062320519165983,0.013495541325569535,0.011640301488374874,0.7420959348778634,0.0873166329659225,0.4166666666666667
full_pit,10,10,25.0,12,12,0.022449646426254768,0.020668168028355704,0.0021216588074964293,0.02032798761875834,0.018546509220859275,0.7125913591596237,0.10980096246730477,0.6666666666666666
full_pit,10,10,25.0,13,12,-0.003170176595750867,-0.0049481942649636365,-0.004652054978299351,0.0014818783825484867,-0.00029613928666428514,0.7112070676851081,0.08304712425281449,0.3333333333333333
full_pit,10,10,25.0,14,12,0.025707747433038265,0.02387239323878594,-0.007814665669243158,0.03352241310228144,0.031687058908029093,0.7341416777009343,0.09534805023400036,0.5
full_pit,10,10,25.0,15,12,0.05024266403376173,0.048426017652565594,0.026453185978669917,0.02378947805509181,0.021972831673895674,0.7266585524784536,0.0879995281097013,0.8333333333333334
full_pit,10,10,25.0,16,12,0.04342056699636873,0.04161592784971834,0.021893231946374988,0.02152733504999375,0.01972269590334336,0.7218556586601563,0.08135081269889426,0.8333333333333334
full_pit,10,10,25.0,17,12,0.022793397007935468,0.02108474791284075,0.0020305219634791064,0.020762875044456362,0.01905422594936164,0.6834596380378896,0.10811020592799317,0.6666666666666666
full_pit,10,10,25.0,18,12,0.03488726528958319,0.033018159318648606,0.0009391291488604667,0.03394813614072272,0.03207903016978814,0.7476423883738336,0.11397055422667318,0.75
full_pit,10,10,25.0,19,12,0.029104715864364843,0.02752302414656364,0.0036893351857191906,0.025415380678645655,0.023833688960844448,0.6326766871204834,0.10996620691790039,0.6666666666666666
full_pit,10,10,25.0,20,12,0.05005705786931289,0.04861086576929214,0.023620766871933496,0.026436290997379375,0.024990098897358638,0.5784768400082954,0.0455361857324374,0.8333333333333334
full_pit,10,10,25.0,21,12,0.03398826830634142,0.032073288455839837,0.01764866569953046,0.01633960260681097,0.014424622756309381,0.7659919402006347,0.08697413762515399,0.75
full_pit,10,10,25.0,22,12,0.014854152787099756,0.013164884461509603,-0.0052093155615448306,0.02006346834864459,0.018374200023054437,0.6757073302360634,0.0760271828877041,0.5833333333333334
full_pit,10,10,25.0,23,12,0.038462674568351514,0.03675335999272656,0.011364249019059759,0.027098425549291757,0.025389110973666803,0.6837258302499802,0.06332863614202379,0.9166666666666666
full_pit,10,10,25.0,24,12,-0.006354786719667081,-0.008247894570620695,-0.015160871258595915,0.008806084538928834,0.00691297668797522,0.7572431403814455,0.09372897955518482,0.5
full_pit,10,10,35.0,0,12,0.014050784226969162,0.01130882906083192,-0.0015129461854824517,0.015563730412451618,0.01282177524631437,0.7834157617534983,0.07514296632615489,0.6666666666666666
full_pit,10,10,35.0,1,12,0.0074039570148825866,0.004928472449361214,0.004579247110098417,0.002824709904784173,0.00034922533926279856,0.7072813044346778,0.1054999495009546,0.6666666666666666
full_pit,10,10,35.0,2,12,0.013283872685106978,0.010685127698140508,-0.007941705823594438,0.02122557850870142,0.018626833521734953,0.7424985677047057,0.10665628194949996,0.4166666666666667
full_pit,10,10,35.0,3,12,0.01855837077072599,0.01655034464218792,0.01946951061593447,-0.0009111398452084805,-0.0029191659737465487,0.5737217510108766,0.012381301917771755,0.6666666666666666
full_pit,10,10,35.0,4,12,0.037810068512561495,0.03498584781170228,0.02947265962636761,0.008337408886193881,0.0055131881853346726,0.8069202002454885,0.04888342363299555,0.75
full_pit,10,10,35.0,5,12,0.029257695739474978,0.026794560587449803,-0.0013364753737426821,0.03059417111321765,0.028131035961192482,0.7037529005786215,0.11403599491050571,0.5833333333333334
full_pit,10,10,35.0,6,12,0.009055646628249188,0.006377649188204835,0.007775308409569085,0.0012803382186801018,-0.0013976592213642489,0.7651421257269572,0.041646968122457946,0.6666666666666666
full_pit,10,10,35.0,7,12,0.022177839338303085,0.019524260498020318,0.011588685828869176,0.010589153509433904,0.007935574669151138,0.7581653829379326,0.10031663967755235,0.5833333333333334
full_pit,10,10,35.0,8,12,0.03008018753986214,0.027431231935767755,0.007910752070852916,0.022169435469009225,0.019520479864914838,0.7568444583126815,0.12426114663212254,0.6666666666666666
full_pit,10,10,35.0,9,12,0.022953479753790418,0.020564890249676896,0.012198440771286552,0.010755038982503864,0.008366449478390348,0.6824541440324335,0.10415388497579402,0.6666666666666666
full_pit,10,10,35.0,10,12,0.05198964832539702,0.04936257208207021,0.004606568654955156,0.04738307967044186,0.04475600342711505,0.7505932123790905,0.09240862918593007,0.75
full_pit,10,10,35.0,11,12,-0.007566779193596451,-0.010164114965668972,-0.021062320519165983,0.013495541325569535,0.010898205553497013,0.7420959348778634,0.0873166329659225,0.4166666666666667
full_pit,10,10,35.0,12,12,0.022449646426254768,0.01995557666919608,0.0021216588074964293,0.02032798761875834,0.01783391786169965,0.7125913591596237,0.10980096246730477,0.6666666666666666
full_pit,10,10,35.0,13,12,-0.003170176595750867,-0.005659401332648743,-0.004652054978299351,0.0014818783825484867,-0.0010073463543493909,0.7112070676851081,0.08304712425281449,0.3333333333333333
full_pit,10,10,35.0,14,12,0.025707747433038265,0.023138251561084996,-0.007814665669243158,0.03352241310228144,0.030952917230328156,0.7341416777009343,0.09534805023400036,0.5
full_pit,10,10,35.0,15,12,0.05024266403376173,0.04769935910008714,0.026453185978669917,0.02378947805509181,0.021246173121417217,0.7266585524784536,0.0879995281097013,0.8333333333333334
full_pit,10,10,35.0,16,12,0.04342056699636873,0.04089407219105819,0.021893231946374988,0.02152733504999375,0.019000840244683206,0.7218556586601563,0.08135081269889426,0.8333333333333334
full_pit,10,10,35.0,17,12,0.022793397007935468,0.02040128827480286,0.0020305219634791064,0.020762875044456362,0.01837076631132375,0.6834596380378896,0.10811020592799317,0.6666666666666666
full_pit,10,10,35.0,18,12,0.03488726528958319,0.03227051693027477,0.0009391291488604667,0.03394813614072272,0.031331387781414304,0.7476423883738336,0.11397055422667318,0.75
full_pit,10,10,35.0,19,12,0.029104715864364843,0.02689034745944315,0.0036893351857191906,0.025415380678645655,0.023201012273723964,0.6326766871204834,0.10996620691790039,0.6666666666666666
full_pit,10,10,35.0,20,12,0.05005705786931289,0.04803238892928383,0.023620766871933496,0.026436290997379375,0.02441162205735034,0.5784768400082954,0.0455361857324374,0.8333333333333334
full_pit,10,10,35.0,21,12,0.03398826830634142,0.0313072965156392,0.01764866569953046,0.01633960260681097,0.013658630816108746,0.7659919402006347,0.08697413762515399,0.75
full_pit,10,10,35.0,22,12,0.014854152787099756,0.012489177131273536,-0.0052093155615448306,0.02006346834864459,0.017698492692818372,0.6757073302360634,0.0760271828877041,0.5833333333333334
full_pit,10,10,35.0,23,12,0.038462674568351514,0.03606963416247658,0.011364249019059759,0.027098425549291757,0.024705385143416827,0.6837258302499802,0.06332863614202379,0.9166666666666666
full_pit,10,10,35.0,24,12,-0.006354786719667081,-0.00900513771100214,-0.015160871258595915,0.008806084538928834,0.006155733547593773,0.7572431403814455,0.09372897955518482,0.5
full_pit,10,20,10.0,0,12,0.011403186977959799,0.01073205066525103,-0.0015129461854824517,0.012916133163442249,0.012244996850733483,0.6711363127087643,0.07514296632615489,0.5833333333333334
full_pit,10,20,10.0,1,12,0.01096897780739955,0.010450185978025895,0.004579247110098417,0.006389730697301134,0.00587093886792748,0.5187918293736525,0.1054999495009546,0.5833333333333334
full_pit,10,20,10.0,2,12,0.009569366641569323,0.008958546545908578,-0.007941705823594438,0.01751107246516376,0.01690025236950302,0.6108200956607445,0.10665628194949996,0.5833333333333334
full_pit,10,20,10.0,3,12,0.02290647147136425,0.022467846677136014,0.01946951061593447,0.00343696085542978,0.0029983360612015446,0.4386247942282362,0.012381301917771755,0.8333333333333334
full_pit,10,20,10.0,4,12,0.03664329537040366,0.035913177916931736,0.02947265962636761,0.007170635744036045,0.006440518290564116,0.7301174534719305,0.04888342363299555,0.75
full_pit,10,20,10.0,5,12,0.020120309989959045,0.019497914258666944,-0.0013364753737426821,0.021456785363701728,0.020834389632409633,0.6223957312920931,0.11403599491050571,0.5833333333333334
full_pit,10,20,10.0,6,12,0.014909106318359905,0.014275619246245165,0.007775308409569085,0.00713379790879082,0.0065003108366760804,0.6334870721147398,0.041646968122457946,0.5833333333333334
full_pit,10,20,10.0,7,12,0.021963638966386322,0.021317271304874815,0.011588685828869176,0.010374953137517143,0.009728585476005637,0.646367661511506,0.10031663967755235,0.6666666666666666
full_pit,10,20,10.0,8,12,0.024024267113029907,0.023311005219305073,0.007910752070852916,0.016113515042176996,0.015400253148452158,0.7132618937248306,0.12426114663212254,0.8333333333333334
full_pit,10,20,10.0,9,12,0.03437087876129121,0.03375660785954845,0.012198440771286552,0.02217243799000466,0.021558167088261897,0.6142709017427644,0.10415388497579402,0.6666666666666666
full_pit,10,20,10.0,10,12,0.027240369056667425,0.02658352426825769,0.004606568654955156,0.02263380040171227,0.021976955613302537,0.6568447884097314,0.09240862918593007,0.75
full_pit,10,20,10.0,11,12,-0.011503527562763632,-0.012198235860665686,-0.021062320519165983,0.009558792956402355,0.008864084658500302,0.6947082979020512,0.0873166329659225,0.25
full_pit,10,20,10.0,12,12,0.017639540664922067,0.01698363337387945,0.0021216588074964293,0.015517881857425636,0.014861974566383017,0.6559072910426202,0.10980096246730477,0.5833333333333334
full_pit,10,20,10.0,13,12,0.00597902863230218,0.005347875024758708,-0.004652054978299351,0.010631083610601532,0.00999993000305806,0.6311536075434726,0.08304712425281449,0.4166666666666667
full_pit,10,20,10.0,14,12,0.015747585473928415,0.015037661972205697,-0.007814665669243158,0.023562251143171568,0.022852327641448855,0.7099235017227166,0.09534805023400036,0.5833333333333334
full_pit,10,20,10.0,15,12,0.04801095392521978,0.04739169838542684,0.026453185978669917,0.021557767946549858,0.02093851240675691,0.6192555397929483,0.0879995281097013,0.75
full_pit,10,20,10.0,16,12,0.03532698244795439,0.03469319392580807,0.021893231946374988,0.013433750501579403,0.01279996197943309,0.6337885221463119,0.08135081269889426,0.75
full_pit,10,20,10.0,17,12,0.027556018632827566,0.02691064277406836,0.0020305219634791064,0.025525496669348457,0.02488012081058925,0.6453758587592039,0.10811020592799317,0.6666666666666666
full_pit,10,20,10.0,18,12,0.022273944477720315,0.02160548051821358,0.0009391291488604667,0.02133481532885985,0.020666351369353114,0.6684639595067373,0.11397055422667318,0.75
full_pit,10,20,10.0,19,12,0.022611583086535048,0.022091687312748524,0.0036893351857191906,0.01892224790081586,0.018402352127029332,0.5198957737865282,0.10996620691790039,0.8333333333333334
full_pit,10,20,10.0,20,12,0.046256200140816515,0.045693866275781155,0.023620766871933496,0.02263543326888301,0.02207309940384766,0.562333865035351,0.0455361857324374,0.9166666666666666
full_pit,10,20,10.0,21,12,0.029303235621184916,0.02862992778985551,0.01764866569953046,0.011654569921654458,0.010981262090325052,0.6733078313294043,0.08697413762515399,0.75
full_pit,10,20,10.0,22,12,0.01882947233483096,0.018177840897239943,-0.0052093155615448306,0.024038787896375795,0.02338715645878477,0.651631437591019,0.0760271828877041,0.5833333333333334
full_pit,10,20,10.0,23,12,0.036083021114750674,0.0354148279709124,0.011364249019059759,0.02471877209569091,0.024050578951852652,0.6681931438382588,0.06332863614202379,0.8333333333333334
full_pit,10,20,10.0,24,12,-0.009681716788683417,-0.01038903382840269,-0.015160871258595915,0.005479154469912499,0.004771837430193228,0.7073170397192721,0.09372897955518482,0.5
full_pit,10,20,15.0,0,12,0.011403186977959799,0.01039648250889665,-0.0015129461854824517,0.012916133163442249,0.0119094286943791,0.6711363127087643,0.07514296632615489,0.5833333333333334
full_pit,10,20,15.0,1,12,0.01096897780739955,0.010190790063339068,0.004579247110098417,0.006389730697301134,0.005611542953240654,0.5187918293736525,0.1054999495009546,0.5833333333333334
full_pit,10,20,15.0,2,12,0.009569366641569323,0.008653136498078208,-0.007941705823594438,0.01751107246516376,0.016594842321672645,0.6108200956607445,0.10665628194949996,0.5
full_pit,10,20,15.0,3,12,0.02290647147136425,0.022248534280021895,0.01946951061593447,0.00343696085542978,0.0027790236640874272,0.4386247942282362,0.012381301917771755,0.8333333333333334
full_pit,10,20,15.0,4,12,0.03664329537040366,0.035548119190195765,0.02947265962636761,0.007170635744036045,0.00607545956382815,0.7301174534719305,0.04888342363299555,0.75
full_pit,10,20,15.0,5,12,0.020120309989959045,0.0191867163930209,-0.0013364753737426821,0.021456785363701728,0.020523191766763586,0.6223957312920931,0.11403599491050571,0.5833333333333334
full_pit,10,20,15.0,6,12,0.014909106318359905,0.013958875710187798,0.007775308409569085,0.00713379790879082,0.006183567300618709,0.6334870721147398,0.041646968122457946,0.5833333333333334
full_pit,10,20,15.0,7,12,0.021963638966386322,0.02099408747411906,0.011588685828869176,0.010374953137517143,0.009405401645249884,0.646367661511506,0.10031663967755235,0.6666666666666666
full_pit,10,20,15.0,8,12,0.024024267113029907,0.022954374272442662,0.007910752070852916,0.016113515042176996,0.015043622201589751,0.7132618937248306,0.12426114663212254,0.75
full_pit,10,20,15.0,9,12,0.03437087876129121,0.033449472408677065,0.012198440771286552,0.02217243799000466,0.021251031637390515,0.6142709017427644,0.10415388497579402,0.6666666666666666
full_pit,10,20,15.0,10,12,0.027240369056667425,0.02625510187405283,0.004606568654955156,0.02263380040171227,0.02164853321909767,0.6568447884097314,0.09240862918593007,0.75
full_pit,10,20,15.0,11,12,-0.011503527562763632,-0.01254559000961671,-0.021062320519165983,0.009558792956402355,0.008516730509549278,0.6947082979020512,0.0873166329659225,0.25
full_pit,10,20,15.0,12,12,0.017639540664922067,0.016655679728358134,0.0021216588074964293,0.015517881857425636,0.014534020920861708,0.6559072910426202,0.10980096246730477,0.5833333333333334
full_pit,10,20,15.0,13,12,0.00597902863230218,0.005032298220986971,-0.004652054978299351,0.010631083610601532,0.009684353199286325,0.6311536075434726,0.08304712425281449,0.4166666666666667
full_pit,10,20,15.0,14,12,0.015747585473928415,0.014682700221344339,-0.007814665669243158,0.023562251143171568,0.022497365890587494,0.7099235017227166,0.09534805023400036,0.5
full_pit,10,20,15.0,15,12,0.04801095392521978,0.04708207061553035,0.026453185978669917,0.021557767946549858,0.020628884636860436,0.6192555397929483,0.0879995281097013,0.75
full_pit,10,20,15.0,16,12,0.03532698244795439,0.034376299664734926,0.021893231946374988,0.013433750501579403,0.012483067718359935,0.6337885221463119,0.08135081269889426,0.75
full_pit,10,20,15.0,17,12,0.027556018632827566,0.026587954844688757,0.0020305219634791064,0.025525496669348457,0.024557432881209647,0.6453758587592039,0.10811020592799317,0.6666666666666666
full_pit,10,20,15.0,18,12,0.022273944477720315,0.021271248538460203,0.0009391291488604667,0.02133481532885985,0.020332119389599744,0.6684639595067373,0.11397055422667318,0.75
full_pit,10,20,15.0,19,12,0.022611583086535048,0.021831739425855257,0.0036893351857191906,0.01892224790081586,0.018142404240136068,0.5198957737865282,0.10996620691790039,0.8333333333333334
full_pit,10,20,15.0,20,12,0.046256200140816515,0.045412699343263474,0.023620766871933496,0.02263543326888301,0.02179193247132998,0.562333865035351,0.0455361857324374,0.9166666666666666
full_pit,10,20,15.0,21,12,0.029303235621184916,0.028293273874190807,0.01764866569953046,0.011654569921654458,0.01064460817466035,0.6733078313294043,0.08697413762515399,0.75
full_pit,10,20,15.0,22,12,0.01882947233483096,0.017852025178444433,-0.0052093155615448306,0.024038787896375795,0.023061340739989267,0.651631437591019,0.0760271828877041,0.5833333333333334
full_pit,10,20,15.0,23,12,0.036083021114750674,0.03508073139899328,0.011364249019059759,0.02471877209569091,0.023716482379933523,0.6681931438382588,0.06332863614202379,0.8333333333333334
full_pit,10,20,15.0,24,12,-0.009681716788683417,-0.010742692348262325,-0.015160871258595915,0.005479154469912499,0.004418178910333589,0.7073170397192721,0.09372897955518482,0.5
full_pit,10,20,25.0,0,12,0.011403186977959799,0.009725346196187885,-0.0015129461854824517,0.012916133163442249,0.011238292381670336,0.6711363127087643,0.07514296632615489,0.5833333333333334
full_pit,10,20,25.0,1,12,0.01096897780739955,0.009671998233965416,0.004579247110098417,0.006389730697301134,0.005092751123867002,0.5187918293736525,0.1054999495009546,0.5833333333333334
full_pit,10,20,25.0,2,12,0.009569366641569323,0.008042316402417461,-0.007941705823594438,0.01751107246516376,0.0159840222260119,0.6108200956607445,0.10665628194949996,0.5
full_pit,10,20,25.0,3,12,0.02290647147136425,0.021809909485793658,0.01946951061593447,0.00343696085542978,0.00234039886985919,0.4386247942282362,0.012381301917771755,0.8333333333333334
full_pit,10,20,25.0,4,12,0.03664329537040366,0.03481800173672384,0.02947265962636761,0.007170635744036045,0.0053453421103562175,0.7301174534719305,0.04888342363299555,0.75
full_pit,10,20,25.0,5,12,0.020120309989959045,0.01856432066172881,-0.0013364753737426821,0.021456785363701728,0.01990079603547149,0.6223957312920931,0.11403599491050571,0.5833333333333334
full_pit,10,20,25.0,6,12,0.014909106318359905,0.013325388638073055,0.007775308409569085,0.00713379790879082,0.005550080228503969,0.6334870721147398,0.041646968122457946,0.5833333333333334
full_pit,10,20,25.0,7,12,0.021963638966386322,0.020347719812607554,0.011588685828869176,0.010374953137517143,0.008759033983738377,0.646367661511506,0.10031663967755235,0.6666666666666666
full_pit,10,20,25.0,8,12,0.024024267113029907,0.02224111237871783,0.007910752070852916,0.016113515042176996,0.014330360307864916,0.7132618937248306,0.12426114663212254,0.75
full_pit,10,20,25.0,9,12,0.03437087876129121,0.0328352015069343,0.012198440771286552,0.02217243799000466,0.02063676073564775,0.6142709017427644,0.10415388497579402,0.6666666666666666
full_pit,10,20,25.0,10,12,0.027240369056667425,0.025598257085643093,0.004606568654955156,0.02263380040171227,0.020991688430687938,0.6568447884097314,0.09240862918593007,0.75
full_pit,10,20,25.0,11,12,-0.011503527562763632,-0.013240298307518763,-0.021062320519165983,0.009558792956402355,0.007822022211647225,0.6947082979020512,0.0873166329659225,0.25
full_pit,10,20,25.0,12,12,0.017639540664922067,0.015999772437315516,0.0021216588074964293,0.015517881857425636,0.013878113629819088,0.6559072910426202,0.10980096246730477,0.5833333333333334
full_pit,10,20,25.0,13,12,0.00597902863230218,0.004401144613443499,-0.004652054978299351,0.010631083610601532,0.00905319959174285,0.6311536075434726,0.08304712425281449,0.4166666666666667
full_pit,10,20,25.0,14,12,0.015747585473928415,0.01397277671962162,-0.007814665669243158,0.023562251143171568,0.02178744238886478,0.7099235017227166,0.09534805023400036,0.5
full_pit,10,20,25.0,15,12,0.04801095392521978,0.046462815075737414,0.026453185978669917,0.021557767946549858,0.020009629097067484,0.6192555397929483,0.0879995281097013,0.75
full_pit,10,20,25.0,16,12,0.03532698244795439,0.0337425111425886,0.021893231946374988,0.013433750501579403,0.011849279196213624,0.6337885221463119,0.08135081269889426,0.75
full_pit,10,20,25.0,17,12,0.027556018632827566,0.025942578985929554,0.0020305219634791064,0.025525496669348457,0.023912057022450448,0.6453758587592039,0.10811020592799317,0.6666666666666666
full_pit,10,20,25.0,18,12,0.022273944477720315,0.020602784578953467,0.0009391291488604667,0.02133481532885985,0.019663655430093005,0.6684639595067373,0.11397055422667318,0.75
full_pit,10,20,25.0,19,12,0.022611583086535048,0.02131184365206873,0.0036893351857191906,0.01892224790081586,0.01762250846634954,0.5198957737865282,0.10996620691790039,0.8333333333333334
full_pit,10,20,25.0,20,12,0.046256200140816515,0.04485036547822813,0.023620766871933496,0.02263543326888301,0.021229598606294628,0.562333865035351,0.0455361857324374,0.9166666666666666
full_pit,10,20,25.0,21,12,0.029303235621184916,0.027619966042861405,0.01764866569953046,0.011654569921654458,0.009971300343330948,0.6733078313294043,0.08697413762515399,0.75
full_pit,10,20,25.0,22,12,0.01882947233483096,0.017200393740853415,-0.0052093155615448306,0.024038787896375795,0.02240970930239825,0.651631437591019,0.0760271828877041,0.5833333333333334
full_pit,10,20,25.0,23,12,0.036083021114750674,0.03441253825515502,0.011364249019059759,0.02471877209569091,0.023048289236095268,0.6681931438382588,0.06332863614202379,0.8333333333333334
full_pit,10,20,25.0,24,12,-0.009681716788683417,-0.011450009387981595,-0.015160871258595915,0.005479154469912499,0.0037108618706143182,0.7073170397192721,0.09372897955518482,0.5
full_pit,10,20,35.0,0,12,0.011403186977959799,0.009054209883479122,-0.0015129461854824517,0.012916133163442249,0.010567156068961575,0.6711363127087643,0.07514296632615489,0.5833333333333334
full_pit,10,20,35.0,1,12,0.01096897780739955,0.009153206404591763,0.004579247110098417,0.006389730697301134,0.00457395929449335,0.5187918293736525,0.1054999495009546,0.5833333333333334
full_pit,10,20,35.0,2,12,0.009569366641569323,0.007431496306756716,-0.007941705823594438,0.01751107246516376,0.015373202130351156,0.6108200956607445,0.10665628194949996,0.5
full_pit,10,20,35.0,3,12,0.02290647147136425,0.02137128469156542,0.01946951061593447,0.00343696085542978,0.0019017740756309537,0.4386247942282362,0.012381301917771755,0.8333333333333334
full_pit,10,20,35.0,4,12,0.03664329537040366,0.03408788428325191,0.02947265962636761,0.007170635744036045,0.004615224656884288,0.7301174534719305,0.04888342363299555,0.75
full_pit,10,20,35.0,5,12,0.020120309989959045,0.017941924930436712,-0.0013364753737426821,0.021456785363701728,0.019278400304179395,0.6223957312920931,0.11403599491050571,0.5833333333333334
full_pit,10,20,35.0,6,12,0.014909106318359905,0.012691901565958319,0.007775308409569085,0.00713379790879082,0.004916593156389231,0.6334870721147398,0.041646968122457946,0.5833333333333334
full_pit,10,20,35.0,7,12,0.021963638966386322,0.019701352151096047,0.011588685828869176,0.010374953137517143,0.008112666322226873,0.646367661511506,0.10031663967755235,0.6666666666666666
full_pit,10,20,35.0,8,12,0.024024267113029907,0.021527850484993002,0.007910752070852916,0.016113515042176996,0.01361709841414009,0.7132618937248306,0.12426114663212254,0.75
full_pit,10,20,35.0,9,12,0.03437087876129121,0.03222093060519154,0.012198440771286552,0.02217243799000466,0.02002248983390498,0.6142709017427644,0.10415388497579402,0.6666666666666666
full_pit,10,20,35.0,10,12,0.027240369056667425,0.024941412297233363,0.004606568654955156,0.02263380040171227,0.020334843642278205,0.6568447884097314,0.09240862918593007,0.75
full_pit,10,20,35.0,11,12,-0.011503527562763632,-0.01393500660542081,-0.021062320519165983,0.009558792956402355,0.007127313913745176,0.6947082979020512,0.0873166329659225,0.16666666666666666
full_pit,10,20,35.0,12,12,0.017639540664922067,0.0153438651462729,0.0021216588074964293,0.015517881857425636,0.013222206338776465,0.6559072910426202,0.10980096246730477,0.5833333333333334
full_pit,10,20,35.0,13,12,0.00597902863230218,0.0037699910059000273,-0.004652054978299351,0.010631083610601532,0.00842204598419938,0.6311536075434726,0.08304712425281449,0.4166666666666667
full_pit,10,20,35.0,14,12,0.015747585473928415,0.0132628532178989,-0.007814665669243158,0.023562251143171568,0.021077518887142058,0.7099235017227166,0.09534805023400036,0.5
full_pit,10,20,35.0,15,12,0.04801095392521978,0.04584355953594446,0.026453185978669917,0.021557767946549858,0.01939037355727454,0.6192555397929483,0.0879995281097013,0.75
full_pit,10,20,35.0,16,12,0.03532698244795439,0.033108722620442295,0.021893231946374988,0.013433750501579403,0.011215490674067312,0.6337885221463119,0.08135081269889426,0.75
full_pit,10,20,35.0,17,12,0.027556018632827566,0.025297203127170348,0.0020305219634791064,0.025525496669348457,0.023266681163691242,0.6453758587592039,0.10811020592799317,0.6666666666666666
full_pit,10,20,35.0,18,12,0.022273944477720315,0.019934320619446735,0.0009391291488604667,0.02133481532885985,0.01899519147058627,0.6684639595067373,0.11397055422667318,0.75
full_pit,10,20,35.0,19,12,0.022611583086535048,0.020791947878282202,0.0036893351857191906,0.01892224790081586,0.017102612692563014,0.5198957737865282,0.10996620691790039,0.8333333333333334
full_pit,10,20,35.0,20,12,0.046256200140816515,0.04428803161319277,0.023620766871933496,0.02263543326888301,0.020667264741259277,0.562333865035351,0.0455361857324374,0.9166666666666666
full_pit,10,20,35.0,21,12,0.029303235621184916,0.026946658211532,0.01764866569953046,0.011654569921654458,0.009297992512001542,0.6733078313294043,0.08697413762515399,0.75
full_pit,10,20,35.0,22,12,0.01882947233483096,0.016548762303262392,-0.0052093155615448306,0.024038787896375795,0.02175807786480723,0.651631437591019,0.0760271828877041,0.5
full_pit,10,20,35.0,23,12,0.036083021114750674,0.03374434511131676,0.011364249019059759,0.02471877209569091,0.022380096092257006,0.6681931438382588,0.06332863614202379,0.8333333333333334
full_pit,10,20,35.0,24,12,-0.009681716788683417,-0.01215732642770087,-0.015160871258595915,0.005479154469912499,0.0030035448308950463,0.7073170397192721,0.09372897955518482,0.5
full_pit,20,10,10.0,0,12,0.026445856976292564,0.02566471103216474,3.8911467927870334e-05,0.026406945508364695,0.02562579956423687,0.781145944127827,0.15801525660000165,0.75
full_pit,20,10,10.0,1,12,0.0128732888319672,0.012086063557103519,0.005908340999468573,0.006964947832498625,0.006177722557634946,0.7872252748636769,0.07988339730307277,0.5
full_pit,20,10,10.0,2,12,0.043967800029260845,0.04314183285142836,0.035124394359531096,0.008843405669729755,0.00801743849189727,0.8259671778324819,0.08390872386446742,0.6666666666666666
full_pit,20,10,10.0,3,12,0.043601246815268724,0.04284387954172761,0.0063879262799716495,0.03721332053529707,0.036455953261755956,0.7573672735411113,0.10091975953388063,0.6666666666666666
full_pit,20,10,10.0,4,12,0.028675687861417345,0.0278847344279886,0.019828298339002005,0.008847389522415343,0.008056436088986601,0.7909534334287457,0.10208565315596452,0.8333333333333334
full_pit,20,10,10.0,5,12,0.031151747617632907,0.03030236960980485,0.0066639141938571395,0.02448783342377577,0.02363845541594771,0.8493780078280572,0.1003519588719929,0.5833333333333334
full_pit,20,10,10.0,6,12,0.0099656097294474,0.009115609729447395,-0.022953660778765195,0.03291927050821259,0.03206927050821259,0.85,0.1371756758266674,0.4166666666666667
full_pit,20,10,10.0,7,12,0.06893665248635857,0.06814796525311047,0.0135300859747779,0.05540656651158068,0.05461787927833258,0.7886872332480898,0.0855527165603872,0.75
full_pit,20,10,10.0,8,12,0.08330510486701119,0.08249438612271694,0.05176212116001357,0.031542983706997624,0.03073226496270336,0.8107187442942551,0.07363353503918998,0.9166666666666666
full_pit,20,10,10.0,9,12,0.03136551526979683,0.03055991731548678,0.010892845607852366,0.02047266966194447,0.019667071707634418,0.8055979543100528,0.09724405920604627,0.75
full_pit,20,10,10.0,10,12,0.048508120602877874,0.04774196466956824,0.0387048579505738,0.00980326265230406,0.009037106718994431,0.7661559333096307,0.05641899260162163,0.75
full_pit,20,10,10.0,11,12,0.008827092740212534,0.007926414840264436,0.001420707581571437,0.007406385158641098,0.006505707258693001,0.9006778999480977,0.08528572059385593,0.4166666666666667
full_pit,20,10,10.0,12,12,0.012110339834354493,0.011269899844162372,-0.0027023809617381794,0.01481272079609268,0.01397228080590055,0.8404399901921288,0.08629583067741951,0.5833333333333334
full_pit,20,10,15.0,0,12,0.026445856976292564,0.025274138060100825,3.8911467927870334e-05,0.026406945508364695,0.02523522659217296,0.781145944127827,0.15801525660000165,0.75
full_pit,20,10,15.0,1,12,0.0128732888319672,0.011692450919671684,0.005908340999468573,0.006964947832498625,0.005784109920203108,0.7872252748636769,0.07988339730307277,0.5
full_pit,20,10,15.0,2,12,0.043967800029260845,0.042728849262512116,0.035124394359531096,0.008843405669729755,0.007604454902981029,0.8259671778324819,0.08390872386446742,0.6666666666666666
full_pit,20,10,15.0,3,12,0.043601246815268724,0.04246519590495706,0.0063879262799716495,0.03721332053529707,0.03607726962498541,0.7573672735411113,0.10091975953388063,0.6666666666666666
full_pit,20,10,15.0,4,12,0.028675687861417345,0.027489257711274223,0.019828298339002005,0.008847389522415343,0.0076609593722722245,0.7909534334287457,0.10208565315596452,0.8333333333333334
full_pit,20,10,15.0,5,12,0.031151747617632907,0.029877680605890817,0.0066639141938571395,0.02448783342377577,0.023213766412033682,0.8493780078280572,0.1003519588719929,0.5833333333333334
full_pit,20,10,15.0,6,12,0.0099656097294474,0.008690609729447398,-0.022953660778765195,0.03291927050821259,0.03164427050821259,0.85,0.1371756758266674,0.4166666666666667
full_pit,20,10,15.0,7,12,0.06893665248635857,0.06775362163648642,0.0135300859747779,0.05540656651158068,0.05422353566170853,0.7886872332480898,0.0855527165603872,0.75
full_pit,20,10,15.0,8,12,0.08330510486701119,0.0820890267505698,0.05176212116001357,0.031542983706997624,0.030326905590556234,0.8107187442942551,0.07363353503918998,0.9166666666666666
full_pit,20,10,15.0,9,12,0.03136551526979683,0.030157118338331748,0.010892845607852366,0.02047266966194447,0.01926427273047939,0.8055979543100528,0.09724405920604627,0.75
full_pit,20,10,15.0,10,12,0.048508120602877874,0.04735888670291342,0.0387048579505738,0.00980326265230406,0.008654028752339614,0.7661559333096307,0.05641899260162163,0.75
full_pit,20,10,15.0,11,12,0.008827092740212534,0.007476075890290386,0.001420707581571437,0.007406385158641098,0.006055368308718952,0.9006778999480977,0.08528572059385593,0.4166666666666667
full_pit,20,10,15.0,12,12,0.012110339834354493,0.01084967984906631,-0.0027023809617381794,0.01481272079609268,0.013552060810804482,0.8404399901921288,0.08629583067741951,0.5833333333333334
full_pit,20,10,25.0,0,12,0.026445856976292564,0.024492992115973,3.8911467927870334e-05,0.026406945508364695,0.024454080648045124,0.781145944127827,0.15801525660000165,0.75
full_pit,20,10,25.0,1,12,0.0128732888319672,0.010905225644808005,0.005908340999468573,0.006964947832498625,0.004996884645339432,0.7872252748636769,0.07988339730307277,0.5
full_pit,20,10,25.0,2,12,0.043967800029260845,0.04190288208467965,0.035124394359531096,0.008843405669729755,0.006778487725148548,0.8259671778324819,0.08390872386446742,0.6666666666666666
full_pit,20,10,25.0,3,12,0.043601246815268724,0.04170782863141594,0.0063879262799716495,0.03721332053529707,0.0353199023514443,0.7573672735411113,0.10091975953388063,0.6666666666666666
full_pit,20,10,25.0,4,12,0.028675687861417345,0.026698304277845485,0.019828298339002005,0.008847389522415343,0.006870005938843476,0.7909534334287457,0.10208565315596452,0.8333333333333334
full_pit,20,10,25.0,5,12,0.031151747617632907,0.029028302598062748,0.0066639141938571395,0.02448783342377577,0.022364388404205623,0.8493780078280572,0.1003519588719929,0.5833333333333334
full_pit,20,10,25.0,6,12,0.0099656097294474,0.007840609729447398,-0.022953660778765195,0.03291927050821259,0.030794270508212592,0.85,0.1371756758266674,0.4166666666666667
full_pit,20,10,25.0,7,12,0.06893665248635857,0.06696493440323835,0.0135300859747779,0.05540656651158068,0.05343484842846044,0.7886872332480898,0.0855527165603872,0.75
full_pit,20,10,25.0,8,12,0.08330510486701119,0.08127830800627554,0.05176212116001357,0.031542983706997624,0.029516186846261977,0.8107187442942551,0.07363353503918998,0.9166666666666666
full_pit,20,10,25.0,9,12,0.03136551526979683,0.029351520384021706,0.010892845607852366,0.02047266966194447,0.018458674776169335,0.8055979543100528,0.09724405920604627,0.75
full_pit,20,10,25.0,10,12,0.048508120602877874,0.046592730769603796,0.0387048579505738,0.00980326265230406,0.007887872819029982,0.7661559333096307,0.05641899260162163,0.75
full_pit,20,10,25.0,11,12,0.008827092740212534,0.006575397990342288,0.001420707581571437,0.007406385158641098,0.005154690408770854,0.9006778999480977,0.08528572059385593,0.4166666666666667
full_pit,20,10,25.0,12,12,0.012110339834354493,0.010009239858874175,-0.0027023809617381794,0.01481272079609268,0.012711620820612356,0.8404399901921288,0.08629583067741951,0.5833333333333334
full_pit,20,10,35.0,0,12,0.026445856976292564,0.023711846171845172,3.8911467927870334e-05,0.026406945508364695,0.023672934703917303,0.781145944127827,0.15801525660000165,0.6666666666666666
full_pit,20,10,35.0,1,12,0.0128732888319672,0.010118000369944329,0.005908340999468573,0.006964947832498625,0.004209659370475756,0.7872252748636769,0.07988339730307277,0.5
full_pit,20,10,35.0,2,12,0.043967800029260845,0.041076914906847166,0.035124394359531096,0.008843405669729755,0.005952520547316066,0.8259671778324819,0.08390872386446742,0.6666666666666666
full_pit,20,10,35.0,3,12,0.043601246815268724,0.040950461357874834,0.0063879262799716495,0.03721332053529707,0.034562535077903196,0.7573672735411113,0.10091975953388063,0.6666666666666666
full_pit,20,10,35.0,4,12,0.028675687861417345,0.02590735084441674,0.019828298339002005,0.008847389522415343,0.006079052505414732,0.7909534334287457,0.10208565315596452,0.8333333333333334
full_pit,20,10,35.0,5,12,0.031151747617632907,0.0281789245902347,0.0066639141938571395,0.02448783342377577,0.021515010396377567,0.8493780078280572,0.1003519588719929,0.5833333333333334
full_pit,20,10,35.0,6,12,0.0099656097294474,0.006990609729447394,-0.022953660778765195,0.03291927050821259,0.029944270508212592,0.85,0.1371756758266674,0.4166666666666667
full_pit,20,10,35.0,7,12,0.06893665248635857,0.06617624716999025,0.0135300859747779,0.05540656651158068,0.052646161195212364,0.7886872332480898,0.0855527165603872,0.75
full_pit,20,10,35.0,8,12,0.08330510486701119,0.08046758926198129,0.05176212116001357,0.031542983706997624,0.028705468101967734,0.8107187442942551,0.07363353503918998,0.9166666666666666
full_pit,20,10,35.0,9,12,0.03136551526979683,0.028545922429711653,0.010892845607852366,0.02047266966194447,0.017653076821859286,0.8055979543100528,0.09724405920604627,0.75
full_pit,20,10,35.0,10,12,0.048508120602877874,0.04582657483629416,0.0387048579505738,0.00980326265230406,0.007121716885720354,0.7661559333096307,0.05641899260162163,0.75
full_pit,20,10,35.0,11,12,0.008827092740212534,0.005674720090394191,0.001420707581571437,0.007406385158641098,0.004254012508822754,0.9006778999480977,0.08528572059385593,0.4166666666666667
full_pit,20,10,35.0,12,12,0.012110339834354493,0.009168799868682048,-0.0027023809617381794,0.01481272079609268,0.01187118083042023,0.8404399901921288,0.08629583067741951,0.5833333333333334
full_pit,20,20,10.0,0,12,0.03146625211423746,0.030770895760047313,3.8911467927870334e-05,0.031427340646309594,0.030731984292119447,0.695356354190142,0.15801525660000165,0.75
full_pit,20,20,10.0,1,12,0.030525493163080602,0.029839812305372342,0.005908340999468573,0.024617152163612026,0.023931471305903767,0.6856808577082671,0.07988339730307277,0.75
full_pit,20,20,10.0,2,12,0.0468605743477206,0.046120929726419596,0.035124394359531096,0.011736179988189507,0.010996535366888507,0.7396446213010005,0.08390872386446742,0.75
full_pit,20,20,10.0,3,12,0.03443701737062311,0.033700703882888074,0.0063879262799716495,0.028049091090651453,0.027312777602916418,0.736313487735032,0.10091975953388063,0.6666666666666666
full_pit,20,20,10.0,4,12,0.03905462952993343,0.03833355172339028,0.019828298339002005,0.019226331190931433,0.01850525338438828,0.7210778065431485,0.10208565315596452,0.8333333333333334
full_pit,20,20,10.0,5,12,0.020070780939771164,0.0192944588478767,0.0066639141938571395,0.013406866745914028,0.012630544654019561,0.7763220918944668,0.1003519588719929,0.6666666666666666
full_pit,20,20,10.0,6,12,0.007172803923937751,0.006346431042256736,-0.022953660778765195,0.030126464702702943,0.02930009182102193,0.8263728816810163,0.1371756758266674,0.5
full_pit,20,20,10.0,7,12,0.06312409405638493,0.06240173740337562,0.0135300859747779,0.04959400808160704,0.04887165142859772,0.7223566530093076,0.0855527165603872,0.75
full_pit,20,20,10.0,8,12,0.0817993521835353,0.08107423708296584,0.05176212116001357,0.03003723102352175,0.02931211592295227,0.7251151005694755,0.07363353503918998,1.0
full_pit,20,20,10.0,9,12,0.030884835192939043,0.030148380020422805,0.010892845607852366,0.019991989585086672,0.01925553441257044,0.7364551725162333,0.09724405920604627,0.75
full_pit,20,20,10.0,10,12,0.05959537016485535,0.05891774377179176,0.0387048579505738,0.02089051221428155,0.020212885821217934,0.6776263930636163,0.05641899260162163,0.9166666666666666
full_pit,20,20,10.0,11,12,0.013753918976968526,0.0129256754572031,0.001420707581571437,0.012333211395397087,0.01150496787563166,0.8282435197654262,0.08528572059385593,0.5833333333333334
full_pit,20,20,10.0,12,12,0.012466054378122426,0.011653613615075928,-0.0027023809617381794,0.015168435339860608,0.014355994576814112,0.8124407630464959,0.08629583067741951,0.6666666666666666
full_pit,20,20,15.0,0,12,0.03146625211423746,0.030423217582952244,3.8911467927870334e-05,0.031427340646309594,0.03038430611502438,0.695356354190142,0.15801525660000165,0.75
full_pit,20,20,15.0,1,12,0.030525493163080602,0.029496971876518202,0.005908340999468573,0.024617152163612026,0.023588630877049627,0.6856808577082671,0.07988339730307277,0.75
full_pit,20,20,15.0,2,12,0.0468605743477206,0.045751107415769106,0.035124394359531096,0.011736179988189507,0.010626713056238008,0.7396446213010005,0.08390872386446742,0.75
full_pit,20,20,15.0,3,12,0.03443701737062311,0.033332547139020556,0.0063879262799716495,0.028049091090651453,0.026944620859048904,0.736313487735032,0.10091975953388063,0.6666666666666666
full_pit,20,20,15.0,4,12,0.03905462952993343,0.037973012820118716,0.019828298339002005,0.019226331190931433,0.018144714481116705,0.7210778065431485,0.10208565315596452,0.8333333333333334
full_pit,20,20,15.0,5,12,0.020070780939771164,0.018906297801929466,0.0066639141938571395,0.013406866745914028,0.012242383608072331,0.7763220918944668,0.1003519588719929,0.6666666666666666
full_pit,20,20,15.0,6,12,0.007172803923937751,0.005933244601416229,-0.022953660778765195,0.030126464702702943,0.02888690538018142,0.8263728816810163,0.1371756758266674,0.4166666666666667
full_pit,20,20,15.0,7,12,0.06312409405638493,0.06204055907687098,0.0135300859747779,0.04959400808160704,0.048510473102093075,0.7223566530093076,0.0855527165603872,0.75
full_pit,20,20,15.0,8,12,0.0817993521835353,0.08071167953268112,0.05176212116001357,0.03003723102352175,0.02894955837266754,0.7251151005694755,0.07363353503918998,1.0
full_pit,20,20,15.0,9,12,0.030884835192939043,0.02978015243416469,0.010892845607852366,0.019991989585086672,0.01888730682631232,0.7364551725162333,0.09724405920604627,0.75
full_pit,20,20,15.0,10,12,0.05959537016485535,0.05857893057525993,0.0387048579505738,0.02089051221428155,0.019874072624686125,0.6776263930636163,0.05641899260162163,0.9166666666666666
full_pit,20,20,15.0,11,12,0.013753918976968526,0.012511553697320382,0.001420707581571437,0.012333211395397087,0.011090846115748948,0.8282435197654262,0.08528572059385593,0.5833333333333334
full_pit,20,20,15.0,12,12,0.012466054378122426,0.011247393233552694,-0.0027023809617381794,0.015168435339860608,0.013949774195290865,0.8124407630464959,0.08629583067741951,0.6666666666666666
full_pit,20,20,25.0,0,12,0.03146625211423746,0.029727861228762104,3.8911467927870334e-05,0.031427340646309594,0.02968894976083423,0.695356354190142,0.15801525660000165,0.75
full_pit,20,20,25.0,1,12,0.030525493163080602,0.028811291018809932,0.005908340999468573,0.024617152163612026,0.022902950019341357,0.6856808577082671,0.07988339730307277,0.6666666666666666
full_pit,20,20,25.0,2,12,0.0468605743477206,0.045011462794468104,0.035124394359531096,0.011736179988189507,0.009887068434937007,0.7396446213010005,0.08390872386446742,0.75
full_pit,20,20,25.0,3,12,0.03443701737062311,0.03259623365128552,0.0063879262799716495,0.028049091090651453,0.026208307371313872,0.736313487735032,0.10091975953388063,0.6666666666666666
full_pit,20,20,25.0,4,12,0.03905462952993343,0.037251935013575564,0.019828298339002005,0.019226331190931433,0.017423636674573563,0.7210778065431485,0.10208565315596452,0.8333333333333334
full_pit,20,20,25.0,5,12,0.020070780939771164,0.018129975710035,0.0066639141938571395,0.013406866745914028,0.011466061516177859,0.7763220918944668,0.1003519588719929,0.6666666666666666
full_pit,20,20,25.0,6,12,0.007172803923937751,0.0051068717197352105,-0.022953660778765195,0.030126464702702943,0.028060532498500396,0.8263728816810163,0.1371756758266674,0.4166666666666667
full_pit,20,20,25.0,7,12,0.06312409405638493,0.061318202423861656,0.0135300859747779,0.04959400808160704,0.04778811644908377,0.7223566530093076,0.0855527165603872,0.75
full_pit,20,20,25.0,8,12,0.0817993521835353,0.07998656443211162,0.05176212116001357,0.03003723102352175,0.028224443272098065,0.7251151005694755,0.07363353503918998,1.0
full_pit,20,20,25.0,9,12,0.030884835192939043,0.02904369726164845,0.010892845607852366,0.019991989585086672,0.018150851653796086,0.7364551725162333,0.09724405920604627,0.75
full_pit,20,20,25.0,10,12,0.05959537016485535,0.05790130418219632,0.0387048579505738,0.02089051221428155,0.019196446231622512,0.6776263930636163,0.05641899260162163,0.9166666666666666
full_pit,20,20,25.0,11,12,0.013753918976968526,0.011683310177554954,0.001420707581571437,0.012333211395397087,0.010262602595983522,0.8282435197654262,0.08528572059385593,0.5833333333333334
full_pit,20,20,25.0,12,12,0.012466054378122426,0.010434952470506189,-0.0027023809617381794,0.015168435339860608,0.013137333432244372,0.8124407630464959,0.08629583067741951,0.6666666666666666
full_pit,20,20,35.0,0,12,0.03146625211423746,0.02903250487457196,3.8911467927870334e-05,0.031427340646309594,0.02899359340664409,0.695356354190142,0.15801525660000165,0.75
full_pit,20,20,35.0,1,12,0.030525493163080602,0.028125610161101666,0.005908340999468573,0.024617152163612026,0.02221726916163309,0.6856808577082671,0.07988339730307277,0.6666666666666666
full_pit,20,20,35.0,2,12,0.0468605743477206,0.0442718181731671,0.035124394359531096,0.011736179988189507,0.009147423813636006,0.7396446213010005,0.08390872386446742,0.75
full_pit,20,20,35.0,3,12,0.03443701737062311,0.031859920163550486,0.0063879262799716495,0.028049091090651453,0.025471993883578844,0.736313487735032,0.10091975953388063,0.6666666666666666
full_pit,20,20,35.0,4,12,0.03905462952993343,0.03653085720703241,0.019828298339002005,0.019226331190931433,0.01670255886803041,0.7210778065431485,0.10208565315596452,0.8333333333333334
full_pit,20,20,35.0,5,12,0.020070780939771164,0.017353653618140535,0.0066639141938571395,0.013406866745914028,0.010689739424283399,0.7763220918944668,0.1003519588719929,0.6666666666666666
full_pit,20,20,35.0,6,12,0.007172803923937751,0.004280498838054195,-0.022953660778765195,0.030126464702702943,0.02723415961681939,0.8263728816810163,0.1371756758266674,0.4166666666666667
full_pit,20,20,35.0,7,12,0.06312409405638493,0.06059584577085234,0.0135300859747779,0.04959400808160704,0.04706575979607445,0.7223566530093076,0.0855527165603872,0.75
full_pit,20,20,35.0,8,12,0.0817993521835353,0.07926144933154215,0.05176212116001357,0.03003723102352175,0.027499328171528586,0.7251151005694755,0.07363353503918998,1.0
full_pit,20,20,35.0,9,12,0.030884835192939043,0.028307242089132222,0.010892845607852366,0.019991989585086672,0.01741439648127986,0.7364551725162333,0.09724405920604627,0.75
full_pit,20,20,35.0,10,12,0.05959537016485535,0.057223677789132704,0.0387048579505738,0.02089051221428155,0.018518819838558895,0.6776263930636163,0.05641899260162163,0.9166666666666666
full_pit,20,20,35.0,11,12,0.013753918976968526,0.010855066657789535,0.001420707581571437,0.012333211395397087,0.009434359076218098,0.8282435197654262,0.08528572059385593,0.5833333333333334
full_pit,20,20,35.0,12,12,0.012466054378122426,0.009622511707459695,-0.0027023809617381794,0.015168435339860608,0.012324892669197875,0.8124407630464959,0.08629583067741951,0.6666666666666666
large,10,10,10.0,0,12,-0.0029398749067547562,-0.003537166566020508,-0.00492484239421525,0.001984967487460493,0.0013876758281947414,0.5972916592657523,0.08055993933586818,0.5
large,10,10,10.0,1,12,0.010993110452570376,0.010390562790968927,0.007977326029238195,0.0030157844233321793,0.0024132367617307336,0.602547661601445,0.012373847438704256,0.5
large,10,10,10.0,2,12,-0.00531126308288078,-0.005880839052017574,-0.003218221080688455,-0.002093042002192324,-0.002662617971329119,0.5695759691367918,0.01680170877154505,0.5
large,10,10,10.0,3,12,0.013509386395304017,0.012918315686912464,0.015240109669408704,-0.0017307232741046868,-0.0023217939824962393,0.5910707083915528,-0.05717170635533206,0.8333333333333334
large,10,10,10.0,4,12,0.013079863034201179,0.012499768296105348,0.018273534999592753,-0.0051936719653915735,-0.005773766703487408,0.5800947380958345,0.044317204174232266,0.6666666666666666
large,10,10,10.0,5,12,0.01444789909828703,0.01388285417748517,-0.0007537691798244662,0.015201668278111495,0.014636623357309636,0.5650449208018596,0.07908539819987491,0.5833333333333334
large,10,10,10.0,6,12,0.013371183820097244,0.012773366697859986,-0.0016701434369617747,0.015041327257059022,0.014443510134821763,0.5978171222372587,0.015068964963738843,0.5
large,10,10,10.0,7,12,0.012469378931081694,0.011871819750202744,0.01325371786131268,-0.0007843389302309873,-0.0013818981111099378,0.5975591808789509,-0.0033582348645536074,0.8333333333333334
large,10,10,10.0,8,12,0.010252523009596512,0.009496438709234297,0.0027780828232373575,0.007474440186359155,0.006718355885996939,0.756084300362215,0.0535622859581478,0.6666666666666666
large,10,10,10.0,9,12,0.010308153838908094,0.009616675671692327,0.009050461920142862,0.0012576919187652314,0.000566213751549465,0.6914781672157648,0.0054288475851159,0.5833333333333334
large,10,10,10.0,10,12,-0.003000990670415571,-0.0036105243658647395,0.003969589732092022,-0.006970580402507594,-0.0075801140979567605,0.6095336954491656,-0.06070045962591319,0.5833333333333334
large,10,10,10.0,11,12,-0.01600606570670155,-0.016559817970567253,-0.01049091215044679,-0.0055151535562547585,-0.006068905820120463,0.5537522638657023,0.0501305927340133,0.3333333333333333
large,10,10,10.0,12,12,-6.902617997117204e-05,-0.0005412668011589988,0.004493806513658164,-0.004562832693629336,-0.005035073314817164,0.4722406211878278,0.021237764959231305,0.4166666666666667
large,10,10,10.0,13,12,-0.014297895694806642,-0.014847103952714972,0.0013019633855814376,-0.015599859080388074,-0.016149067338296404,0.5492082579083283,-0.042609097330881314,0.3333333333333333
large,10,10,10.0,14,12,-0.009287289229718674,-0.009994451566805083,-0.006959187292683892,-0.0023281019370347818,-0.0030352642741211903,0.7071623370864059,-0.046492030313481904,0.6666666666666666
large,10,10,10.0,15,12,0.020135221483662914,0.019484442098910464,0.025649399375833742,-0.00551417789217083,-0.006164957276923278,0.6507793847524485,-0.018575739600407964,0.5
large,10,10,10.0,16,12,0.027154523605977407,0.02657649360020445,0.013669227488663687,0.013485296117313722,0.012907266111540758,0.5780300057729663,0.043868862201240644,0.75
large,10,10,10.0,17,12,-0.0017314475719494753,-0.0023571311485611817,-0.0026771926774708933,0.0009457451055214184,0.0003200615289097126,0.6256835766117078,0.0005959077677590537,0.4166666666666667
large,10,10,10.0,18,12,0.010523076688671031,0.009911970786649049,8.815883332962281e-05,0.010434917855341404,0.009823811953319423,0.6111059020219806,0.05022011954802129,0.5833333333333334
large,10,10,10.0,19,12,-0.010215869221917409,-0.010827189490480081,0.001117972555553239,-0.011333841777470648,-0.011945162046033318,0.6113202685626721,-0.01681884550329746,0.3333333333333333
large,10,10,10.0,20,12,0.03167649730362197,0.03096225356047896,0.021281056033255464,0.010395441270366507,0.00968119752722349,0.7142437431430196,0.0035248819366585815,0.8333333333333334
large,10,10,10.0,21,12,0.03421813095702211,0.033510690670091756,0.021061421227261064,0.013156709729761039,0.012449269442830693,0.7074402869303418,0.020570706675521994,0.75
large,10,10,10.0,22,12,-0.006974217459301952,-0.007500950853109856,-0.008537874924372102,0.0015636574650701514,0.001036924071262246,0.526733393807905,-0.0032692257287322713,0.4166666666666667
large,10,10,10.0,23,12,0.02067232661114145,0.01998234606632384,0.01158018125402781,0.009092145357113642,0.008402164812296034,0.6899805448176061,0.03218276859316223,0.6666666666666666
large,10,10,10.0,24,12,0.006019314014009809,0.00536188629085291,-0.006069054561613906,0.012088368575623716,0.011430940852466818,0.657427723156898,0.1156801775570684,0.4166666666666667
large,10,10,15.0,0,12,-0.0029398749067547562,-0.0038358123956533843,-0.00492484239421525,0.001984967487460493,0.0010890299985618643,0.5972916592657523,0.08055993933586818,0.5
large,10,10,15.0,1,12,0.010993110452570376,0.010089288960168207,0.007977326029238195,0.0030157844233321793,0.0021119629309300125,0.602547661601445,0.012373847438704256,0.5
large,10,10,15.0,2,12,-0.00531126308288078,-0.006165627036585968,-0.003218221080688455,-0.002093042002192324,-0.002947405955897513,0.5695759691367918,0.01680170877154505,0.5
large,10,10,15.0,3,12,0.013509386395304017,0.012622780332716688,0.015240109669408704,-0.0017307232741046868,-0.002617329336692016,0.5910707083915528,-0.05717170635533206,0.75
large,10,10,15.0,4,12,0.013079863034201179,0.012209720927057424,0.018273534999592753,-0.0051936719653915735,-0.006063814072535326,0.5800947380958345,0.044317204174232266,0.6666666666666666
large,10,10,15.0,5,12,0.01444789909828703,0.013600331717084241,-0.0007537691798244662,0.015201668278111495,0.014354100896908709,0.5650449208018596,0.07908539819987491,0.5833333333333334
large,10,10,15.0,6,12,0.013371183820097244,0.012474458136741357,-0.0016701434369617747,0.015041327257059022,0.014144601573703133,0.5978171222372587,0.015068964963738843,0.5
large,10,10,15.0,7,12,0.012469378931081694,0.011573040159763267,0.01325371786131268,-0.0007843389302309873,-0.0016806777015494134,0.5975591808789509,-0.0033582348645536074,0.8333333333333334
large,10,10,15.0,8,12,0.010252523009596512,0.00911839655905319,0.0027780828232373575,0.007474440186359155,0.006340313735815831,0.756084300362215,0.0535622859581478,0.6666666666666666
large,10,10,15.0,9,12,0.010308153838908094,0.009270936588084444,0.009050461920142862,0.0012576919187652314,0.00022047466794158344,0.6914781672157648,0.0054288475851159,0.5833333333333334
large,10,10,15.0,10,12,-0.003000990670415571,-0.003915291213589322,0.003969589732092022,-0.006970580402507594,-0.007884880945681344,0.6095336954491656,-0.06070045962591319,0.5833333333333334
large,10,10,15.0,11,12,-0.01600606570670155,-0.0168366941025001,-0.01049091215044679,-0.0055151535562547585,-0.006345781952053314,0.5537522638657023,0.0501305927340133,0.3333333333333333
large,10,10,15.0,12,12,-6.902617997117204e-05,-0.0007773871117529146,0.004493806513658164,-0.004562832693629336,-0.0052711936254110775,0.4722406211878278,0.021237764959231305,0.4166666666666667
large,10,10,15.0,13,12,-0.014297895694806642,-0.015121708081669129,0.0013019633855814376,-0.015599859080388074,-0.01642367146725057,0.5492082579083283,-0.042609097330881314,0.3333333333333333
large,10,10,15.0,14,12,-0.009287289229718674,-0.01034803273534829,-0.006959187292683892,-0.0023281019370347818,-0.0033888454426643905,0.7071623370864059,-0.046492030313481904,0.5833333333333334
large,10,10,15.0,15,12,0.020135221483662914,0.01915905240653424,0.025649399375833742,-0.00551417789217083,-0.006490346969299503,0.6507793847524485,-0.018575739600407964,0.5
large,10,10,15.0,16,12,0.027154523605977407,0.026287478597317962,0.013669227488663687,0.013485296117313722,0.012618251108654272,0.5780300057729663,0.043868862201240644,0.75
large,10,10,15.0,17,12,-0.0017314475719494753,-0.0026699729368670384,-0.0026771926774708933,0.0009457451055214184,7.219740603855301e-06,0.6256835766117078,0.0005959077677590537,0.4166666666666667
large,10,10,15.0,18,12,0.010523076688671031,0.009606417835638056,8.815883332962281e-05,0.010434917855341404,0.009518259002308432,0.6111059020219806,0.05022011954802129,0.5833333333333334
large,10,10,15.0,19,12,-0.010215869221917409,-0.011132849624761418,0.001117972555553239,-0.011333841777470648,-0.012250822180314655,0.6113202685626721,-0.01681884550329746,0.3333333333333333
large,10,10,15.0,20,12,0.03167649730362197,0.030605131688907442,0.021281056033255464,0.010395441270366507,0.009324075655651978,0.7142437431430196,0.0035248819366585815,0.8333333333333334
large,10,10,15.0,21,12,0.03421813095702211,0.03315697052662659,0.021061421227261064,0.013156709729761039,0.012095549299365528,0.7074402869303418,0.020570706675521994,0.75
large,10,10,15.0,22,12,-0.006974217459301952,-0.007764317550013809,-0.008537874924372102,0.0015636574650701514,0.0007735573743582949,0.526733393807905,-0.0032692257287322713,0.4166666666666667
large,10,10,15.0,23,12,0.02067232661114145,0.019637355793915044,0.01158018125402781,0.009092145357113642,0.008057174539887232,0.6899805448176061,0.03218276859316223,0.6666666666666666
large,10,10,15.0,24,12,0.006019314014009809,0.005033172429274461,-0.006069054561613906,0.012088368575623716,0.01110222699088837,0.657427723156898,0.1156801775570684,0.4166666666666667
large,10,10,25.0,0,12,-0.0029398749067547562,-0.004433104054919138,-0.00492484239421525,0.001984967487460493,0.0004917383392961123,0.5972916592657523,0.08055993933586818,0.5
large,10,10,25.0,1,12,0.010993110452570376,0.009486741298566762,0.007977326029238195,0.0030157844233321793,0.0015094152693285675,0.602547661601445,0.012373847438704256,0.5
large,10,10,25.0,2,12,-0.00531126308288078,-0.00673520300572276,-0.003218221080688455,-0.002093042002192324,-0.003516981925034303,0.5695759691367918,0.01680170877154505,0.5
large,10,10,25.0,3,12,0.013509386395304017,0.012031709624325135,0.015240109669408704,-0.0017307232741046868,-0.0032084000450835703,0.5910707083915528,-0.05717170635533206,0.75
large,10,10,25.0,4,12,0.013079863034201179,0.011629626188961593,0.018273534999592753,-0.0051936719653915735,-0.00664390881063116,0.5800947380958345,0.044317204174232266,0.6666666666666666
large,10,10,25.0,5,12,0.01444789909828703,0.01303528679628238,-0.0007537691798244662,0.015201668278111495,0.013789055976106848,0.5650449208018596,0.07908539819987491,0.5833333333333334
large,10,10,25.0,6,12,0.013371183820097244,0.011876641014504094,-0.0016701434369617747,0.015041327257059022,0.01354678445146587,0.5978171222372587,0.015068964963738843,0.5
large,10,10,25.0,7,12,0.012469378931081694,0.010975480978884315,0.01325371786131268,-0.0007843389302309873,-0.002278236882428365,0.5975591808789509,-0.0033582348645536074,0.6666666666666666
large,10,10,25.0,8,12,0.010252523009596512,0.008362312258690975,0.0027780828232373575,0.007474440186359155,0.005584229435453616,0.756084300362215,0.0535622859581478,0.6666666666666666
large,10,10,25.0,9,12,0.010308153838908094,0.008579458420868682,0.009050461920142862,0.0012576919187652314,-0.00047100349927417924,0.6914781672157648,0.0054288475851159,0.5833333333333334
large,10,10,25.0,10,12,-0.003000990670415571,-0.004524824909038486,0.003969589732092022,-0.006970580402507594,-0.008494414641130507,0.6095336954491656,-0.06070045962591319,0.5833333333333334
large,10,10,25.0,11,12,-0.01600606570670155,-0.017390446366365803,-0.01049091215044679,-0.0055151535562547585,-0.006899534215919013,0.5537522638657023,0.0501305927340133,0.3333333333333333
large,10,10,25.0,12,12,-6.902617997117204e-05,-0.001249627732940739,0.004493806513658164,-0.004562832693629336,-0.005743434246598902,0.4722406211878278,0.021237764959231305,0.4166666666666667
large,10,10,25.0,13,12,-0.014297895694806642,-0.015670916339577463,0.0013019633855814376,-0.015599859080388074,-0.016972879725158898,0.5492082579083283,-0.042609097330881314,0.3333333333333333
large,10,10,25.0,14,12,-0.009287289229718674,-0.011055195072434689,-0.006959187292683892,-0.0023281019370347818,-0.004096007779750797,0.7071623370864059,-0.046492030313481904,0.5833333333333334
large,10,10,25.0,15,12,0.020135221483662914,0.01850827302178179,0.025649399375833742,-0.00551417789217083,-0.007141126354051952,0.6507793847524485,-0.018575739600407964,0.5
large,10,10,25.0,16,12,0.027154523605977407,0.025709448591545,0.013669227488663687,0.013485296117313722,0.01204022110288131,0.5780300057729663,0.043868862201240644,0.75
large,10,10,25.0,17,12,-0.0017314475719494753,-0.0032956565134787453,-0.0026771926774708933,0.0009457451055214184,-0.000618463836007852,0.6256835766117078,0.0005959077677590537,0.4166666666666667
large,10,10,25.0,18,12,0.010523076688671031,0.008995311933616074,8.815883332962281e-05,0.010434917855341404,0.008907153100286454,0.6111059020219806,0.05022011954802129,0.5833333333333334
large,10,10,25.0,19,12,-0.010215869221917409,-0.011744169893324089,0.001117972555553239,-0.011333841777470648,-0.01286214244887733,0.6113202685626721,-0.01681884550329746,0.3333333333333333
large,10,10,25.0,20,12,0.03167649730362197,0.029890887945764427,0.021281056033255464,0.010395441270366507,0.00860983191250896,0.7142437431430196,0.0035248819366585815,0.8333333333333334
large,10,10,25.0,21,12,0.03421813095702211,0.032449530239696246,0.021061421227261064,0.013156709729761039,0.011388109012435187,0.7074402869303418,0.020570706675521994,0.75
large,10,10,25.0,22,12,-0.006974217459301952,-0.008291050943821715,-0.008537874924372102,0.0015636574650701514,0.00024682398055038933,0.526733393807905,-0.0032692257287322713,0.3333333333333333
large,10,10,25.0,23,12,0.02067232661114145,0.01894737524909744,0.01158018125402781,0.009092145357113642,0.007367193995069628,0.6899805448176061,0.03218276859316223,0.6666666666666666
large,10,10,25.0,24,12,0.006019314014009809,0.004375744706117565,-0.006069054561613906,0.012088368575623716,0.010444799267731472,0.657427723156898,0.1156801775570684,0.4166666666666667
large,10,10,35.0,0,12,-0.0029398749067547562,-0.005030395714184889,-0.00492484239421525,0.001984967487460493,-0.00010555331996964033,0.5972916592657523,0.08055993933586818,0.5
large,10,10,35.0,1,12,0.010993110452570376,0.008884193636965318,0.007977326029238195,0.0030157844233321793,0.0009068676077271222,0.602547661601445,0.012373847438704256,0.5
large,10,10,35.0,2,12,-0.00531126308288078,-0.0073047789748595495,-0.003218221080688455,-0.002093042002192324,-0.004086557894171095,0.5695759691367918,0.01680170877154505,0.5
large,10,10,35.0,3,12,0.013509386395304017,0.011440638915933582,0.015240109669408704,-0.0017307232741046868,-0.003799470753475122,0.5910707083915528,-0.05717170635533206,0.75
large,10,10,35.0,4,12,0.013079863034201179,0.011049531450865758,0.018273534999592753,-0.0051936719653915735,-0.007224003548726997,0.5800947380958345,0.044317204174232266,0.6666666666666666
large,10,10,35.0,5,12,0.01444789909828703,0.012470241875480521,-0.0007537691798244662,0.015201668278111495,0.013224011055304985,0.5650449208018596,0.07908539819987491,0.5833333333333334
large,10,10,35.0,6,12,0.013371183820097244,0.011278823892266842,-0.0016701434369617747,0.015041327257059022,0.012948967329228614,0.5978171222372587,0.015068964963738843,0.5
large,10,10,35.0,7,12,0.012469378931081694,0.010377921798005367,0.01325371786131268,-0.0007843389302309873,-0.0028757960633073146,0.5975591808789509,-0.0033582348645536074,0.6666666666666666
large,10,10,35.0,8,12,0.010252523009596512,0.007606227958328759,0.0027780828232373575,0.007474440186359155,0.0048281451350914,0.756084300362215,0.0535622859581478,0.6666666666666666
large,10,10,35.0,9,12,0.010308153838908094,0.007887980253652916,0.009050461920142862,0.0012576919187652314,-0.0011624816664899458,0.6914781672157648,0.0054288475851159,0.5833333333333334
large,10,10,35.0,10,12,-0.003000990670415571,-0.00513435860448765,0.003969589732092022,-0.006970580402507594,-0.009103948336579674,0.6095336954491656,-0.06070045962591319,0.5833333333333334
large,10,10,35.0,11,12,-0.01600606570670155,-0.017944198630231504,-0.01049091215044679,-0.0055151535562547585,-0.007453286479784718,0.5537522638657023,0.0501305927340133,0.3333333333333333
large,10,10,35.0,12,12,-6.902617997117204e-05,-0.0017218683541285692,0.004493806513658164,-0.004562832693629336,-0.006215674867786733,0.4722406211878278,0.021237764959231305,0.4166666666666667
large,10,10,35.0,13,12,-0.014297895694806642,-0.01622012459748579,0.0013019633855814376,-0.015599859080388074,-0.017522087983067227,0.5492082579083283,-0.042609097330881314,0.3333333333333333
large,10,10,35.0,14,12,-0.009287289229718674,-0.011762357409521097,-0.006959187292683892,-0.0023281019370347818,-0.004803170116837203,0.7071623370864059,-0.046492030313481904,0.5833333333333334
large,10,10,35.0,15,12,0.020135221483662914,0.01785749363702934,0.025649399375833742,-0.00551417789217083,-0.007791905738804401,0.6507793847524485,-0.018575739600407964,0.5
large,10,10,35.0,16,12,0.027154523605977407,0.02513141858577203,0.013669227488663687,0.013485296117313722,0.011462191097108339,0.5780300057729663,0.043868862201240644,0.75
large,10,10,35.0,17,12,-0.0017314475719494753,-0.003921340090090453,-0.0026771926774708933,0.0009457451055214184,-0.001244147412619559,0.6256835766117078,0.0005959077677590537,0.4166666666666667
large,10,10,35.0,18,12,0.010523076688671031,0.008384206031594095,8.815883332962281e-05,0.010434917855341404,0.008296047198264472,0.6111059020219806,0.05022011954802129,0.5833333333333334
large,10,10,35.0,19,12,-0.010215869221917409,-0.012355490161886765,0.001117972555553239,-0.011333841777470648,-0.013473462717440002,0.6113202685626721,-0.01681884550329746,0.3333333333333333
large,10,10,35.0,20,12,0.03167649730362197,0.029176644202621407,0.021281056033255464,0.010395441270366507,0.00789558816936594,0.7142437431430196,0.0035248819366585815,0.8333333333333334
large,10,10,35.0,21,12,0.03421813095702211,0.031742089952765895,0.021061421227261064,0.013156709729761039,0.010680668725504843,0.7074402869303418,0.020570706675521994,0.75
large,10,10,35.0,22,12,-0.006974217459301952,-0.008817784337629619,-0.008537874924372102,0.0015636574650701514,-0.0002799094132575162,0.526733393807905,-0.0032692257287322713,0.3333333333333333
large,10,10,35.0,23,12,0.02067232661114145,0.018257394704279836,0.01158018125402781,0.009092145357113642,0.006677213450252022,0.6899805448176061,0.03218276859316223,0.6666666666666666
large,10,10,35.0,24,12,0.006019314014009809,0.003718316982960664,-0.006069054561613906,0.012088368575623716,0.00978737154457457,0.657427723156898,0.1156801775570684,0.4166666666666667
large,10,20,10.0,0,12,-0.002773831191481408,-0.0032422540291773857,-0.00492484239421525,0.002151011202733842,0.001682588365037864,0.4684228376959784,0.08055993933586818,0.5
large,10,20,10.0,1,12,0.00727461120888557,0.006757603333202342,0.007977326029238195,-0.0007027148203526236,-0.001219722696035852,0.5170078756832271,0.012373847438704256,0.5
large,10,20,10.0,2,12,-0.004433969258641426,-0.004899560521779256,-0.003218221080688455,-0.0012157481779529699,-0.001681339441090799,0.4655912631378311,0.01680170877154505,0.5
large,10,20,10.0,3,12,0.01371539453393251,0.01326579464246421,0.015240109669408704,-0.0015247151354761946,-0.0019743150269444943,0.4495998914682999,-0.05717170635533206,0.75
large,10,20,10.0,4,12,0.01969090405859524,0.019166321738202836,0.018273534999592753,0.0014173690590024851,0.0008927867386100829,0.5245823203924017,0.044317204174232266,0.75
large,10,20,10.0,5,12,0.009030196049475999,0.00849648722252955,-0.0007537691798244662,0.009783965229300466,0.009250256402354018,0.5337088269464489,0.07908539819987491,0.5833333333333334
large,10,20,10.0,6,12,0.006754369488238317,0.0062012915349972395,-0.0016701434369617747,0.008424512925200092,0.007871434971959015,0.5530779532410769,0.015068964963738843,0.5833333333333334
large,10,20,10.0,7,12,0.01289379312764062,0.012313582533946729,0.01325371786131268,-0.0003599247336720619,-0.0009401353273659534,0.5802105936938909,-0.0033582348645536074,0.75
large,10,20,10.0,8,12,0.010799750465432677,0.010121619333781253,0.0027780828232373575,0.00802166764219532,0.007343536510543893,0.6781311316514252,0.0535622859581478,0.5833333333333334
large,10,20,10.0,9,12,0.008286640334381425,0.00767783758168341,0.009050461920142862,-0.000763821585761436,-0.001372624338459452,0.6088027526980163,0.0054288475851159,0.6666666666666666
large,10,20,10.0,10,12,0.0004979991880170066,-8.753115860657065e-05,0.003969589732092022,-0.0034715905440750165,-0.004057120890698593,0.5855303466235781,-0.06070045962591319,0.5833333333333334
large,10,20,10.0,11,12,-0.00475724339934461,-0.0052947653858757505,-0.01049091215044679,0.005733668751102179,0.0051961467645710415,0.5375219865311379,0.0501305927340133,0.5
large,10,20,10.0,12,12,0.005522037213585684,0.005036223928525831,0.004493806513658164,0.0010282306999275209,0.0005424174148676679,0.48581328505985294,0.021237764959231305,0.5833333333333334
large,10,20,10.0,13,12,-0.0036759952281897375,-0.004197726891050376,0.0013019633855814376,-0.004977958613771173,-0.005499690276631813,0.5217316628606387,-0.042609097330881314,0.3333333333333333
large,10,20,10.0,14,12,-0.011902125700864704,-0.012514220179063172,-0.006959187292683892,-0.004942938408180805,-0.005555032886379276,0.6120944781984706,-0.046492030313481904,0.5833333333333334
large,10,20,10.0,15,12,0.022657619649118065,0.022072244874096553,0.025649399375833742,-0.0029917797267156776,-0.003577154501737185,0.5853747750215069,-0.018575739600407964,0.6666666666666666
large,10,20,10.0,16,12,0.02384850492322012,0.023340282280977162,0.013669227488663687,0.010179277434556433,0.009671054792313475,0.5082226422429557,0.043868862201240644,0.8333333333333334
large,10,20,10.0,17,12,0.0009407400218061907,0.00045079758675316506,-0.0026771926774708933,0.003617932699277085,0.003127990264224058,0.489942435053026,0.0005959077677590537,0.4166666666666667
large,10,20,10.0,18,12,0.0034437989162655557,0.0028714200317663755,8.815883332962281e-05,0.0033556400829359324,0.0027832611984367505,0.5723788844991795,0.05022011954802129,0.5833333333333334
large,10,20,10.0,19,12,-0.003958249120294987,-0.004515874237965436,0.001117972555553239,-0.005076221675848228,-0.005633846793518672,0.5576251176704458,-0.01681884550329746,0.4166666666666667
large,10,20,10.0,20,12,0.03380727874313962,0.033209456347212896,0.021281056033255464,0.012526222709884153,0.01192840031395743,0.5978223959267243,0.0035248819366585815,0.9166666666666666
large,10,20,10.0,21,12,0.034787120037788555,0.03422156065705551,0.021061421227261064,0.013725698810527485,0.01316013942979444,0.5655593807330471,0.020570706675521994,0.75
large,10,20,10.0,22,12,-0.008074340664006504,-0.008596048563635833,-0.008537874924372102,0.0004635342603655981,-5.817363926373069e-05,0.5217078996293287,-0.0032692257287322713,0.5
large,10,20,10.0,23,12,0.015657449307405927,0.0150148701814593,0.01158018125402781,0.004077268053378116,0.0034346889274314892,0.6425791259466271,0.03218276859316223,0.5833333333333334
large,10,20,10.0,24,12,0.00020713566362415858,-0.00037456192938311456,-0.006069054561613906,0.006276190225238065,0.005694492632230792,0.5816975930072741,0.1156801775570684,0.4166666666666667
large,10,20,15.0,0,12,-0.002773831191481408,-0.003476465448025374,-0.00492484239421525,0.002151011202733842,0.001448376946189875,0.4684228376959784,0.08055993933586818,0.5
large,10,20,15.0,1,12,0.00727461120888557,0.0064990993953607315,0.007977326029238195,-0.0007027148203526236,-0.001478226633877462,0.5170078756832271,0.012373847438704256,0.5
large,10,20,15.0,2,12,-0.004433969258641426,-0.0051323561533481695,-0.003218221080688455,-0.0012157481779529699,-0.0019141350726597152,0.4655912631378311,0.01680170877154505,0.5
large,10,20,15.0,3,12,0.01371539453393251,0.013040994696730061,0.015240109669408704,-0.0015247151354761946,-0.0021991149726786436,0.4495998914682999,-0.05717170635533206,0.75
large,10,20,15.0,4,12,0.01969090405859524,0.018904030578006634,0.018273534999592753,0.0014173690590024851,0.0006304955784138822,0.5245823203924017,0.044317204174232266,0.75
large,10,20,15.0,5,12,0.009030196049475999,0.008229632809056324,-0.0007537691798244662,0.009783965229300466,0.008983401988880793,0.5337088269464489,0.07908539819987491,0.5833333333333334
large,10,20,15.0,6,12,0.006754369488238317,0.005924752558376702,-0.0016701434369617747,0.008424512925200092,0.007594895995338478,0.5530779532410769,0.015068964963738843,0.5833333333333334
large,10,20,15.0,7,12,0.01289379312764062,0.012023477237099782,0.01325371786131268,-0.0003599247336720619,-0.0012302406242128982,0.5802105936938909,-0.0033582348645536074,0.6666666666666666
large,10,20,15.0,8,12,0.010799750465432677,0.009782553767955537,0.0027780828232373575,0.00802166764219532,0.00700447094471818,0.6781311316514252,0.0535622859581478,0.5833333333333334
large,10,20,15.0,9,12,0.008286640334381425,0.007373436205334402,0.009050461920142862,-0.000763821585761436,-0.0016770257148084604,0.6088027526980163,0.0054288475851159,0.6666666666666666
large,10,20,15.0,10,12,0.0004979991880170066,-0.0003802963319183607,0.003969589732092022,-0.0034715905440750165,-0.004349886064010382,0.5855303466235781,-0.06070045962591319,0.5833333333333334
large,10,20,15.0,11,12,-0.00475724339934461,-0.005563526379141318,-0.01049091215044679,0.005733668751102179,0.004927385771305472,0.5375219865311379,0.0501305927340133,0.5
large,10,20,15.0,12,12,0.005522037213585684,0.004793317285995907,0.004493806513658164,0.0010282306999275209,0.00029951077233774287,0.48581328505985294,0.021237764959231305,0.5833333333333334
large,10,20,15.0,13,12,-0.0036759952281897375,-0.004458592722480694,0.0013019633855814376,-0.004977958613771173,-0.005760556108062131,0.5217316628606387,-0.042609097330881314,0.3333333333333333
large,10,20,15.0,14,12,-0.011902125700864704,-0.012820267418162404,-0.006959187292683892,-0.004942938408180805,-0.0058610801254785115,0.6120944781984706,-0.046492030313481904,0.5833333333333334
large,10,20,15.0,15,12,0.022657619649118065,0.021779557486585804,0.025649399375833742,-0.0029917797267156776,-0.0038698418892479385,0.5853747750215069,-0.018575739600407964,0.6666666666666666
large,10,20,15.0,16,12,0.02384850492322012,0.023086170959855684,0.013669227488663687,0.010179277434556433,0.009416943471191997,0.5082226422429557,0.043868862201240644,0.8333333333333334
large,10,20,15.0,17,12,0.0009407400218061907,0.00020582636922665022,-0.0026771926774708933,0.003617932699277085,0.0028830190466975444,0.489942435053026,0.0005959077677590537,0.4166666666666667
large,10,20,15.0,18,12,0.0034437989162655557,0.0025852305895167856,8.815883332962281e-05,0.0033556400829359324,0.0024970717561871615,0.5723788844991795,0.05022011954802129,0.5
large,10,20,15.0,19,12,-0.003958249120294987,-0.004794686796800659,0.001117972555553239,-0.005076221675848228,-0.005912659352353896,0.5576251176704458,-0.01681884550329746,0.4166666666666667
large,10,20,15.0,20,12,0.03380727874313962,0.032910545149249536,0.021281056033255464,0.012526222709884153,0.01162948911599407,0.5978223959267243,0.0035248819366585815,0.9166666666666666
large,10,20,15.0,21,12,0.034787120037788555,0.033938780966688974,0.021061421227261064,0.013725698810527485,0.012877359739427918,0.5655593807330471,0.020570706675521994,0.75
large,10,20,15.0,22,12,-0.008074340664006504,-0.008856902513450497,-0.008537874924372102,0.0004635342603655981,-0.00031902758907839467,0.5217078996293287,-0.0032692257287322713,0.5
large,10,20,15.0,23,12,0.015657449307405927,0.014693580618485982,0.01158018125402781,0.004077268053378116,0.0031133993644581748,0.6425791259466271,0.03218276859316223,0.5833333333333334
large,10,20,15.0,24,12,0.00020713566362415858,-0.0006654107258867517,-0.006069054561613906,0.006276190225238065,0.005403643835727154,0.5816975930072741,0.1156801775570684,0.4166666666666667
large,10,20,25.0,0,12,-0.002773831191481408,-0.0039448882857213525,-0.00492484239421525,0.002151011202733842,0.0009799541084938963,0.4684228376959784,0.08055993933586818,0.5
large,10,20,25.0,1,12,0.00727461120888557,0.005982091519677502,0.007977326029238195,-0.0007027148203526236,-0.0019952345095606916,0.5170078756832271,0.012373847438704256,0.5
large,10,20,25.0,2,12,-0.004433969258641426,-0.005597947416486002,-0.003218221080688455,-0.0012157481779529699,-0.002379726335797547,0.4655912631378311,0.01680170877154505,0.4166666666666667
large,10,20,25.0,3,12,0.01371539453393251,0.01259139480526176,0.015240109669408704,-0.0015247151354761946,-0.002648714864146945,0.4495998914682999,-0.05717170635533206,0.75
large,10,20,25.0,4,12,0.01969090405859524,0.01837944825761423,0.018273534999592753,0.0014173690590024851,0.00010591325802148006,0.5245823203924017,0.044317204174232266,0.75
large,10,20,25.0,5,12,0.009030196049475999,0.007695923982109879,-0.0007537691798244662,0.009783965229300466,0.008449693161934347,0.5337088269464489,0.07908539819987491,0.5833333333333334
large,10,20,25.0,6,12,0.006754369488238317,0.005371674605135625,-0.0016701434369617747,0.008424512925200092,0.0070418180420974,0.5530779532410769,0.015068964963738843,0.5833333333333334
large,10,20,25.0,7,12,0.01289379312764062,0.011443266643405892,0.01325371786131268,-0.0003599247336720619,-0.0018104512179067899,0.5802105936938909,-0.0033582348645536074,0.6666666666666666
large,10,20,25.0,8,12,0.010799750465432677,0.009104422636304114,0.0027780828232373575,0.00802166764219532,0.006326339813066756,0.6781311316514252,0.0535622859581478,0.5833333333333334
large,10,20,25.0,9,12,0.008286640334381425,0.006764633452636386,0.009050461920142862,-0.000763821585761436,-0.0022858284675064764,0.6088027526980163,0.0054288475851159,0.5
large,10,20,25.0,10,12,0.0004979991880170066,-0.0009658266785419383,0.003969589732092022,-0.0034715905440750165,-0.004935416410633959,0.5855303466235781,-0.06070045962591319,0.5833333333333334
large,10,20,25.0,11,12,-0.00475724339934461,-0.006101048365672455,-0.01049091215044679,0.005733668751102179,0.004389863784774334,0.5375219865311379,0.0501305927340133,0.5
large,10,20,25.0,12,12,0.005522037213585684,0.004307504000936053,0.004493806513658164,0.0010282306999275209,-0.0001863025127221109,0.48581328505985294,0.021237764959231305,0.5833333333333334
large,10,20,25.0,13,12,-0.0036759952281897375,-0.004980324385341333,0.0013019633855814376,-0.004977958613771173,-0.00628228777092277,0.5217316628606387,-0.042609097330881314,0.3333333333333333
large,10,20,25.0,14,12,-0.011902125700864704,-0.013432361896360883,-0.006959187292683892,-0.004942938408180805,-0.006473174603676984,0.6120944781984706,-0.046492030313481904,0.5833333333333334
large,10,20,25.0,15,12,0.022657619649118065,0.021194182711564296,0.025649399375833742,-0.0029917797267156776,-0.0044552166642694456,0.5853747750215069,-0.018575739600407964,0.6666666666666666
large,10,20,25.0,16,12,0.02384850492322012,0.022577948317612728,0.013669227488663687,0.010179277434556433,0.008908720828949042,0.5082226422429557,0.043868862201240644,0.8333333333333334
large,10,20,25.0,17,12,0.0009407400218061907,-0.0002841160658263754,-0.0026771926774708933,0.003617932699277085,0.0023930766116445185,0.489942435053026,0.0005959077677590537,0.4166666666666667
large,10,20,25.0,18,12,0.0034437989162655557,0.0020128517050176076,8.815883332962281e-05,0.0033556400829359324,0.0019246928716879815,0.5723788844991795,0.05022011954802129,0.5
large,10,20,25.0,19,12,-0.003958249120294987,-0.005352311914471104,0.001117972555553239,-0.005076221675848228,-0.006470284470024341,0.5576251176704458,-0.01681884550329746,0.4166666666666667
large,10,20,25.0,20,12,0.03380727874313962,0.032312722753322816,0.021281056033255464,0.012526222709884153,0.011031666720067343,0.5978223959267243,0.0035248819366585815,0.9166666666666666
large,10,20,25.0,21,12,0.034787120037788555,0.03337322158595593,0.021061421227261064,0.013725698810527485,0.012311800358694868,0.5655593807330471,0.020570706675521994,0.75
large,10,20,25.0,22,12,-0.008074340664006504,-0.009378610413079828,-0.008537874924372102,0.0004635342603655981,-0.0008407354887077254,0.5217078996293287,-0.0032692257287322713,0.5
large,10,20,25.0,23,12,0.015657449307405927,0.014051001492539357,0.01158018125402781,0.004077268053378116,0.0024708202385115463,0.6425791259466271,0.03218276859316223,0.5833333333333334
large,10,20,25.0,24,12,0.00020713566362415858,-0.001247108318894026,-0.006069054561613906,0.006276190225238065,0.00482194624271988,0.5816975930072741,0.1156801775570684,0.4166666666666667
large,10,20,35.0,0,12,-0.002773831191481408,-0.004413311123417332,-0.00492484239421525,0.002151011202733842,0.0005115312707979174,0.4684228376959784,0.08055993933586818,0.5
large,10,20,35.0,1,12,0.00727461120888557,0.0054650836439942745,0.007977326029238195,-0.0007027148203526236,-0.00251224238524392,0.5170078756832271,0.012373847438704256,0.5
large,10,20,35.0,2,12,-0.004433969258641426,-0.006063538679623834,-0.003218221080688455,-0.0012157481779529699,-0.002845317598935379,0.4655912631378311,0.01680170877154505,0.4166666666666667
large,10,20,35.0,3,12,0.01371539453393251,0.01214179491379346,0.015240109669408704,-0.0015247151354761946,-0.003098314755615243,0.4495998914682999,-0.05717170635533206,0.6666666666666666
large,10,20,35.0,4,12,0.01969090405859524,0.01785486593722183,0.018273534999592753,0.0014173690590024851,-0.00041866906237092064,0.5245823203924017,0.044317204174232266,0.75
large,10,20,35.0,5,12,0.009030196049475999,0.007162215155163429,-0.0007537691798244662,0.009783965229300466,0.007915984334987896,0.5337088269464489,0.07908539819987491,0.5833333333333334
large,10,20,35.0,6,12,0.006754369488238317,0.004818596651894548,-0.0016701434369617747,0.008424512925200092,0.006488740088856324,0.5530779532410769,0.015068964963738843,0.5833333333333334
large,10,20,35.0,7,12,0.01289379312764062,0.010863056049712001,0.01325371786131268,-0.0003599247336720619,-0.0023906618116006804,0.5802105936938909,-0.0033582348645536074,0.6666666666666666
large,10,20,35.0,8,12,0.010799750465432677,0.008426291504652688,0.0027780828232373575,0.00802166764219532,0.00564820868141533,0.6781311316514252,0.0535622859581478,0.5833333333333334
large,10,20,35.0,9,12,0.008286640334381425,0.00615583069993837,0.009050461920142862,-0.000763821585761436,-0.0028946312202044935,0.6088027526980163,0.0054288475851159,0.5
large,10,20,35.0,10,12,0.0004979991880170066,-0.0015513570251655163,0.003969589732092022,-0.0034715905440750165,-0.00552094675725754,0.5855303466235781,-0.06070045962591319,0.5833333333333334
large,10,20,35.0,11,12,-0.00475724339934461,-0.0066385703522035934,-0.01049091215044679,0.005733668751102179,0.0038523417982431964,0.5375219865311379,0.0501305927340133,0.5
large,10,20,35.0,12,12,0.005522037213585684,0.0038216907158762,0.004493806513658164,0.0010282306999275209,-0.0006721157977819638,0.48581328505985294,0.021237764959231305,0.5833333333333334
large,10,20,35.0,13,12,-0.0036759952281897375,-0.005502056048201971,0.0013019633855814376,-0.004977958613771173,-0.006804019433783409,0.5217316628606387,-0.042609097330881314,0.3333333333333333
large,10,20,35.0,14,12,-0.011902125700864704,-0.014044456374559347,-0.006959187292683892,-0.004942938408180805,-0.007085269081875456,0.6120944781984706,-0.046492030313481904,0.5833333333333334
large,10,20,35.0,15,12,0.022657619649118065,0.02060880793654279,0.025649399375833742,-0.0029917797267156776,-0.005040591439290952,0.5853747750215069,-0.018575739600407964,0.6666666666666666
large,10,20,35.0,16,12,0.02384850492322012,0.022069725675369772,0.013669227488663687,0.010179277434556433,0.008400498186706086,0.5082226422429557,0.043868862201240644,0.8333333333333334
large,10,20,35.0,17,12,0.0009407400218061907,-0.000774058500879401,-0.0026771926774708933,0.003617932699277085,0.0019031341765914933,0.489942435053026,0.0005959077677590537,0.4166666666666667
large,10,20,35.0,18,12,0.0034437989162655557,0.001440472820518426,8.815883332962281e-05,0.0033556400829359324,0.0013523139871888027,0.5723788844991795,0.05022011954802129,0.5
large,10,20,35.0,19,12,-0.003958249120294987,-0.00590993703214155,0.001117972555553239,-0.005076221675848228,-0.0070279095876947875,0.5576251176704458,-0.01681884550329746,0.4166666666666667
large,10,20,35.0,20,12,0.03380727874313962,0.031714900357396096,0.021281056033255464,0.012526222709884153,0.01043384432414062,0.5978223959267243,0.0035248819366585815,0.9166666666666666
large,10,20,35.0,21,12,0.034787120037788555,0.03280766220522289,0.021061421227261064,0.013725698810527485,0.011746240977961822,0.5655593807330471,0.020570706675521994,0.75
large,10,20,35.0,22,12,-0.008074340664006504,-0.009900318312709155,-0.008537874924372102,0.0004635342603655981,-0.001362443388337053,0.5217078996293287,-0.0032692257287322713,0.5
large,10,20,35.0,23,12,0.015657449307405927,0.013408422366592732,0.01158018125402781,0.004077268053378116,0.0018282411125649205,0.6425791259466271,0.03218276859316223,0.5833333333333334
large,10,20,35.0,24,12,0.00020713566362415858,-0.0018288059119013003,-0.006069054561613906,0.006276190225238065,0.004240248649712607,0.5816975930072741,0.1156801775570684,0.4166666666666667
large,20,10,10.0,0,12,0.005571304534946717,0.00494681781453904,0.002408685441847269,0.0031626190930994454,0.0025381323726917713,0.624486720407677,0.0983920944479673,0.6666666666666666
large,20,10,10.0,1,12,0.014986703744075958,0.014367589891249671,0.007506900660090007,0.00747980308398595,0.006860689231159663,0.6191138528262861,0.042898011722641426,0.75
large,20,10,10.0,2,12,0.019256273103229325,0.01856766668880899,0.022569549569877407,-0.0033132764666480865,-0.004001882881068418,0.6886064144203319,0.038024813939718766,0.75
large,20,10,10.0,3,12,0.010936698474519559,0.010364782920520727,-0.00042118585865632516,0.011357884333175887,0.010785968779177051,0.5719155539988315,0.02794549372312908,0.6666666666666666
large,20,10,10.0,4,12,0.015865361436424797,0.015117823472237361,0.015554934925883238,0.00031042651054155693,-0.0004371114536458797,0.7475379641874363,0.04063959156804807,0.5833333333333334
large,20,10,10.0,5,12,0.002161742917360087,0.001512712608638972,0.009410517435938582,-0.007248774518578493,-0.00789780482729961,0.6490303087211172,0.02038052066546911,0.5
large,20,10,10.0,6,12,-0.02475535088167861,-0.025360200101040144,-0.013139151875597395,-0.011616199006081213,-0.012221048225442748,0.6048492193615361,-0.04550778545170895,0.3333333333333333
large,20,10,10.0,7,12,0.024421135019872874,0.02367942297368009,0.008268774575304512,0.016152360444568362,0.015410648398375582,0.7417120461927782,-0.004568635111550591,0.9166666666666666
large,20,10,10.0,8,12,0.037361293374847046,0.036662351153868684,0.04052853973830269,-0.003167246363455646,-0.003866188584434003,0.6989422209783588,-0.046898829575107145,0.8333333333333334
large,20,10,10.0,9,12,0.012239789878620422,0.011539687350540931,0.005078308975045628,0.0071614809035747936,0.006461378375495299,0.7001025280794936,0.02534477508741478,0.75
large,20,10,10.0,10,12,0.05050942643753872,0.04977307407241995,0.036330257373713586,0.014179169063825131,0.013442816698706362,0.7363523651187726,-0.014865798935069934,0.6666666666666666
large,20,10,10.0,11,12,-0.002891226122124148,-0.003532570818085827,0.001958539875708477,-0.004849765997832624,-0.005491110693794303,0.6413446959616799,0.0030918780339662206,0.5
large,20,10,10.0,12,12,0.02694631672406438,0.02621117953548104,0.007123925885116585,0.019822390838947792,0.01908725365036445,0.7351371885833364,0.08391769077037496,0.8333333333333334
large,20,10,15.0,0,12,0.005571304534946717,0.0046345744543351995,0.002408685441847269,0.0031626190930994454,0.0022258890124879304,0.624486720407677,0.0983920944479673,0.6666666666666666
large,20,10,15.0,1,12,0.014986703744075958,0.014058032964836528,0.007506900660090007,0.00747980308398595,0.006551132304746521,0.6191138528262861,0.042898011722641426,0.75
large,20,10,15.0,2,12,0.019256273103229325,0.018223363481598826,0.022569549569877407,-0.0033132764666480865,-0.004346186088278585,0.6886064144203319,0.038024813939718766,0.75
large,20,10,15.0,3,12,0.010936698474519559,0.010078825143521312,-0.00042118585865632516,0.011357884333175887,0.010500011002177638,0.5719155539988315,0.02794549372312908,0.6666666666666666
large,20,10,15.0,4,12,0.015865361436424797,0.01474405449014364,0.015554934925883238,0.00031042651054155693,-0.000810880435739598,0.7475379641874363,0.04063959156804807,0.5833333333333334
large,20,10,15.0,5,12,0.002161742917360087,0.0011881974542784113,0.009410517435938582,-0.007248774518578493,-0.00822231998166017,0.6490303087211172,0.02038052066546911,0.5
large,20,10,15.0,6,12,-0.02475535088167861,-0.02566262471072091,-0.013139151875597395,-0.011616199006081213,-0.012523472835123518,0.6048492193615361,-0.04550778545170895,0.3333333333333333
large,20,10,15.0,7,12,0.024421135019872874,0.0233085669505837,0.008268774575304512,0.016152360444568362,0.015039792375279195,0.7417120461927782,-0.004568635111550591,0.9166666666666666
large,20,10,15.0,8,12,0.037361293374847046,0.03631288004337951,0.04052853973830269,-0.003167246363455646,-0.004215659694923184,0.6989422209783588,-0.046898829575107145,0.8333333333333334
large,20,10,15.0,9,12,0.012239789878620422,0.011189636086501184,0.005078308975045628,0.0071614809035747936,0.0061113271114555555,0.7001025280794936,0.02534477508741478,0.75
large,20,10,15.0,10,12,0.05050942643753872,0.04940489788986055,0.036330257373713586,0.014179169063825131,0.013074640516146976,0.7363523651187726,-0.014865798935069934,0.6666666666666666
large,20,10,15.0,11,12,-0.002891226122124148,-0.003853243166066665,0.001958539875708477,-0.004849765997832624,-0.005811783041775143,0.6413446959616799,0.0030918780339662206,0.5
large,20,10,15.0,12,12,0.02694631672406438,0.025843610941189376,0.007123925885116585,0.019822390838947792,0.01871968505607279,0.7351371885833364,0.08391769077037496,0.8333333333333334
large,20,10,25.0,0,12,0.005571304534946717,0.004010087733927522,0.002408685441847269,0.0031626190930994454,0.0016014022920802541,0.624486720407677,0.0983920944479673,0.6666666666666666
large,20,10,25.0,1,12,0.014986703744075958,0.013438919112010242,0.007506900660090007,0.00747980308398595,0.005932018451920235,0.6191138528262861,0.042898011722641426,0.75
large,20,10,25.0,2,12,0.019256273103229325,0.017534757067178493,0.022569549569877407,-0.0033132764666480865,-0.005034792502698914,0.6886064144203319,0.038024813939718766,0.75
large,20,10,25.0,3,12,0.010936698474519559,0.00950690958952248,-0.00042118585865632516,0.011357884333175887,0.009928095448178804,0.5719155539988315,0.02794549372312908,0.6666666666666666
large,20,10,25.0,4,12,0.015865361436424797,0.013996516525956204,0.015554934925883238,0.00031042651054155693,-0.0015584183999270348,0.7475379641874363,0.04063959156804807,0.5833333333333334
large,20,10,25.0,5,12,0.002161742917360087,0.000539167145557295,0.009410517435938582,-0.007248774518578493,-0.008871350290381289,0.6490303087211172,0.02038052066546911,0.5
large,20,10,25.0,6,12,-0.02475535088167861,-0.026267473930082445,-0.013139151875597395,-0.011616199006081213,-0.013128322054485053,0.6048492193615361,-0.04550778545170895,0.3333333333333333
large,20,10,25.0,7,12,0.024421135019872874,0.02256685490439093,0.008268774575304512,0.016152360444568362,0.01429808032908642,0.7417120461927782,-0.004568635111550591,0.8333333333333334
large,20,10,25.0,8,12,0.037361293374847046,0.035613937822401145,0.04052853973830269,-0.003167246363455646,-0.004914601915901544,0.6989422209783588,-0.046898829575107145,0.8333333333333334
large,20,10,25.0,9,12,0.012239789878620422,0.010489533558421688,0.005078308975045628,0.0071614809035747936,0.005411224583376063,0.7001025280794936,0.02534477508741478,0.75
large,20,10,25.0,10,12,0.05050942643753872,0.04866854552474178,0.036330257373713586,0.014179169063825131,0.012338288151028201,0.7363523651187726,-0.014865798935069934,0.6666666666666666
large,20,10,25.0,11,12,-0.002891226122124148,-0.0044945878620283475,0.001958539875708477,-0.004849765997832624,-0.0064531277377368225,0.6413446959616799,0.0030918780339662206,0.5
large,20,10,25.0,12,12,0.02694631672406438,0.02510847375260603,0.007123925885116585,0.019822390838947792,0.01798454786748945,0.7351371885833364,0.08391769077037496,0.75
large,20,10,35.0,0,12,0.005571304534946717,0.003385601013519847,0.002408685441847269,0.0031626190930994454,0.000976915571672578,0.624486720407677,0.0983920944479673,0.6666666666666666
large,20,10,35.0,1,12,0.014986703744075958,0.012819805259183956,0.007506900660090007,0.00747980308398595,0.005312904599093948,0.6191138528262861,0.042898011722641426,0.75
large,20,10,35.0,2,12,0.019256273103229325,0.01684615065275816,0.022569549569877407,-0.0033132764666480865,-0.005723398917119247,0.6886064144203319,0.038024813939718766,0.75
large,20,10,35.0,3,12,0.010936698474519559,0.008934994035523646,-0.00042118585865632516,0.011357884333175887,0.009356179894179972,0.5719155539988315,0.02794549372312908,0.6666666666666666
large,20,10,35.0,4,12,0.015865361436424797,0.013248978561768767,0.015554934925883238,0.00031042651054155693,-0.002305956364114471,0.7475379641874363,0.04063959156804807,0.5833333333333334
large,20,10,35.0,5,12,0.002161742917360087,-0.00010986316316382329,0.009410517435938582,-0.007248774518578493,-0.009520380599102405,0.6490303087211172,0.02038052066546911,0.5
large,20,10,35.0,6,12,-0.02475535088167861,-0.026872323149443985,-0.013139151875597395,-0.011616199006081213,-0.013733171273846592,0.6048492193615361,-0.04550778545170895,0.3333333333333333
large,20,10,35.0,7,12,0.024421135019872874,0.021825142858198147,0.008268774575304512,0.016152360444568362,0.013556368282893638,0.7417120461927782,-0.004568635111550591,0.8333333333333334
large,20,10,35.0,8,12,0.037361293374847046,0.034914995601422784,0.04052853973830269,-0.003167246363455646,-0.005613544136879901,0.6989422209783588,-0.046898829575107145,0.8333333333333334
large,20,10,35.0,9,12,0.012239789878620422,0.009789431030342195,0.005078308975045628,0.0071614809035747936,0.004711122055296567,0.7001025280794936,0.02534477508741478,0.75
large,20,10,35.0,10,12,0.05050942643753872,0.047932193159623014,0.036330257373713586,0.014179169063825131,0.011601935785909427,0.7363523651187726,-0.014865798935069934,0.6666666666666666
large,20,10,35.0,11,12,-0.002891226122124148,-0.005135932557990029,0.001958539875708477,-0.004849765997832624,-0.0070944724336985026,0.6413446959616799,0.0030918780339662206,0.5
large,20,10,35.0,12,12,0.02694631672406438,0.024373336564022702,0.007123925885116585,0.019822390838947792,0.01724941067890611,0.7351371885833364,0.08391769077037496,0.75
large,20,20,10.0,0,12,0.0050197104365156215,0.004482754839317772,0.002408685441847269,0.0026110249946683533,0.0020740693974705027,0.5369555971978505,0.0983920944479673,0.6666666666666666
large,20,20,10.0,1,12,0.016309769575911803,0.015797565915397997,0.007506900660090007,0.008802868915821794,0.008290665255307987,0.5122036605138094,0.042898011722641426,0.6666666666666666
large,20,20,10.0,2,12,0.0237481351373203,0.02318413496895018,0.022569549569877407,0.0011785855674428904,0.0006145853990727751,0.5640001683701159,0.038024813939718766,0.6666666666666666
large,20,20,10.0,3,12,-0.0006141454432104841,-0.0011662530536669642,-0.00042118585865632516,-0.00019295958455415785,-0.0007450671950106381,0.5521076104564813,0.02794549372312908,0.5833333333333334
large,20,20,10.0,4,12,0.020129412069586305,0.01943862114388447,0.015554934925883238,0.004574477143703067,0.0038836862180012277,0.6907909257018389,0.04063959156804807,0.6666666666666666
large,20,20,10.0,5,12,0.012372872593812145,0.011787495548234347,0.009410517435938582,0.00296235515787356,0.0023769781122957656,0.585377045577795,0.02038052066546911,0.6666666666666666
large,20,20,10.0,6,12,-0.012013525559708011,-0.012578882212047072,-0.013139151875597395,0.0011256263158893817,0.0005602696635503215,0.5653566523390613,-0.04550778545170895,0.5833333333333334
large,20,20,10.0,7,12,0.015786690325172645,0.015217277547992951,0.008268774575304512,0.007517915749868132,0.006948502972688439,0.5694127771796897,-0.004568635111550591,0.9166666666666666
large,20,20,10.0,8,12,0.02627471127269697,0.02570170785532125,0.04052853973830269,-0.014253828465605722,-0.014826831882981435,0.5730034173757147,-0.046898829575107145,0.75
large,20,20,10.0,9,12,0.010560696118747812,0.00993628442662478,0.005078308975045628,0.005482387143702183,0.004857975451579153,0.6244116921230288,0.02534477508741478,0.6666666666666666
large,20,20,10.0,10,12,0.04338171213809691,0.042739660332420985,0.036330257373713586,0.007051454764383333,0.006409402958707411,0.6420518056759209,-0.014865798935069934,0.75
large,20,20,10.0,11,12,0.006119725360118298,0.005588481453166874,0.001958539875708477,0.004161185484409822,0.0036299415774584012,0.5312439069514207,0.0030918780339662206,0.5833333333333334
large,20,20,10.0,12,12,0.024348156207912506,0.023697032641178662,0.007123925885116585,0.01722423032279592,0.016573106756062075,0.6511235667338434,0.08391769077037496,0.75
large,20,20,15.0,0,12,0.0050197104365156215,0.0042142770407188465,0.002408685441847269,0.0026110249946683533,0.0018055915988715778,0.5369555971978505,0.0983920944479673,0.6666666666666666
large,20,20,15.0,1,12,0.016309769575911803,0.015541464085141088,0.007506900660090007,0.008802868915821794,0.008034563425051081,0.5122036605138094,0.042898011722641426,0.6666666666666666
large,20,20,15.0,2,12,0.0237481351373203,0.022902134884765127,0.022569549569877407,0.0011785855674428904,0.0003325853148877154,0.5640001683701159,0.038024813939718766,0.6666666666666666
large,20,20,15.0,3,12,-0.0006141454432104841,-0.0014423068588952051,-0.00042118585865632516,-0.00019295958455415785,-0.001021121000238879,0.5521076104564813,0.02794549372312908,0.5833333333333334
large,20,20,15.0,4,12,0.020129412069586305,0.019093225681033547,0.015554934925883238,0.004574477143703067,0.00353829075515031,0.6907909257018389,0.04063959156804807,0.6666666666666666
large,20,20,15.0,5,12,0.012372872593812145,0.011494807025445447,0.009410517435938582,0.00296235515787356,0.002084289589506867,0.585377045577795,0.02038052066546911,0.6666666666666666
large,20,20,15.0,6,12,-0.012013525559708011,-0.012861560538216604,-0.013139151875597395,0.0011256263158893817,0.0002775913373807895,0.5653566523390613,-0.04550778545170895,0.5833333333333334
large,20,20,15.0,7,12,0.015786690325172645,0.014932571159403106,0.008268774575304512,0.007517915749868132,0.0066637965840985955,0.5694127771796897,-0.004568635111550591,0.9166666666666666
large,20,20,15.0,8,12,0.02627471127269697,0.025415206146633396,0.04052853973830269,-0.014253828465605722,-0.015113333591669291,0.5730034173757147,-0.046898829575107145,0.75
large,20,20,15.0,9,12,0.010560696118747812,0.009624078580563264,0.005078308975045628,0.005482387143702183,0.004545769605517637,0.6244116921230288,0.02534477508741478,0.6666666666666666
large,20,20,15.0,10,12,0.04338171213809691,0.042418634429583026,0.036330257373713586,0.007051454764383333,0.006088377055869451,0.6420518056759209,-0.014865798935069934,0.75
large,20,20,15.0,11,12,0.006119725360118298,0.005322859499691165,0.001958539875708477,0.004161185484409822,0.0033643196239826877,0.5312439069514207,0.0030918780339662206,0.5833333333333334
large,20,20,15.0,12,12,0.024348156207912506,0.02337147085781174,0.007123925885116585,0.01722423032279592,0.016247544972695153,0.6511235667338434,0.08391769077037496,0.75
large,20,20,25.0,0,12,0.0050197104365156215,0.0036773214435209946,0.002408685441847269,0.0026110249946683533,0.0012686360016737255,0.5369555971978505,0.0983920944479673,0.6666666666666666
large,20,20,25.0,1,12,0.016309769575911803,0.01502926042462728,0.007506900660090007,0.008802868915821794,0.007522359764537272,0.5122036605138094,0.042898011722641426,0.6666666666666666
large,20,20,25.0,2,12,0.0237481351373203,0.022338134716395005,0.022569549569877407,0.0011785855674428904,-0.0002314148534824006,0.5640001683701159,0.038024813939718766,0.6666666666666666
large,20,20,25.0,3,12,-0.0006141454432104841,-0.001994414469351688,-0.00042118585865632516,-0.00019295958455415785,-0.0015732286106953607,0.5521076104564813,0.02794549372312908,0.5833333333333334
large,20,20,25.0,4,12,0.020129412069586305,0.018402434755331713,0.015554934925883238,0.004574477143703067,0.00284749982944847,0.6907909257018389,0.04063959156804807,0.6666666666666666
large,20,20,25.0,5,12,0.012372872593812145,0.010909429979867656,0.009410517435938582,0.00296235515787356,0.0014989125439290726,0.585377045577795,0.02038052066546911,0.6666666666666666
large,20,20,25.0,6,12,-0.012013525559708011,-0.013426917190555663,-0.013139151875597395,0.0011256263158893817,-0.0002877653149582707,0.5653566523390613,-0.04550778545170895,0.5833333333333334
large,20,20,25.0,7,12,0.015786690325172645,0.014363158382223415,0.008268774575304512,0.007517915749868132,0.006094383806918905,0.5694127771796897,-0.004568635111550591,0.9166666666666666
large,20,20,25.0,8,12,0.02627471127269697,0.02484220272925768,0.04052853973830269,-0.014253828465605722,-0.01568633700904501,0.5730034173757147,-0.046898829575107145,0.75
large,20,20,25.0,9,12,0.010560696118747812,0.008999666888440236,0.005078308975045628,0.005482387143702183,0.00392135791339461,0.6244116921230288,0.02534477508741478,0.6666666666666666
large,20,20,25.0,10,12,0.04338171213809691,0.041776582623907106,0.036330257373713586,0.007051454764383333,0.005446325250193532,0.6420518056759209,-0.014865798935069934,0.75
large,20,20,25.0,11,12,0.006119725360118298,0.004791615592739746,0.001958539875708477,0.004161185484409822,0.00283307571703127,0.5312439069514207,0.0030918780339662206,0.5833333333333334
large,20,20,25.0,12,12,0.024348156207912506,0.022720347291077896,0.007123925885116585,0.01722423032279592,0.015596421405961312,0.6511235667338434,0.08391769077037496,0.75
large,20,20,35.0,0,12,0.0050197104365156215,0.003140365846323145,0.002408685441847269,0.0026110249946683533,0.0007316804044758763,0.5369555971978505,0.0983920944479673,0.6666666666666666
large,20,20,35.0,1,12,0.016309769575911803,0.014517056764113473,0.007506900660090007,0.008802868915821794,0.007010156104023463,0.5122036605138094,0.042898011722641426,0.6666666666666666
large,20,20,35.0,2,12,0.0237481351373203,0.021774134548024893,0.022569549569877407,0.0011785855674428904,-0.000795415021852516,0.5640001683701159,0.038024813939718766,0.6666666666666666
large,20,20,35.0,3,12,-0.0006141454432104841,-0.002546522079808168,-0.00042118585865632516,-0.00019295958455415785,-0.00212533622115184,0.5521076104564813,0.02794549372312908,0.5833333333333334
large,20,20,35.0,4,12,0.020129412069586305,0.017711643829629874,0.015554934925883238,0.004574477143703067,0.0021567089037466316,0.6907909257018389,0.04063959156804807,0.6666666666666666
large,20,20,35.0,5,12,0.012372872593812145,0.01032405293428986,0.009410517435938582,0.00296235515787356,0.0009135354983512766,0.585377045577795,0.02038052066546911,0.6666666666666666
large,20,20,35.0,6,12,-0.012013525559708011,-0.013992273842894724,-0.013139151875597395,0.0011256263158893817,-0.0008531219672973303,0.5653566523390613,-0.04550778545170895,0.5833333333333334
large,20,20,35.0,7,12,0.015786690325172645,0.013793745605043727,0.008268774575304512,0.007517915749868132,0.005524971029739219,0.5694127771796897,-0.004568635111550591,0.8333333333333334
large,20,20,35.0,8,12,0.02627471127269697,0.024269199311881966,0.04052853973830269,-0.014253828465605722,-0.016259340426420722,0.5730034173757147,-0.046898829575107145,0.75
large,20,20,35.0,9,12,0.010560696118747812,0.008375255196317205,0.005078308975045628,0.005482387143702183,0.00329694622127158,0.6244116921230288,0.02534477508741478,0.6666666666666666
large,20,20,35.0,10,12,0.04338171213809691,0.04113453081823119,0.036330257373713586,0.007051454764383333,0.004804273444517612,0.6420518056759209,-0.014865798935069934,0.75
large,20,20,35.0,11,12,0.006119725360118298,0.004260371685788328,0.001958539875708477,0.004161185484409822,0.0023018318100798477,0.5312439069514207,0.0030918780339662206,0.5833333333333334
large,20,20,35.0,12,12,0.024348156207912506,0.022069223724344052,0.007123925885116585,0.01722423032279592,0.014945297839227467,0.6511235667338434,0.08391769077037496,0.75
mid,10,10,10.0,0,12,0.0002079650407597316,-0.00047953672416946026,-0.0030891835955786325,0.003297148636338365,0.0026096468714091724,0.6875017649291926,0.05828442545010647,0.5
mid,10,10,10.0,1,12,0.010760552204650414,0.010124218320898642,0.0036429376820527534,0.0071176145225976635,0.006481280638845889,0.6363338837517715,0.0811531268100285,0.5833333333333334
mid,10,10,10.0,2,12,0.004560208597214475,0.0038453872766109737,-0.010674492991557092,0.015234701588771568,0.014519880268168068,0.7148213206035021,0.04594403401077953,0.4166666666666667
mid,10,10,10.0,3,12,0.019254638061420627,0.018620356567096572,0.017008260824119353,0.0022463772373012766,0.0016120957429772223,0.6342814943240528,-0.004005643957348846,0.75
mid,10,10,10.0,4,12,0.02835309242877851,0.027631730210466224,0.028125200535430297,0.00022789189334820967,-0.0004934703249640675,0.7213622183122781,0.04767811643719504,0.8333333333333334
mid,10,10,10.0,5,12,0.01259555186949463,0.0119234546731293,0.0003918923135260953,0.012203659555968534,0.011531562359603204,0.6720971963653309,0.07545832504565761,0.75
mid,10,10,10.0,6,12,0.0044076827836947935,0.0037431525984538243,0.005109415435792732,-0.0007017326520979394,-0.0013662628373389068,0.6645301852409683,-0.048642678917683375,0.5833333333333334
mid,10,10,10.0,7,12,0.011986349218175263,0.011233162968774836,0.01055366032841226,0.0014326888897630053,0.000679502640362577,0.7531862494004282,0.09150670085452493,0.6666666666666666
mid,10,10,10.0,8,12,0.011130905357637097,0.010367194141888093,0.004830066643232115,0.006300838714404982,0.0055371274986559796,0.7637112157490032,0.05871994075546453,0.5833333333333334
mid,10,10,10.0,9,12,0.021588535705627073,0.020899504608629535,0.01027882665273061,0.011309709052896457,0.010620677955898923,0.6890310969975372,0.07883095809573726,0.6666666666666666
mid,10,10,10.0,10,12,0.008134627809974012,0.0074120583642425545,0.002302117723439494,0.005832510086534517,0.005109940640803061,0.7225694457314581,0.08630888958585814,0.5833333333333334
mid,10,10,10.0,11,12,-0.006779810999267795,-0.0074422781214167006,-0.021704289101142745,0.01492447810187495,0.014262010979726042,0.662467122148904,0.11774766715282113,0.3333333333333333
mid,10,10,10.0,12,12,0.011642371791834694,0.01083310702125781,0.003258703140315833,0.008383668651518858,0.007574403880941975,0.809264770576884,0.08508888016962603,0.5833333333333334
mid,10,10,10.0,13,12,0.0042299825908818645,0.0035245451081800014,0.0002726130542016442,0.00395736953668022,0.0032519320539783556,0.7054374827018641,0.03103816648735134,0.5
mid,10,10,10.0,14,12,0.0027676934586548427,0.0020350817344651643,-0.008815432190121498,0.011583125648776343,0.010850513924586663,0.7326117241896765,0.05551328358732775,0.5
mid,10,10,10.0,15,12,0.026102363136917845,0.02532759921970952,0.022825149329520466,0.003277213807397379,0.0025024498901890587,0.7747639172083195,0.07083809054091901,0.8333333333333334
mid,10,10,10.0,16,12,0.023042739948444385,0.022308914441686686,0.015436879092569225,0.007605860855875157,0.006872035349117457,0.7338255067576984,0.020547209271730572,0.6666666666666666
mid,10,10,10.0,17,12,0.00733554624859765,0.006635969846789969,-0.0024365651158404695,0.009772111364438117,0.009072534962630439,0.6995764018076801,0.09754296488828305,0.5
mid,10,10,10.0,18,12,0.012724180563335422,0.012071755002364125,-0.00028700926621965067,0.013011189829555077,0.012358764268583776,0.6524255609712978,0.09430744610774938,0.5833333333333334
mid,10,10,10.0,19,12,0.009646131334100638,0.009039709778423678,0.004107420963508462,0.005538710370592177,0.004932288814915214,0.6064215556769627,0.07623086121289825,0.75
mid,10,10,10.0,20,12,0.033117167705628406,0.032489794857437665,0.022045819300356234,0.01107134840527217,0.01044397555708143,0.6273728481907409,0.054391790369324525,0.9166666666666666
mid,10,10,10.0,21,12,0.027565471563214216,0.026890180315442616,0.017449059347023618,0.010116412216190591,0.009441120968419004,0.6752912477715912,0.07687947011111061,0.6666666666666666
mid,10,10,10.0,22,12,0.0012761201492842815,0.0005537203846883512,-0.004771935842173971,0.006048055991458252,0.005325656226862323,0.7223997645959305,0.026418167884203148,0.4166666666666667
mid,10,10,10.0,23,12,0.01518722508749225,0.014533713735905547,0.011260232627858269,0.003926992459633985,0.0032734811080472777,0.6535113515867063,0.043939277642917524,0.6666666666666666
mid,10,10,10.0,24,12,-0.003862610389582497,-0.004500194235485908,-0.013530775185951902,0.009668164796369403,0.00903058095046599,0.6375838459034103,0.04463063979026581,0.5833333333333334
mid,10,10,15.0,0,12,0.0002079650407597316,-0.0008232876066340574,-0.0030891835955786325,0.003297148636338365,0.002265895988944577,0.6875017649291926,0.05828442545010647,0.5
mid,10,10,15.0,1,12,0.010760552204650414,0.009806051379022757,0.0036429376820527534,0.0071176145225976635,0.006163113696970005,0.6363338837517715,0.0811531268100285,0.5833333333333334
mid,10,10,15.0,2,12,0.004560208597214475,0.0034879766163092214,-0.010674492991557092,0.015234701588771568,0.01416246960786631,0.7148213206035021,0.04594403401077953,0.4166666666666667
mid,10,10,15.0,3,12,0.019254638061420627,0.01830321581993455,0.017008260824119353,0.0022463772373012766,0.0012949549958151975,0.6342814943240528,-0.004005643957348846,0.75
mid,10,10,15.0,4,12,0.02835309242877851,0.027271049101310087,0.028125200535430297,0.00022789189334820967,-0.0008541514341202074,0.7213622183122781,0.04767811643719504,0.8333333333333334
mid,10,10,15.0,5,12,0.01259555186949463,0.011587406074946634,0.0003918923135260953,0.012203659555968534,0.011195513761420537,0.6720971963653309,0.07545832504565761,0.75
mid,10,10,15.0,6,12,0.0044076827836947935,0.0034108875058333405,0.005109415435792732,-0.0007017326520979394,-0.001698527929959391,0.6645301852409683,-0.048642678917683375,0.5833333333333334
mid,10,10,15.0,7,12,0.011986349218175263,0.010856569844074621,0.01055366032841226,0.0014326888897630053,0.0003029095156623636,0.7531862494004282,0.09150670085452493,0.6666666666666666
mid,10,10,15.0,8,12,0.011130905357637097,0.009985338534013592,0.004830066643232115,0.006300838714404982,0.005155271890781478,0.7637112157490032,0.05871994075546453,0.5833333333333334
mid,10,10,15.0,9,12,0.021588535705627073,0.020554989060130764,0.01027882665273061,0.011309709052896457,0.010276162407400154,0.6890310969975372,0.07883095809573726,0.6666666666666666
mid,10,10,15.0,10,12,0.008134627809974012,0.0070507736413768255,0.002302117723439494,0.005832510086534517,0.00474865591793733,0.7225694457314581,0.08630888958585814,0.5833333333333334
mid,10,10,15.0,11,12,-0.006779810999267795,-0.007773511682491148,-0.021704289101142745,0.01492447810187495,0.01393077741865159,0.662467122148904,0.11774766715282113,0.3333333333333333
mid,10,10,15.0,12,12,0.011642371791834694,0.010428474635969366,0.003258703140315833,0.008383668651518858,0.007169771495653533,0.809264770576884,0.08508888016962603,0.5833333333333334
mid,10,10,15.0,13,12,0.0042299825908818645,0.0031718263668290697,0.0002726130542016442,0.00395736953668022,0.002899213312627425,0.7054374827018641,0.03103816648735134,0.5
mid,10,10,15.0,14,12,0.0027676934586548427,0.0016687758723703246,-0.008815432190121498,0.011583125648776343,0.010484208062491824,0.7326117241896765,0.05551328358732775,0.5
mid,10,10,15.0,15,12,0.026102363136917845,0.02494021726110536,0.022825149329520466,0.003277213807397379,0.002115067931584899,0.7747639172083195,0.07083809054091901,0.8333333333333334
mid,10,10,15.0,16,12,0.023042739948444385,0.02194200168830784,0.015436879092569225,0.007605860855875157,0.006505122595738609,0.7338255067576984,0.020547209271730572,0.6666666666666666
mid,10,10,15.0,17,12,0.00733554624859765,0.006286181645886127,-0.0024365651158404695,0.009772111364438117,0.008722746761726597,0.6995764018076801,0.09754296488828305,0.5
mid,10,10,15.0,18,12,0.012724180563335422,0.011745542221878477,-0.00028700926621965067,0.013011189829555077,0.012032551488098127,0.6524255609712978,0.09430744610774938,0.5833333333333334
mid,10,10,15.0,19,12,0.009646131334100638,0.008736499000585195,0.004107420963508462,0.005538710370592177,0.004629078037076733,0.6064215556769627,0.07623086121289825,0.75
mid,10,10,15.0,20,12,0.033117167705628406,0.03217610843334228,0.022045819300356234,0.01107134840527217,0.010130289132986059,0.6273728481907409,0.054391790369324525,0.9166666666666666
mid,10,10,15.0,21,12,0.027565471563214216,0.026552534691556825,0.017449059347023618,0.010116412216190591,0.009103475344533206,0.6752912477715912,0.07687947011111061,0.6666666666666666
mid,10,10,15.0,22,12,0.0012761201492842815,0.0001925205023903855,-0.004771935842173971,0.006048055991458252,0.004964456344564358,0.7223997645959305,0.026418167884203148,0.4166666666666667
mid,10,10,15.0,23,12,0.01518722508749225,0.014206958060112193,0.011260232627858269,0.003926992459633985,0.0029467254322539257,0.6535113515867063,0.043939277642917524,0.6666666666666666
mid,10,10,15.0,24,12,-0.003862610389582497,-0.004818986158437614,-0.013530775185951902,0.009668164796369403,0.008711789027514287,0.6375838459034103,0.04463063979026581,0.5833333333333334
mid,10,10,25.0,0,12,0.0002079650407597316,-0.0015107893715632502,-0.0030891835955786325,0.003297148636338365,0.0015783942240153832,0.6875017649291926,0.05828442545010647,0.5
mid,10,10,25.0,1,12,0.010760552204650414,0.009169717495270987,0.0036429376820527534,0.0071176145225976635,0.005526779813218234,0.6363338837517715,0.0811531268100285,0.5833333333333334
mid,10,10,25.0,2,12,0.004560208597214475,0.0027731552957057184,-0.010674492991557092,0.015234701588771568,0.013447648287262812,0.7148213206035021,0.04594403401077953,0.4166666666666667
mid,10,10,25.0,3,12,0.019254638061420627,0.017668934325610494,0.017008260824119353,0.0022463772373012766,0.0006606735014911455,0.6342814943240528,-0.004005643957348846,0.75
mid,10,10,25.0,4,12,0.02835309242877851,0.026549686882997806,0.028125200535430297,0.00022789189334820967,-0.0015755136524324856,0.7213622183122781,0.04767811643719504,0.8333333333333334
mid,10,10,25.0,5,12,0.01259555186949463,0.010915308878581305,0.0003918923135260953,0.012203659555968534,0.01052341656505521,0.6720971963653309,0.07545832504565761,0.75
mid,10,10,25.0,6,12,0.0044076827836947935,0.0027463573205923717,0.005109415435792732,-0.0007017326520979394,-0.0023630581152003604,0.6645301852409683,-0.048642678917683375,0.5
mid,10,10,25.0,7,12,0.011986349218175263,0.010103383594674194,0.01055366032841226,0.0014326888897630053,-0.0004502767337380656,0.7531862494004282,0.09150670085452493,0.5833333333333334
mid,10,10,25.0,8,12,0.011130905357637097,0.00922162731826459,0.004830066643232115,0.006300838714404982,0.004391560675032474,0.7637112157490032,0.05871994075546453,0.5833333333333334
mid,10,10,25.0,9,12,0.021588535705627073,0.01986595796313323,0.01027882665273061,0.011309709052896457,0.009587131310402617,0.6890310969975372,0.07883095809573726,0.6666666666666666
mid,10,10,25.0,10,12,0.008134627809974012,0.0063282041956453676,0.002302117723439494,0.005832510086534517,0.004026086472205872,0.7225694457314581,0.08630888958585814,0.5833333333333334
mid,10,10,25.0,11,12,-0.006779810999267795,-0.008435978804640054,-0.021704289101142745,0.01492447810187495,0.013268310296502689,0.662467122148904,0.11774766715282113,0.3333333333333333
mid,10,10,25.0,12,12,0.011642371791834694,0.009619209865392483,0.003258703140315833,0.008383668651518858,0.00636050672507665,0.809264770576884,0.08508888016962603,0.5833333333333334
mid,10,10,25.0,13,12,0.0042299825908818645,0.002466388884127204,0.0002726130542016442,0.00395736953668022,0.0021937758299255586,0.7054374827018641,0.03103816648735134,0.5
mid,10,10,25.0,14,12,0.0027676934586548427,0.0009361641481806472,-0.008815432190121498,0.011583125648776343,0.009751596338302153,0.7326117241896765,0.05551328358732775,0.5
mid,10,10,25.0,15,12,0.026102363136917845,0.02416545334389704,0.022825149329520466,0.003277213807397379,0.0013403040143765785,0.7747639172083195,0.07083809054091901,0.8333333333333334
mid,10,10,25.0,16,12,0.023042739948444385,0.021208176181550135,0.015436879092569225,0.007605860855875157,0.005771297088980911,0.7338255067576984,0.020547209271730572,0.6666666666666666
mid,10,10,25.0,17,12,0.00733554624859765,0.005586605244078449,-0.0024365651158404695,0.009772111364438117,0.008023170359918919,0.6995764018076801,0.09754296488828305,0.5
mid,10,10,25.0,18,12,0.012724180563335422,0.011093116660907178,-0.00028700926621965067,0.013011189829555077,0.01138012592712683,0.6524255609712978,0.09430744610774938,0.5833333333333334
mid,10,10,25.0,19,12,0.009646131334100638,0.008130077444908233,0.004107420963508462,0.005538710370592177,0.004022656481399769,0.6064215556769627,0.07623086121289825,0.75
mid,10,10,25.0,20,12,0.033117167705628406,0.03154873558515156,0.022045819300356234,0.01107134840527217,0.009502916284795318,0.6273728481907409,0.054391790369324525,0.9166666666666666
mid,10,10,25.0,21,12,0.027565471563214216,0.025877243443785235,0.017449059347023618,0.010116412216190591,0.008428184096761616,0.6752912477715912,0.07687947011111061,0.6666666666666666
mid,10,10,25.0,22,12,0.0012761201492842815,-0.0005298792622055442,-0.004771935842173971,0.006048055991458252,0.004242056579968428,0.7223997645959305,0.026418167884203148,0.4166666666666667
mid,10,10,25.0,23,12,0.01518722508749225,0.013553446708525487,0.011260232627858269,0.003926992459633985,0.002293214080667219,0.6535113515867063,0.043939277642917524,0.6666666666666666
mid,10,10,25.0,24,12,-0.003862610389582497,-0.005456570004341025,-0.013530775185951902,0.009668164796369403,0.008074205181610877,0.6375838459034103,0.04463063979026581,0.5833333333333334
mid,10,10,35.0,0,12,0.0002079650407597316,-0.0021982911364924426,-0.0030891835955786325,0.003297148636338365,0.0008908924590861903,0.6875017649291926,0.05828442545010647,0.5
mid,10,10,35.0,1,12,0.010760552204650414,0.008533383611519216,0.0036429376820527534,0.0071176145225976635,0.0048904459294664615,0.6363338837517715,0.0811531268100285,0.5833333333333334
mid,10,10,35.0,2,12,0.004560208597214475,0.002058333975102218,-0.010674492991557092,0.015234701588771568,0.01273282696665931,0.7148213206035021,0.04594403401077953,0.4166666666666667
mid,10,10,35.0,3,12,0.019254638061420627,0.017034652831286443,0.017008260824119353,0.0022463772373012766,2.6392007167092234e-05,0.6342814943240528,-0.004005643957348846,0.6666666666666666
mid,10,10,35.0,4,12,0.02835309242877851,0.02582832466468553,0.028125200535430297,0.00022789189334820967,-0.0022968758707447635,0.7213622183122781,0.04767811643719504,0.8333333333333334
mid,10,10,35.0,5,12,0.01259555186949463,0.010243211682215972,0.0003918923135260953,0.012203659555968534,0.009851319368689876,0.6720971963653309,0.07545832504565761,0.75
mid,10,10,35.0,6,12,0.0044076827836947935,0.0020818271353514046,0.005109415435792732,-0.0007017326520979394,-0.003027588300441329,0.6645301852409683,-0.048642678917683375,0.5
mid,10,10,35.0,7,12,0.011986349218175263,0.009350197345273766,0.01055366032841226,0.0014326888897630053,-0.0012034629831384927,0.7531862494004282,0.09150670085452493,0.5833333333333334
mid,10,10,35.0,8,12,0.011130905357637097,0.008457916102515586,0.004830066643232115,0.006300838714404982,0.003627849459283471,0.7637112157490032,0.05871994075546453,0.5833333333333334
mid,10,10,35.0,9,12,0.021588535705627073,0.019176926866135688,0.01027882665273061,0.011309709052896457,0.008898100213405079,0.6890310969975372,0.07883095809573726,0.6666666666666666
mid,10,10,35.0,10,12,0.008134627809974012,0.00560563474991391,0.002302117723439494,0.005832510086534517,0.003303517026474413,0.7225694457314581,0.08630888958585814,0.5833333333333334
mid,10,10,35.0,11,12,-0.006779810999267795,-0.00909844592678896,-0.021704289101142745,0.01492447810187495,0.012605843174353782,0.662467122148904,0.11774766715282113,0.3333333333333333
mid,10,10,35.0,12,12,0.011642371791834694,0.008809945094815598,0.003258703140315833,0.008383668651518858,0.005551241954499765,0.809264770576884,0.08508888016962603,0.5833333333333334
mid,10,10,35.0,13,12,0.0042299825908818645,0.00176095140142534,0.0002726130542016442,0.00395736953668022,0.0014883383472236945,0.7054374827018641,0.03103816648735134,0.5
mid,10,10,35.0,14,12,0.0027676934586548427,0.00020355242399097145,-0.008815432190121498,0.011583125648776343,0.009018984614112475,0.7326117241896765,0.05551328358732775,0.5
mid,10,10,35.0,15,12,0.026102363136917845,0.02339068942668873,0.022825149329520466,0.003277213807397379,0.0005655400971682599,0.7747639172083195,0.07083809054091901,0.8333333333333334
mid,10,10,35.0,16,12,0.023042739948444385,0.020474350674792436,0.015436879092569225,0.007605860855875157,0.0050374715822232114,0.7338255067576984,0.020547209271730572,0.6666666666666666
mid,10,10,35.0,17,12,0.00733554624859765,0.00488702884227077,-0.0024365651158404695,0.009772111364438117,0.0073235939581112386,0.6995764018076801,0.09754296488828305,0.5
mid,10,10,35.0,18,12,0.012724180563335422,0.01044069109993588,-0.00028700926621965067,0.013011189829555077,0.010727700366155531,0.6524255609712978,0.09430744610774938,0.5833333333333334
mid,10,10,35.0,19,12,0.009646131334100638,0.00752365588923127,0.004107420963508462,0.005538710370592177,0.0034162349257228076,0.6064215556769627,0.07623086121289825,0.75
mid,10,10,35.0,20,12,0.033117167705628406,0.030921362736960806,0.022045819300356234,0.01107134840527217,0.008875543436604577,0.6273728481907409,0.054391790369324525,0.9166666666666666
mid,10,10,35.0,21,12,0.027565471563214216,0.02520195219601364,0.017449059347023618,0.010116412216190591,0.007752892848990025,0.6752912477715912,0.07687947011111061,0.6666666666666666
mid,10,10,35.0,22,12,0.0012761201492842815,-0.0012522790268014745,-0.004771935842173971,0.006048055991458252,0.0035196568153724964,0.7223997645959305,0.026418167884203148,0.4166666666666667
mid,10,10,35.0,23,12,0.01518722508749225,0.01289993535693878,0.011260232627858269,0.003926992459633985,0.0016397027290805117,0.6535113515867063,0.043939277642917524,0.6666666666666666
mid,10,10,35.0,24,12,-0.003862610389582497,-0.006094153850244435,-0.013530775185951902,0.009668164796369403,0.007436621335707465,0.6375838459034103,0.04463063979026581,0.5833333333333334
mid,10,20,10.0,0,12,0.002148032465105742,0.00156402841876497,-0.0030891835955786325,0.0052372160606843745,0.004653212014343602,0.5840040463407723,0.05828442545010647,0.5833333333333334
mid,10,20,10.0,1,12,0.005692778151817623,0.005178158596673935,0.0036429376820527534,0.002049840469764869,0.0015352209146211812,0.5146195551436893,0.0811531268100285,0.5
mid,10,20,10.0,2,12,0.0004027298196088933,-0.00016461242777350443,-0.010674492991557092,0.011077222811165986,0.010509880563783588,0.5673422473823989,0.04594403401077953,0.4166666666666667
mid,10,20,10.0,3,12,0.018321610196048124,0.01784416455719802,0.017008260824119353,0.0013133493719287733,0.0008359037330786667,0.47744563885010516,-0.004005643957348846,0.6666666666666666
mid,10,20,10.0,4,12,0.033231922598756236,0.03261734859483673,0.028125200535430297,0.005106722063325948,0.004492148059406443,0.614574003919503,0.04767811643719504,0.9166666666666666
mid,10,20,10.0,5,12,0.010083753121395795,0.009511449307387319,0.0003918923135260953,0.0096918608078697,0.009119556993861222,0.5723038140084777,0.07545832504565761,0.5833333333333334
mid,10,20,10.0,6,12,0.0019000270247521505,0.0012773412092483484,0.005109415435792732,-0.0032093884110405806,-0.003832074226544382,0.6226858155038019,-0.048642678917683375,0.4166666666666667
mid,10,20,10.0,7,12,0.010805133230645596,0.010164893690749265,0.01055366032841226,0.00025147290223333853,-0.0003887666376629942,0.640239539896332,0.09150670085452493,0.6666666666666666
mid,10,20,10.0,8,12,0.006240067889076013,0.005557444767162915,0.004830066643232115,0.0014100012458438994,0.0007273781239307988,0.6826231219131002,0.05871994075546453,0.5833333333333334
mid,10,20,10.0,9,12,0.017345753259029765,0.016667409190035447,0.01027882665273061,0.007066926606299157,0.00638858253730483,0.6783440689943255,0.07883095809573726,0.75
mid,10,20,10.0,10,12,0.008648207372543923,0.008000990246275994,0.002302117723439494,0.0063460896491044265,0.0056988725228365,0.6472171262679277,0.08630888958585814,0.6666666666666666
mid,10,20,10.0,11,12,-0.009308482427925629,-0.009915861281153892,-0.021704289101142745,0.012395806673217111,0.011788427819988852,0.6073788532282616,0.11774766715282113,0.25
mid,10,20,10.0,12,12,0.010636897433988981,0.009977723983046513,0.003258703140315833,0.0073781942936731485,0.006719020842730683,0.6591734509424679,0.08508888016962603,0.5
mid,10,20,10.0,13,12,0.00890674274813643,0.008257884550099256,0.0002726130542016442,0.008634129693934784,0.007985271495897612,0.648858198037173,0.03103816648735134,0.5833333333333334
mid,10,20,10.0,14,12,0.0015000049528809643,0.0008141572203306798,-0.008815432190121498,0.010315437143002466,0.009629589410452175,0.6858477325502893,0.05551328358732775,0.5
mid,10,20,10.0,15,12,0.029909383634131936,0.029250745717863305,0.022825149329520466,0.007084234304611469,0.00642559638834284,0.6586379162686297,0.07083809054091901,0.75
mid,10,20,10.0,16,12,0.019806926088450996,0.019116313002055987,0.015436879092569225,0.004370046995881766,0.0036794339094867647,0.6906130863950021,0.020547209271730572,0.6666666666666666
mid,10,20,10.0,17,12,0.008831916324305893,0.00813941649309529,-0.0024365651158404695,0.011268481440146366,0.010575981608935761,0.6924998312106023,0.09754296488828305,0.5833333333333334
mid,10,20,10.0,18,12,0.013245957626718088,0.012635002473040717,-0.00028700926621965067,0.013532966892937743,0.012922011739260372,0.6109551536773715,0.09430744610774938,0.5833333333333334
mid,10,20,10.0,19,12,0.008906181530892295,0.008348472172427736,0.004107420963508462,0.004798760567383833,0.004241051208919274,0.557709358464557,0.07623086121289825,0.75
mid,10,20,10.0,20,12,0.029811527910203844,0.02919205103872034,0.022045819300356234,0.007765708609847606,0.0071462317383641045,0.6194768714835033,0.054391790369324525,0.9166666666666666
mid,10,20,10.0,21,12,0.028165883759846837,0.02753855716602711,0.017449059347023618,0.010716824412823215,0.01008949781900349,0.627326593819726,0.07687947011111061,0.75
mid,10,20,10.0,22,12,-0.008167892522774951,-0.008824680593348441,-0.004771935842173971,-0.003395956680600979,-0.0040527447511744695,0.6567880705734918,0.026418167884203148,0.3333333333333333
mid,10,20,10.0,23,12,0.016234997129845406,0.015614252519007306,0.011260232627858269,0.004974764501987138,0.004354019891149038,0.6207446108380996,0.043939277642917524,0.5833333333333334
mid,10,20,10.0,24,12,-0.010595854050571202,-0.011210082751691946,-0.013530775185951902,0.0029349211353806998,0.0023206924342599536,0.6142287011207453,0.04463063979026581,0.3333333333333333
mid,10,20,15.0,0,12,0.002148032465105742,0.001272026395594584,-0.0030891835955786325,0.0052372160606843745,0.004361209991173217,0.5840040463407723,0.05828442545010647,0.5833333333333334
mid,10,20,15.0,1,12,0.005692778151817623,0.004920848819102088,0.0036429376820527534,0.002049840469764869,0.0012779111370493357,0.5146195551436893,0.0811531268100285,0.5
mid,10,20,15.0,2,12,0.0004027298196088933,-0.00044828355146470447,-0.010674492991557092,0.011077222811165986,0.010226209440092388,0.5673422473823989,0.04594403401077953,0.4166666666666667
mid,10,20,15.0,3,12,0.018321610196048124,0.017605441737772964,0.017008260824119353,0.0013133493719287733,0.0005971809136536167,0.47744563885010516,-0.004005643957348846,0.6666666666666666
mid,10,20,15.0,4,12,0.033231922598756236,0.03231006159287699,0.028125200535430297,0.005106722063325948,0.004184861057446692,0.614574003919503,0.04767811643719504,0.9166666666666666
mid,10,20,15.0,5,12,0.010083753121395795,0.009225297400383078,0.0003918923135260953,0.0096918608078697,0.008833405086856982,0.5723038140084777,0.07545832504565761,0.5833333333333334
mid,10,20,15.0,6,12,0.0019000270247521505,0.000965998301496448,0.005109415435792732,-0.0032093884110405806,-0.004143417134296283,0.6226858155038019,-0.048642678917683375,0.4166666666666667
mid,10,20,15.0,7,12,0.010805133230645596,0.009844773920801101,0.01055366032841226,0.00025147290223333853,-0.0007088864076111597,0.640239539896332,0.09150670085452493,0.6666666666666666
mid,10,20,15.0,8,12,0.006240067889076013,0.005216133206206363,0.004830066643232115,0.0014100012458438994,0.00038606656297424856,0.6826231219131002,0.05871994075546453,0.5833333333333334
mid,10,20,15.0,9,12,0.017345753259029765,0.01632823715553828,0.01027882665273061,0.007066926606299157,0.006049410502807668,0.6783440689943255,0.07883095809573726,0.75
mid,10,20,15.0,10,12,0.008648207372543923,0.0076773816831420295,0.002302117723439494,0.0063460896491044265,0.005375263959702535,0.6472171262679277,0.08630888958585814,0.6666666666666666
mid,10,20,15.0,11,12,-0.009308482427925629,-0.010219550707768022,-0.021704289101142745,0.012395806673217111,0.011484738393374723,0.6073788532282616,0.11774766715282113,0.25
mid,10,20,15.0,12,12,0.010636897433988981,0.009648137257575276,0.003258703140315833,0.0073781942936731485,0.006389434117259447,0.6591734509424679,0.08508888016962603,0.5
mid,10,20,15.0,13,12,0.00890674274813643,0.007933455451080667,0.0002726130542016442,0.008634129693934784,0.007660842396879021,0.648858198037173,0.03103816648735134,0.5833333333333334
mid,10,20,15.0,14,12,0.0015000049528809643,0.000471233354055534,-0.008815432190121498,0.010315437143002466,0.009286665544177031,0.6858477325502893,0.05551328358732775,0.5
mid,10,20,15.0,15,12,0.029909383634131936,0.028921426759728988,0.022825149329520466,0.007084234304611469,0.0060962774302085266,0.6586379162686297,0.07083809054091901,0.75
mid,10,20,15.0,16,12,0.019806926088450996,0.01877100645885849,0.015436879092569225,0.004370046995881766,0.0033341273662892638,0.6906130863950021,0.020547209271730572,0.6666666666666666
mid,10,20,15.0,17,12,0.008831916324305893,0.00779316657748999,-0.0024365651158404695,0.011268481440146366,0.01022973169333046,0.6924998312106023,0.09754296488828305,0.5833333333333334
mid,10,20,15.0,18,12,0.013245957626718088,0.012329524896202032,-0.00028700926621965067,0.013532966892937743,0.012616534162421686,0.6109551536773715,0.09430744610774938,0.5833333333333334
mid,10,20,15.0,19,12,0.008906181530892295,0.00806961749319546,0.004107420963508462,0.004798760567383833,0.003962196529686996,0.557709358464557,0.07623086121289825,0.75
mid,10,20,15.0,20,12,0.029811527910203844,0.028882312602978587,0.022045819300356234,0.007765708609847606,0.0068364933026223524,0.6194768714835033,0.054391790369324525,0.9166666666666666
mid,10,20,15.0,21,12,0.028165883759846837,0.02722489386911725,0.017449059347023618,0.010716824412823215,0.009775834522093628,0.627326593819726,0.07687947011111061,0.75
mid,10,20,15.0,22,12,-0.008167892522774951,-0.009153074628635188,-0.004771935842173971,-0.003395956680600979,-0.004381138786461218,0.6567880705734918,0.026418167884203148,0.3333333333333333
mid,10,20,15.0,23,12,0.016234997129845406,0.015303880213588255,0.011260232627858269,0.004974764501987138,0.004043647585729987,0.6207446108380996,0.043939277642917524,0.5833333333333334
mid,10,20,15.0,24,12,-0.010595854050571202,-0.01151719710225232,-0.013530775185951902,0.0029349211353806998,0.00201357808369958,0.6142287011207453,0.04463063979026581,0.3333333333333333
mid,10,20,25.0,0,12,0.002148032465105742,0.0006880223492538119,-0.0030891835955786325,0.0052372160606843745,0.0037772059448324437,0.5840040463407723,0.05828442545010647,0.5833333333333334
mid,10,20,25.0,1,12,0.005692778151817623,0.0044062292639584,0.0036429376820527534,0.002049840469764869,0.0007632915819056471,0.5146195551436893,0.0811531268100285,0.5
mid,10,20,25.0,2,12,0.0004027298196088933,-0.0010156257988471046,-0.010674492991557092,0.011077222811165986,0.009658867192709987,0.5673422473823989,0.04594403401077953,0.4166666666666667
mid,10,20,25.0,3,12,0.018321610196048124,0.017127996098922862,0.017008260824119353,0.0013133493719287733,0.00011973527480350968,0.47744563885010516,-0.004005643957348846,0.6666666666666666
mid,10,20,25.0,4,12,0.033231922598756236,0.03169548758895748,0.028125200535430297,0.005106722063325948,0.0035702870535271897,0.614574003919503,0.04767811643719504,0.9166666666666666
mid,10,20,25.0,5,12,0.010083753121395795,0.008652993586374601,0.0003918923135260953,0.0096918608078697,0.008261101272848506,0.5723038140084777,0.07545832504565761,0.5833333333333334
mid,10,20,25.0,6,12,0.0019000270247521505,0.0003433124859926467,0.005109415435792732,-0.0032093884110405806,-0.004766102949800086,0.6226858155038019,-0.048642678917683375,0.4166666666666667
mid,10,20,25.0,7,12,0.010805133230645596,0.009204534380904768,0.01055366032841226,0.00025147290223333853,-0.0013491259475074916,0.640239539896332,0.09150670085452493,0.6666666666666666
mid,10,20,25.0,8,12,0.006240067889076013,0.004533510084293265,0.004830066643232115,0.0014100012458438994,-0.00029655655893885056,0.6826231219131002,0.05871994075546453,0.5833333333333334
mid,10,20,25.0,9,12,0.017345753259029765,0.015649893086543954,0.01027882665273061,0.007066926606299157,0.005371066433813343,0.6783440689943255,0.07883095809573726,0.75
mid,10,20,25.0,10,12,0.008648207372543923,0.007030164556874102,0.002302117723439494,0.0063460896491044265,0.004728046833434608,0.6472171262679277,0.08630888958585814,0.6666666666666666
mid,10,20,25.0,11,12,-0.009308482427925629,-0.010826929560996283,-0.021704289101142745,0.012395806673217111,0.010877359540146458,0.6073788532282616,0.11774766715282113,0.25
mid,10,20,25.0,12,12,0.010636897433988981,0.008988963806632812,0.003258703140315833,0.0073781942936731485,0.005730260666316979,0.6591734509424679,0.08508888016962603,0.5
mid,10,20,25.0,13,12,0.00890674274813643,0.007284597253043495,0.0002726130542016442,0.008634129693934784,0.007011984198841849,0.648858198037173,0.03103816648735134,0.5833333333333334
mid,10,20,25.0,14,12,0.0015000049528809643,-0.000214614378494763,-0.008815432190121498,0.010315437143002466,0.008600817811626742,0.6858477325502893,0.05551328358732775,0.5
mid,10,20,25.0,15,12,0.029909383634131936,0.028262788843460354,0.022825149329520466,0.007084234304611469,0.005437639513939894,0.6586379162686297,0.07083809054091901,0.75
mid,10,20,25.0,16,12,0.019806926088450996,0.018080393372463484,0.015436879092569225,0.004370046995881766,0.00264351427989426,0.6906130863950021,0.020547209271730572,0.6666666666666666
mid,10,20,25.0,17,12,0.008831916324305893,0.007100666746279385,-0.0024365651158404695,0.011268481440146366,0.009537231862119857,0.6924998312106023,0.09754296488828305,0.5833333333333334
mid,10,20,25.0,18,12,0.013245957626718088,0.01171856974252466,-0.00028700926621965067,0.013532966892937743,0.012005579008744313,0.6109551536773715,0.09430744610774938,0.5833333333333334
mid,10,20,25.0,19,12,0.008906181530892295,0.007511908134730902,0.004107420963508462,0.004798760567383833,0.00340448717122244,0.557709358464557,0.07623086121289825,0.75
mid,10,20,25.0,20,12,0.029811527910203844,0.028262835731495083,0.022045819300356234,0.007765708609847606,0.006217016431138848,0.6194768714835033,0.054391790369324525,0.9166666666666666
mid,10,20,25.0,21,12,0.028165883759846837,0.02659756727529752,0.017449059347023618,0.010716824412823215,0.0091485079282739,0.627326593819726,0.07687947011111061,0.75
mid,10,20,25.0,22,12,-0.008167892522774951,-0.009809862699208681,-0.004771935842173971,-0.003395956680600979,-0.0050379268570347096,0.6567880705734918,0.026418167884203148,0.3333333333333333
mid,10,20,25.0,23,12,0.016234997129845406,0.014683135602750155,0.011260232627858269,0.004974764501987138,0.0034229029748918866,0.6207446108380996,0.043939277642917524,0.5833333333333334
mid,10,20,25.0,24,12,-0.010595854050571202,-0.012131425803373064,-0.013530775185951902,0.0029349211353806998,0.001399349382578835,0.6142287011207453,0.04463063979026581,0.3333333333333333
mid,10,20,35.0,0,12,0.002148032465105742,0.00010401830291303868,-0.0030891835955786325,0.0052372160606843745,0.003193201898491672,0.5840040463407723,0.05828442545010647,0.5833333333333334
mid,10,20,35.0,1,12,0.005692778151817623,0.0038916097088147086,0.0036429376820527534,0.002049840469764869,0.0002486720267619559,0.5146195551436893,0.0811531268100285,0.5
mid,10,20,35.0,2,12,0.0004027298196088933,-0.001582968046229501,-0.010674492991557092,0.011077222811165986,0.00909152494532759,0.5673422473823989,0.04594403401077953,0.4166666666666667
mid,10,20,35.0,3,12,0.018321610196048124,0.016650550460072754,0.017008260824119353,0.0013133493719287733,-0.000357710364046595,0.47744563885010516,-0.004005643957348846,0.6666666666666666
mid,10,20,35.0,4,12,0.033231922598756236,0.031080913585037978,0.028125200535430297,0.005106722063325948,0.0029557130496076878,0.614574003919503,0.04767811643719504,0.9166666666666666
mid,10,20,35.0,5,12,0.010083753121395795,0.008080689772366123,0.0003918923135260953,0.0096918608078697,0.007688797458840028,0.5723038140084777,0.07545832504565761,0.5833333333333334
mid,10,20,35.0,6,12,0.0019000270247521505,-0.00027937332951115504,0.005109415435792732,-0.0032093884110405806,-0.005388788765303887,0.6226858155038019,-0.048642678917683375,0.4166666666666667
mid,10,20,35.0,7,12,0.010805133230645596,0.008564294841008435,0.01055366032841226,0.00025147290223333853,-0.0019893654874038238,0.640239539896332,0.09150670085452493,0.6666666666666666
mid,10,20,35.0,8,12,0.006240067889076013,0.0038508869623801647,0.004830066643232115,0.0014100012458438994,-0.000979179680851951,0.6826231219131002,0.05871994075546453,0.5833333333333334
mid,10,20,35.0,9,12,0.017345753259029765,0.014971549017549629,0.01027882665273061,0.007066926606299157,0.0046927223648190195,0.6783440689943255,0.07883095809573726,0.6666666666666666
mid,10,20,35.0,10,12,0.008648207372543923,0.006382947430606173,0.002302117723439494,0.0063460896491044265,0.00408082970716668,0.6472171262679277,0.08630888958585814,0.6666666666666666
mid,10,20,35.0,11,12,-0.009308482427925629,-0.011434308414224542,-0.021704289101142745,0.012395806673217111,0.010269980686918197,0.6073788532282616,0.11774766715282113,0.25
mid,10,20,35.0,12,12,0.010636897433988981,0.008329790355690344,0.003258703140315833,0.0073781942936731485,0.00507108721537451,0.6591734509424679,0.08508888016962603,0.5
mid,10,20,35.0,13,12,0.00890674274813643,0.006635739055006323,0.0002726130542016442,0.008634129693934784,0.006363126000804679,0.648858198037173,0.03103816648735134,0.5833333333333334
mid,10,20,35.0,14,12,0.0015000049528809643,-0.0009004621110450485,-0.008815432190121498,0.010315437143002466,0.007914970079076452,0.6858477325502893,0.05551328358732775,0.5
mid,10,20,35.0,15,12,0.029909383634131936,0.02760415092719173,0.022825149329520466,0.007084234304611469,0.004779001597671264,0.6586379162686297,0.07083809054091901,0.75
mid,10,20,35.0,16,12,0.019806926088450996,0.017389780286068485,0.015436879092569225,0.004370046995881766,0.0019529011934992589,0.6906130863950021,0.020547209271730572,0.6666666666666666
mid,10,20,35.0,17,12,0.008831916324305893,0.006408166915068785,-0.0024365651158404695,0.011268481440146366,0.008844732030909254,0.6924998312106023,0.09754296488828305,0.5833333333333334
mid,10,20,35.0,18,12,0.013245957626718088,0.01110761458884729,-0.00028700926621965067,0.013532966892937743,0.01139462385506694,0.6109551536773715,0.09430744610774938,0.5833333333333334
mid,10,20,35.0,19,12,0.008906181530892295,0.006954198776266345,0.004107420963508462,0.004798760567383833,0.0028467778127578823,0.557709358464557,0.07623086121289825,0.75
mid,10,20,35.0,20,12,0.029811527910203844,0.027643358860011583,0.022045819300356234,0.007765708609847606,0.005597539559655346,0.6194768714835033,0.054391790369324525,0.9166666666666666
mid,10,20,35.0,21,12,0.028165883759846837,0.025970240681477793,0.017449059347023618,0.010716824412823215,0.008521181334454175,0.627326593819726,0.07687947011111061,0.75
mid,10,20,35.0,22,12,-0.008167892522774951,-0.010466650769782171,-0.004771935842173971,-0.003395956680600979,-0.0056947149276081995,0.6567880705734918,0.026418167884203148,0.3333333333333333
mid,10,20,35.0,23,12,0.016234997129845406,0.014062390991912055,0.011260232627858269,0.004974764501987138,0.0028021583640537896,0.6207446108380996,0.043939277642917524,0.5833333333333334
mid,10,20,35.0,24,12,-0.010595854050571202,-0.01274565450449381,-0.013530775185951902,0.0029349211353806998,0.0007851206814580907,0.6142287011207453,0.04463063979026581,0.3333333333333333
mid,20,10,10.0,0,12,0.006310526694641583,0.005565547858208851,-0.0036872717938594597,0.009997798488501046,0.009252819652068313,0.7449788364327343,0.08365238702340246,0.6666666666666666
mid,20,10,10.0,1,12,0.024394453391762844,0.02364112874016329,0.0044676022107523515,0.01992685118101049,0.01917352652941093,0.753324651599557,0.07768040062154989,0.5833333333333334
mid,20,10,10.0,2,12,0.03037734195679156,0.029602921495995037,0.034447564129250936,-0.0040702221724593715,-0.004844642633255896,0.7744204607965243,0.04726740632015874,0.75
mid,20,10,10.0,3,12,0.007252626835683282,0.006470261489830482,0.003573560223627021,0.0036790666120562615,0.0028967012662034614,0.7823653458528006,0.07865160501085035,0.5833333333333334
mid,20,10,10.0,4,12,0.018739192318497373,0.01791549586077974,0.015413611107315456,0.003325581211181918,0.0025018847534642847,0.8236964577176318,0.034469085577657606,0.75
mid,20,10,10.0,5,12,0.006942322535594088,0.006177097978052268,0.0034905276670486314,0.003451794868545456,0.0026865703110036357,0.7652245575418198,0.09911859270035638,0.5833333333333334
mid,20,10,10.0,6,12,0.00024842249194970595,-0.0005594874935707037,-0.01757011499079447,0.01781853748274417,0.017010627497223763,0.8079099855204107,0.1295228014497658,0.4166666666666667
mid,20,10,10.0,7,12,0.027413565331392647,0.026655011348835855,0.011433579641553787,0.01597998568983885,0.015221431707282069,0.7585539825567883,0.06070043033311225,0.6666666666666666
mid,20,10,10.0,8,12,0.02193616988148858,0.021164093521451825,0.04290431192425245,-0.02096814204276388,-0.021740218402800632,0.7720763600367535,0.03459558364556289,0.6666666666666666
mid,20,10,10.0,9,12,0.019445734877112666,0.018678020123113422,0.0031465916354460085,0.016299143241666664,0.015531428487667412,0.7677147539992429,0.11651752761830954,0.6666666666666666
mid,20,10,10.0,10,12,0.05994563785809842,0.05917195366085273,0.03764442416841668,0.022301213689681743,0.021527529492436054,0.7736841972456903,0.1108166861110118,0.9166666666666666
mid,20,10,10.0,11,12,0.011900407020040958,0.011135035643698254,0.0012627618754598713,0.01063764514458109,0.00987227376823838,0.765371376342705,0.05708882293308339,0.5833333333333334
mid,20,10,10.0,12,12,0.01926033983947605,0.018548777135414193,-0.0012712855916701762,0.020531625431146224,0.019820062727084375,0.7115627040618505,0.0975367882861216,0.5833333333333334
mid,20,10,15.0,0,12,0.006310526694641583,0.005193058439992483,-0.0036872717938594597,0.009997798488501046,0.008880330233851944,0.7449788364327343,0.08365238702340246,0.6666666666666666
mid,20,10,15.0,1,12,0.024394453391762844,0.02326446641436351,0.0044676022107523515,0.01992685118101049,0.018796864203611156,0.753324651599557,0.07768040062154989,0.5833333333333334
mid,20,10,15.0,2,12,0.03037734195679156,0.029215711265596776,0.034447564129250936,-0.0040702221724593715,-0.00523185286365416,0.7744204607965243,0.04726740632015874,0.75
mid,20,10,15.0,3,12,0.007252626835683282,0.006079078816904081,0.003573560223627021,0.0036790666120562615,0.0025055185932770594,0.7823653458528006,0.07865160501085035,0.5833333333333334
mid,20,10,15.0,4,12,0.018739192318497373,0.017503647631920926,0.015413611107315456,0.003325581211181918,0.0020900365246054715,0.8236964577176318,0.034469085577657606,0.75
mid,20,10,15.0,5,12,0.006942322535594088,0.00579448569928136,0.0034905276670486314,0.003451794868545456,0.0023039580322327257,0.7652245575418198,0.09911859270035638,0.5833333333333334
mid,20,10,15.0,6,12,0.00024842249194970595,-0.0009634424863309102,-0.01757011499079447,0.01781853748274417,0.016606672504463557,0.8079099855204107,0.1295228014497658,0.4166666666666667
mid,20,10,15.0,7,12,0.027413565331392647,0.02627573435755746,0.011433579641553787,0.01597998568983885,0.014842154716003671,0.7585539825567883,0.06070043033311225,0.6666666666666666
mid,20,10,15.0,8,12,0.02193616988148858,0.020778055341433448,0.04290431192425245,-0.02096814204276388,-0.02212625658281901,0.7720763600367535,0.03459558364556289,0.6666666666666666
mid,20,10,15.0,9,12,0.019445734877112666,0.018294162746113802,0.0031465916354460085,0.016299143241666664,0.015147571110667793,0.7677147539992429,0.11651752761830954,0.6666666666666666
mid,20,10,15.0,10,12,0.05994563785809842,0.05878511156222988,0.03764442416841668,0.022301213689681743,0.021140687393813213,0.7736841972456903,0.1108166861110118,0.9166666666666666
mid,20,10,15.0,11,12,0.011900407020040958,0.010752349955526897,0.0012627618754598713,0.01063764514458109,0.009489588080067028,0.765371376342705,0.05708882293308339,0.5833333333333334
mid,20,10,15.0,12,12,0.01926033983947605,0.018192995783383265,-0.0012712855916701762,0.020531625431146224,0.019464281375053443,0.7115627040618505,0.0975367882861216,0.5833333333333334
mid,20,10,25.0,0,12,0.006310526694641583,0.004448079603559748,-0.0036872717938594597,0.009997798488501046,0.008135351397419211,0.7449788364327343,0.08365238702340246,0.6666666666666666
mid,20,10,25.0,1,12,0.024394453391762844,0.02251114176276395,0.0044676022107523515,0.01992685118101049,0.018043539552011597,0.753324651599557,0.07768040062154989,0.5833333333333334
mid,20,10,25.0,2,12,0.03037734195679156,0.02844129080480025,0.034447564129250936,-0.0040702221724593715,-0.006006273324450684,0.7744204607965243,0.04726740632015874,0.75
mid,20,10,25.0,3,12,0.007252626835683282,0.005296713471051279,0.003573560223627021,0.0036790666120562615,0.001723153247424258,0.7823653458528006,0.07865160501085035,0.5833333333333334
mid,20,10,25.0,4,12,0.018739192318497373,0.016679951174203293,0.015413611107315456,0.003325581211181918,0.0012663400668878368,0.8236964577176318,0.034469085577657606,0.75
mid,20,10,25.0,5,12,0.006942322535594088,0.005029261141739538,0.0034905276670486314,0.003451794868545456,0.0015387334746909045,0.7652245575418198,0.09911859270035638,0.5833333333333334
mid,20,10,25.0,6,12,0.00024842249194970595,-0.0017713524718513212,-0.01757011499079447,0.01781853748274417,0.015798762518943143,0.8079099855204107,0.1295228014497658,0.4166666666666667
mid,20,10,25.0,7,12,0.027413565331392647,0.025517180375000673,0.011433579641553787,0.01597998568983885,0.014083600733446883,0.7585539825567883,0.06070043033311225,0.6666666666666666
mid,20,10,25.0,8,12,0.02193616988148858,0.02000597898139669,0.04290431192425245,-0.02096814204276388,-0.02289833294285577,0.7720763600367535,0.03459558364556289,0.6666666666666666
mid,20,10,25.0,9,12,0.019445734877112666,0.017526447992114558,0.0031465916354460085,0.016299143241666664,0.01437985635666855,0.7677147539992429,0.11651752761830954,0.6666666666666666
mid,20,10,25.0,10,12,0.05994563785809842,0.05801142736498419,0.03764442416841668,0.022301213689681743,0.02036700319656752,0.7736841972456903,0.1108166861110118,0.9166666666666666
mid,20,10,25.0,11,12,0.011900407020040958,0.009986978579184192,0.0012627618754598713,0.01063764514458109,0.008724216703724324,0.765371376342705,0.05708882293308339,0.5833333333333334
mid,20,10,25.0,12,12,0.01926033983947605,0.01748143307932142,-0.0012712855916701762,0.020531625431146224,0.018752718670991597,0.7115627040618505,0.0975367882861216,0.5833333333333334
mid,20,10,35.0,0,12,0.006310526694641583,0.0037031007671270134,-0.0036872717938594597,0.009997798488501046,0.007390372560986473,0.7449788364327343,0.08365238702340246,0.6666666666666666
mid,20,10,35.0,1,12,0.024394453391762844,0.021757817111164396,0.0044676022107523515,0.01992685118101049,0.01729021490041204,0.753324651599557,0.07768040062154989,0.5833333333333334
mid,20,10,35.0,2,12,0.03037734195679156,0.027666870344003728,0.034447564129250936,-0.0040702221724593715,-0.0067806937852472075,0.7744204607965243,0.04726740632015874,0.75
mid,20,10,35.0,3,12,0.007252626835683282,0.0045143481251984805,0.003573560223627021,0.0036790666120562615,0.0009407879015714592,0.7823653458528006,0.07865160501085035,0.5833333333333334
mid,20,10,35.0,4,12,0.018739192318497373,0.015856254716485663,0.015413611107315456,0.003325581211181918,0.0004426436091702086,0.8236964577176318,0.034469085577657606,0.75
mid,20,10,35.0,5,12,0.006942322535594088,0.004264036584197721,0.0034905276670486314,0.003451794868545456,0.0007735089171490873,0.7652245575418198,0.09911859270035638,0.5833333333333334
mid,20,10,35.0,6,12,0.00024842249194970595,-0.002579262457371731,-0.01757011499079447,0.01781853748274417,0.014990852533422734,0.8079099855204107,0.1295228014497658,0.4166666666666667
mid,20,10,35.0,7,12,0.027413565331392647,0.024758626392443885,0.011433579641553787,0.01597998568983885,0.013325046750890093,0.7585539825567883,0.06070043033311225,0.6666666666666666
mid,20,10,35.0,8,12,0.02193616988148858,0.019233902621359936,0.04290431192425245,-0.02096814204276388,-0.023670409302892517,0.7720763600367535,0.03459558364556289,0.6666666666666666
mid,20,10,35.0,9,12,0.019445734877112666,0.016758733238115317,0.0031465916354460085,0.016299143241666664,0.01361214160266931,0.7677147539992429,0.11651752761830954,0.6666666666666666
mid,20,10,35.0,10,12,0.05994563785809842,0.057237743167738504,0.03764442416841668,0.022301213689681743,0.01959331899932183,0.7736841972456903,0.1108166861110118,0.9166666666666666
mid,20,10,35.0,11,12,0.011900407020040958,0.009221607202841488,0.0012627618754598713,0.01063764514458109,0.007958845327381617,0.765371376342705,0.05708882293308339,0.5833333333333334
mid,20,10,35.0,12,12,0.01926033983947605,0.01676987037525957,-0.0012712855916701762,0.020531625431146224,0.018041155966929748,0.7115627040618505,0.0975367882861216,0.5833333333333334
mid,20,20,10.0,0,12,0.0070105234796420885,0.006356583407949363,-0.0036872717938594597,0.010697795273501546,0.010043855201808824,0.6539400716927223,0.08365238702340246,0.5833333333333334
mid,20,20,10.0,1,12,0.019988868743819155,0.019314087116105647,0.0044676022107523515,0.015521266533066805,0.014846484905353294,0.674781627713512,0.07768040062154989,0.5833333333333334
mid,20,20,10.0,2,12,0.03648603305383998,0.035828941918611905,0.034447564129250936,0.0020384689245890506,0.0013813777893609677,0.6570911352280848,0.04726740632015874,0.9166666666666666
mid,20,20,10.0,3,12,0.0036067282995614867,0.0028480362934956045,0.003573560223627021,3.316807593446684e-05,-0.0007255239301314168,0.7586920060658836,0.07865160501085035,0.5
mid,20,20,10.0,4,12,0.015846800577976716,0.015112436316212887,0.015413611107315456,0.00043318947066126246,-0.0003011747911025704,0.7343642617638326,0.034469085577657606,0.6666666666666666
mid,20,20,10.0,5,12,0.007366615626463271,0.006718525085516278,0.0034905276670486314,0.003876087959414636,0.0032279974184676445,0.6480905409469925,0.09911859270035638,0.5
mid,20,20,10.0,6,12,-0.004507927997604689,-0.005239792823640589,-0.01757011499079447,0.013062186993189777,0.012330322167153877,0.7318648260358978,0.1295228014497658,0.5
mid,20,20,10.0,7,12,0.02069051387521637,0.01999249270899978,0.011433579641553787,0.009256934233662582,0.008558913067445991,0.6980211662165892,0.06070043033311225,0.8333333333333334
mid,20,20,10.0,8,12,0.03300058538236764,0.03230449343172987,0.04290431192425245,-0.00990372654188481,-0.010599818492522584,0.6960919506377684,0.03459558364556289,0.75
mid,20,20,10.0,9,12,0.008801821182048163,0.008108010686773338,0.0031465916354460085,0.005655229546602156,0.00496141905132733,0.6938104952748247,0.11651752761830954,0.5833333333333334
mid,20,20,10.0,10,12,0.050344945866259594,0.04964184197591425,0.03764442416841668,0.012700521697842929,0.011997417807497563,0.7031038903453638,0.1108166861110118,0.8333333333333334
mid,20,20,10.0,11,12,0.0037631107578969375,0.003094598478760306,0.0012627618754598713,0.0025003488824370686,0.0018318366033004349,0.668512279136634,0.05708882293308339,0.5
mid,20,20,10.0,12,12,0.007432921814729626,0.0067514681010805684,-0.0012712855916701762,0.008704207406399805,0.008022753692750741,0.6814537136490654,0.0975367882861216,0.5833333333333334
mid,20,20,15.0,0,12,0.0070105234796420885,0.006029613372103003,-0.0036872717938594597,0.010697795273501546,0.009716885165962462,0.6539400716927223,0.08365238702340246,0.5833333333333334
mid,20,20,15.0,1,12,0.019988868743819155,0.018976696302248887,0.0044676022107523515,0.015521266533066805,0.014509094091496534,0.674781627713512,0.07768040062154989,0.5833333333333334
mid,20,20,15.0,2,12,0.03648603305383998,0.03550039635099786,0.034447564129250936,0.0020384689245890506,0.001052832221746924,0.6570911352280848,0.04726740632015874,0.9166666666666666
mid,20,20,15.0,3,12,0.0036067282995614867,0.0024686902904626612,0.003573560223627021,3.316807593446684e-05,-0.001104869933164358,0.7586920060658836,0.07865160501085035,0.5
mid,20,20,15.0,4,12,0.015846800577976716,0.014745254185330972,0.015413611107315456,0.00043318947066126246,-0.0006683569219844854,0.7343642617638326,0.034469085577657606,0.6666666666666666
mid,20,20,15.0,5,12,0.007366615626463271,0.006394479815042782,0.0034905276670486314,0.003876087959414636,0.002903952147994148,0.6480905409469925,0.09911859270035638,0.5
mid,20,20,15.0,6,12,-0.004507927997604689,-0.005605725236658538,-0.01757011499079447,0.013062186993189777,0.011964389754135928,0.7318648260358978,0.1295228014497658,0.5
mid,20,20,15.0,7,12,0.02069051387521637,0.019643482125891485,0.011433579641553787,0.009256934233662582,0.008209902484337695,0.6980211662165892,0.06070043033311225,0.8333333333333334
mid,20,20,15.0,8,12,0.03300058538236764,0.031956447456411,0.04290431192425245,-0.00990372654188481,-0.010947864467841463,0.6960919506377684,0.03459558364556289,0.75
mid,20,20,15.0,9,12,0.008801821182048163,0.007761105439135926,0.0031465916354460085,0.005655229546602156,0.004614513803689918,0.6938104952748247,0.11651752761830954,0.5833333333333334
mid,20,20,15.0,10,12,0.050344945866259594,0.049290290030741556,0.03764442416841668,0.012700521697842929,0.011645865862324878,0.7031038903453638,0.1108166861110118,0.8333333333333334
mid,20,20,15.0,11,12,0.0037631107578969375,0.002760342339191988,0.0012627618754598713,0.0025003488824370686,0.0014975804637321181,0.668512279136634,0.05708882293308339,0.5
mid,20,20,15.0,12,12,0.007432921814729626,0.006410741244256025,-0.0012712855916701762,0.008704207406399805,0.007682026835926207,0.6814537136490654,0.0975367882861216,0.5833333333333334
mid,20,20,25.0,0,12,0.0070105234796420885,0.0053756733004102775,-0.0036872717938594597,0.010697795273501546,0.009062945094269742,0.6539400716927223,0.08365238702340246,0.5833333333333334
mid,20,20,25.0,1,12,0.019988868743819155,0.018301914674535378,0.0044676022107523515,0.015521266533066805,0.013834312463783022,0.674781627713512,0.07768040062154989,0.5833333333333334
mid,20,20,25.0,2,12,0.03648603305383998,0.03484330521576976,0.034447564129250936,0.0020384689245890506,0.00039574108651883877,0.6570911352280848,0.04726740632015874,0.9166666666666666
mid,20,20,25.0,3,12,0.0036067282995614867,0.0017099982843967801,0.003573560223627021,3.316807593446684e-05,-0.0018635619392302419,0.7586920060658836,0.07865160501085035,0.5
mid,20,20,25.0,4,12,0.015846800577976716,0.014010889923567136,0.015413611107315456,0.00043318947066126246,-0.0014027211837483195,0.7343642617638326,0.034469085577657606,0.6666666666666666
mid,20,20,25.0,5,12,0.007366615626463271,0.00574638927409579,0.0034905276670486314,0.003876087959414636,0.0022558616070471557,0.6480905409469925,0.09911859270035638,0.5
mid,20,20,25.0,6,12,-0.004507927997604689,-0.006337590062694434,-0.01757011499079447,0.013062186993189777,0.01123252492810003,0.7318648260358978,0.1295228014497658,0.5
mid,20,20,25.0,7,12,0.02069051387521637,0.018945460959674896,0.011433579641553787,0.009256934233662582,0.0075118813181211065,0.6980211662165892,0.06070043033311225,0.75
mid,20,20,25.0,8,12,0.03300058538236764,0.031260355505773225,0.04290431192425245,-0.00990372654188481,-0.011643956418479236,0.6960919506377684,0.03459558364556289,0.75
mid,20,20,25.0,9,12,0.008801821182048163,0.007067294943861103,0.0031465916354460085,0.005655229546602156,0.003920703308415093,0.6938104952748247,0.11651752761830954,0.5833333333333334
mid,20,20,25.0,10,12,0.050344945866259594,0.0485871861403962,0.03764442416841668,0.012700521697842929,0.010942761971979515,0.7031038903453638,0.1108166861110118,0.8333333333333334
mid,20,20,25.0,11,12,0.0037631107578969375,0.0020918300600553546,0.0012627618754598713,0.0025003488824370686,0.0008290681845954835,0.668512279136634,0.05708882293308339,0.5
mid,20,20,25.0,12,12,0.007432921814729626,0.005729287530606963,-0.0012712855916701762,0.008704207406399805,0.007000573122277142,0.6814537136490654,0.0975367882861216,0.5
mid,20,20,35.0,0,12,0.0070105234796420885,0.00472173322871756,-0.0036872717938594597,0.010697795273501546,0.008409005022577019,0.6539400716927223,0.08365238702340246,0.5833333333333334
mid,20,20,35.0,1,12,0.019988868743819155,0.017627133046821866,0.0044676022107523515,0.015521266533066805,0.013159530836069513,0.674781627713512,0.07768040062154989,0.5833333333333334
mid,20,20,35.0,2,12,0.03648603305383998,0.034186214080541684,0.034447564129250936,0.0020384689245890506,-0.0002613500487092469,0.6570911352280848,0.04726740632015874,0.9166666666666666
mid,20,20,35.0,3,12,0.0036067282995614867,0.0009513062783308939,0.003573560223627021,3.316807593446684e-05,-0.0026222539452961263,0.7586920060658836,0.07865160501085035,0.5
mid,20,20,35.0,4,12,0.015846800577976716,0.013276525661803304,0.015413611107315456,0.00043318947066126246,-0.002137085445512152,0.7343642617638326,0.034469085577657606,0.6666666666666666
mid,20,20,35.0,5,12,0.007366615626463271,0.005098298733148797,0.0034905276670486314,0.003876087959414636,0.0016077710661001638,0.6480905409469925,0.09911859270035638,0.5
mid,20,20,35.0,6,12,-0.004507927997604689,-0.007069454888730333,-0.01757011499079447,0.013062186993189777,0.010500660102064135,0.7318648260358978,0.1295228014497658,0.4166666666666667
mid,20,20,35.0,7,12,0.02069051387521637,0.018247439793458307,0.011433579641553787,0.009256934233662582,0.006813860151904519,0.6980211662165892,0.06070043033311225,0.75
mid,20,20,35.0,8,12,0.03300058538236764,0.03056426355513545,0.04290431192425245,-0.00990372654188481,-0.012340048369117002,0.6960919506377684,0.03459558364556289,0.75
mid,20,20,35.0,9,12,0.008801821182048163,0.006373484448586277,0.0031465916354460085,0.005655229546602156,0.003226892813140267,0.6938104952748247,0.11651752761830954,0.5833333333333334
mid,20,20,35.0,10,12,0.050344945866259594,0.04788408225005083,0.03764442416841668,0.012700521697842929,0.010239658081634151,0.7031038903453638,0.1108166861110118,0.8333333333333334
mid,20,20,35.0,11,12,0.0037631107578969375,0.0014233177809187235,0.0012627618754598713,0.0025003488824370686,0.00016055590545885288,0.668512279136634,0.05708882293308339,0.5
mid,20,20,35.0,12,12,0.007432921814729626,0.005047833816957901,-0.0012712855916701762,0.008704207406399805,0.0063191194086280765,0.6814537136490654,0.0975367882861216,0.5
small,10,10,10.0,0,12,8.871994294873571e-06,-0.000542257611777236,0.00167609862292174,-0.0016672266286268647,-0.002218356234698976,0.5511296060721099,0.02576017302971006,0.4166666666666667
small,10,10,10.0,1,12,0.00373683662935766,0.0030571487582857436,0.0020303231459089595,0.0017065134834487001,0.0010268256123767822,0.6796878710719172,0.00429186510821868,0.6666666666666666
small,10,10,10.0,2,12,-0.0024133953047174883,-0.003056619400809741,-0.008734028555429632,0.006320633250712144,0.005677409154619894,0.6432240960922503,0.06784419188156719,0.4166666666666667
small,10,10,10.0,3,12,0.00961569860304969,0.00903606022692626,0.01484190173690355,-0.005226203133853861,-0.005805841509977291,0.5796383761234297,0.06691004325833312,0.75
small,10,10,10.0,4,12,0.042534889110123174,0.04185510914736085,0.02778839125408805,0.014746497856035127,0.014066717893272795,0.6797799627623299,0.09284408057509358,0.75
small,10,10,10.0,5,12,0.0009782550083488554,0.00029183748919641914,-0.007304236296764396,0.008282491305113252,0.007596073785960815,0.6864175191524365,0.13557774953858787,0.4166666666666667
small,10,10,10.0,6,12,0.022048773890366687,0.02134266780576913,0.007382565696178668,0.014666208194188018,0.013960102109590462,0.7061060845975549,0.06231436705094071,0.5833333333333334
small,10,10,10.0,7,12,0.010991862319635897,0.010324357384131545,0.009550369965508882,0.0014414923541270143,0.0007739874186226611,0.6675049355043529,0.07774423127563819,0.6666666666666666
small,10,10,10.0,8,12,0.02616529880309808,0.025435194701605473,0.007022202547675349,0.01914309625542273,0.01841299215393012,0.7301041014926071,0.15052097878090448,0.8333333333333334
small,10,10,10.0,9,12,0.021718523266859902,0.020998832393889614,0.00732125617078479,0.014397267096075117,0.013677576223104825,0.7196908729702912,0.16341697916970807,0.6666666666666666
small,10,10,10.0,10,12,0.01637867425263005,0.015725846020287055,0.002420717163357143,0.013957957089272909,0.013305128856929914,0.6528282323429968,0.11543841777161781,0.75
small,10,10,10.0,11,12,-0.015903633084764123,-0.016627422391587147,-0.025155366862868355,0.009251733778104227,0.008527944471281202,0.7237893068230224,0.05499421245276088,0.16666666666666666
small,10,10,10.0,12,12,0.01586737000730054,0.01513298130342224,0.0007834508540705611,0.01508391915322998,0.014349530449351682,0.7343887038782992,0.11879322125206891,0.75
small,10,10,10.0,13,12,-0.007576079681040655,-0.008270901306144557,-0.00985435583786704,0.002278276156826385,0.0015834545317224829,0.6948216251039018,0.14276576694822632,0.5
small,10,10,10.0,14,12,-0.002709486981427891,-0.003506513910364067,-0.016915965051839957,0.014206478070412072,0.013409451141475891,0.7970269289361779,0.08838738400137329,0.5
small,10,10,10.0,15,12,0.03994751203416258,0.0392342383345908,0.023611523126855643,0.01633598890730694,0.015622715207735163,0.7132736995717771,0.120653940311727,0.75
small,10,10,10.0,16,12,0.029329731392044724,0.028610654452038,0.021756149563177247,0.007573581828867468,0.006854504888860749,0.7190769400067207,0.08480000348640952,0.75
small,10,10,10.0,17,12,0.005145988718248334,0.004507729459073077,-0.00024887395125684455,0.005394862669505176,0.004756603410329921,0.6382592591752559,0.07859431885973953,0.5833333333333334
small,10,10,10.0,18,12,0.012082417495943193,0.011351979249613932,-0.0019339486589472635,0.014016366154890457,0.013285927908561194,0.7304382463292615,0.11228301497584789,0.6666666666666666
small,10,10,10.0,19,12,0.00401903161402628,0.0033602068607652183,0.0012245149438785865,0.0027945166701476946,0.0021356919168866325,0.6588247532610622,0.09804609315797895,0.4166666666666667
small,10,10,10.0,20,12,0.022566302468024633,0.021936888118540276,0.018326550800170014,0.004239751667854616,0.003610337318370264,0.6294143494843522,0.08442489404996109,0.6666666666666666
small,10,10,10.0,21,12,0.019056178474753004,0.018252583461707727,0.010970394821111833,0.008085783653641168,0.007282188640595892,0.8035950130452783,0.10635168878419637,0.5833333333333334
small,10,10,10.0,22,12,0.000747173314326775,-6.728845793520695e-08,-0.00727758664614479,0.008024759960471566,0.007277519357686858,0.7472406027847099,0.10871530836802955,0.5
small,10,10,10.0,23,12,0.023993448323172,0.02320203381565454,0.008150836245137382,0.015842612078034616,0.015051197570517158,0.7914145075174606,0.10889844080078023,0.6666666666666666
small,10,10,10.0,24,12,-0.012807103982909686,-0.01357210551596813,-0.019082418627807077,0.0062753146448973965,0.005510313111838951,0.7650015330584469,0.09021110939869921,0.25
small,10,10,15.0,0,12,8.871994294873571e-06,-0.0008178224148132903,0.00167609862292174,-0.0016672266286268647,-0.00249392103773503,0.5511296060721099,0.02576017302971006,0.4166666666666667
small,10,10,15.0,1,12,0.00373683662935766,0.002717304822749785,0.0020303231459089595,0.0017065134834487001,0.0006869816768408243,0.6796878710719172,0.00429186510821868,0.6666666666666666
small,10,10,15.0,2,12,-0.0024133953047174883,-0.0033782314488558667,-0.008734028555429632,0.006320633250712144,0.005355797106573767,0.6432240960922503,0.06784419188156719,0.4166666666666667
small,10,10,15.0,3,12,0.00961569860304969,0.008746241038864545,0.01484190173690355,-0.005226203133853861,-0.006095660698039004,0.5796383761234297,0.06691004325833312,0.75
small,10,10,15.0,4,12,0.042534889110123174,0.04151521916597968,0.02778839125408805,0.014746497856035127,0.013726827911891634,0.6797799627623299,0.09284408057509358,0.75
small,10,10,15.0,5,12,0.0009782550083488554,-5.137127037979841e-05,-0.007304236296764396,0.008282491305113252,0.007252865026384597,0.6864175191524365,0.13557774953858787,0.4166666666666667
small,10,10,15.0,6,12,0.022048773890366687,0.02098961476347035,0.007382565696178668,0.014666208194188018,0.013607049067291687,0.7061060845975549,0.06231436705094071,0.5833333333333334
small,10,10,15.0,7,12,0.010991862319635897,0.009990604916379367,0.009550369965508882,0.0014414923541270143,0.0004402349508704848,0.6675049355043529,0.07774423127563819,0.6666666666666666
small,10,10,15.0,8,12,0.02616529880309808,0.025070142650859165,0.007022202547675349,0.01914309625542273,0.018047940103183818,0.7301041014926071,0.15052097878090448,0.8333333333333334
small,10,10,15.0,9,12,0.021718523266859902,0.020638986957404466,0.00732125617078479,0.014397267096075117,0.013317730786619677,0.7196908729702912,0.16341697916970807,0.6666666666666666
small,10,10,15.0,10,12,0.01637867425263005,0.015399431904115557,0.002420717163357143,0.013957957089272909,0.012978714740758414,0.6528282323429968,0.11543841777161781,0.75
small,10,10,15.0,11,12,-0.015903633084764123,-0.016989317044998658,-0.025155366862868355,0.009251733778104227,0.008166049817869692,0.7237893068230224,0.05499421245276088,0.16666666666666666
small,10,10,15.0,12,12,0.01586737000730054,0.01476578695148309,0.0007834508540705611,0.01508391915322998,0.013982336097412534,0.7343887038782992,0.11879322125206891,0.75
small,10,10,15.0,13,12,-0.007576079681040655,-0.008618312118696509,-0.00985435583786704,0.002278276156826385,0.0012360437191705324,0.6948216251039018,0.14276576694822632,0.5
small,10,10,15.0,14,12,-0.002709486981427891,-0.0039050273748321546,-0.016915965051839957,0.014206478070412072,0.013010937677007806,0.7970269289361779,0.08838738400137329,0.5
small,10,10,15.0,15,12,0.03994751203416258,0.03887760148480492,0.023611523126855643,0.01633598890730694,0.015266078357949275,0.7132736995717771,0.120653940311727,0.75
small,10,10,15.0,16,12,0.029329731392044724,0.028251115982034638,0.021756149563177247,0.007573581828867468,0.006494966418857388,0.7190769400067207,0.08480000348640952,0.75
small,10,10,15.0,17,12,0.005145988718248334,0.004188599829485453,-0.00024887395125684455,0.005394862669505176,0.004437473780742296,0.6382592591752559,0.07859431885973953,0.5833333333333334
small,10,10,15.0,18,12,0.012082417495943193,0.010986760126449299,-0.0019339486589472635,0.014016366154890457,0.012920708785396563,0.7304382463292615,0.11228301497584789,0.6666666666666666
small,10,10,15.0,19,12,0.00401903161402628,0.0030307944841346884,0.0012245149438785865,0.0027945166701476946,0.0018062795402561023,0.6588247532610622,0.09804609315797895,0.4166666666666667
small,10,10,15.0,20,12,0.022566302468024633,0.021622180943798103,0.018326550800170014,0.004239751667854616,0.003295630143628088,0.6294143494843522,0.08442489404996109,0.6666666666666666
small,10,10,15.0,21,12,0.019056178474753004,0.017850785955185085,0.010970394821111833,0.008085783653641168,0.0068803911340732495,0.8035950130452783,0.10635168878419637,0.5833333333333334
small,10,10,15.0,22,12,0.000747173314326775,-0.0003736875898502877,-0.00727758664614479,0.008024759960471566,0.006903899056294505,0.7472406027847099,0.10871530836802955,0.5
small,10,10,15.0,23,12,0.023993448323172,0.02280632656189581,0.008150836245137382,0.015842612078034616,0.014655490316758425,0.7914145075174606,0.10889844080078023,0.6666666666666666
small,10,10,15.0,24,12,-0.012807103982909686,-0.013954606282497353,-0.019082418627807077,0.0062753146448973965,0.005127812345309727,0.7650015330584469,0.09021110939869921,0.25
small,10,10,25.0,0,12,8.871994294873571e-06,-0.0013689520208854007,0.00167609862292174,-0.0016672266286268647,-0.0030450506438071396,0.5511296060721099,0.02576017302971006,0.4166666666666667
small,10,10,25.0,1,12,0.00373683662935766,0.002037616951677866,0.0020303231459089595,0.0017065134834487001,7.293805768906978e-06,0.6796878710719172,0.00429186510821868,0.6666666666666666
small,10,10,25.0,2,12,-0.0024133953047174883,-0.004021455544948117,-0.008734028555429632,0.006320633250712144,0.004712573010481517,0.6432240960922503,0.06784419188156719,0.4166666666666667
small,10,10,25.0,3,12,0.00961569860304969,0.008166602662741116,0.01484190173690355,-0.005226203133853861,-0.006675299074162435,0.5796383761234297,0.06691004325833312,0.6666666666666666
small,10,10,25.0,4,12,0.042534889110123174,0.040835439203217354,0.02778839125408805,0.014746497856035127,0.013047047949129304,0.6797799627623299,0.09284408057509358,0.75
small,10,10,25.0,5,12,0.0009782550083488554,-0.000737788789532236,-0.007304236296764396,0.008282491305113252,0.0065664475072321595,0.6864175191524365,0.13557774953858787,0.4166666666666667
small,10,10,25.0,6,12,0.022048773890366687,0.020283508678872797,0.007382565696178668,0.014666208194188018,0.012900942982694131,0.7061060845975549,0.06231436705094071,0.5833333333333334
small,10,10,25.0,7,12,0.010991862319635897,0.009323099980875015,0.009550369965508882,0.0014414923541270143,-0.00022726998463386966,0.6675049355043529,0.07774423127563819,0.6666666666666666
small,10,10,25.0,8,12,0.02616529880309808,0.02434003854936656,0.007022202547675349,0.01914309625542273,0.01731783600169121,0.7301041014926071,0.15052097878090448,0.8333333333333334
small,10,10,25.0,9,12,0.021718523266859902,0.01991929608443418,0.00732125617078479,0.014397267096075117,0.012598039913649389,0.7196908729702912,0.16341697916970807,0.6666666666666666
small,10,10,25.0,10,12,0.01637867425263005,0.01474660367177256,0.002420717163357143,0.013957957089272909,0.012325886508415415,0.6528282323429968,0.11543841777161781,0.75
small,10,10,25.0,11,12,-0.015903633084764123,-0.017713106351821686,-0.025155366862868355,0.009251733778104227,0.007442260511046669,0.7237893068230224,0.05499421245276088,0.16666666666666666
small,10,10,25.0,12,12,0.01586737000730054,0.014031398247604793,0.0007834508540705611,0.01508391915322998,0.01324794739353423,0.7343887038782992,0.11879322125206891,0.75
small,10,10,25.0,13,12,-0.007576079681040655,-0.009313133743800408,-0.00985435583786704,0.002278276156826385,0.0005412220940666314,0.6948216251039018,0.14276576694822632,0.5
small,10,10,25.0,14,12,-0.002709486981427891,-0.004702054303768331,-0.016915965051839957,0.014206478070412072,0.012213910748071629,0.7970269289361779,0.08838738400137329,0.5
small,10,10,25.0,15,12,0.03994751203416258,0.038164327785233126,0.023611523126855643,0.01633598890730694,0.014552804658377494,0.7132736995717771,0.120653940311727,0.75
small,10,10,25.0,16,12,0.029329731392044724,0.027532039042027914,0.021756149563177247,0.007573581828867468,0.005775889478850668,0.7190769400067207,0.08480000348640952,0.75
small,10,10,25.0,17,12,0.005145988718248334,0.0035503405703101935,-0.00024887395125684455,0.005394862669505176,0.0037992145215670365,0.6382592591752559,0.07859431885973953,0.5833333333333334
small,10,10,25.0,18,12,0.012082417495943193,0.010256321880120036,-0.0019339486589472635,0.014016366154890457,0.0121902705390673,0.7304382463292615,0.11228301497584789,0.6666666666666666
small,10,10,25.0,19,12,0.00401903161402628,0.0023719697308736253,0.0012245149438785865,0.0027945166701476946,0.0011474547869950403,0.6588247532610622,0.09804609315797895,0.4166666666666667
small,10,10,25.0,20,12,0.022566302468024633,0.02099276659431375,0.018326550800170014,0.004239751667854616,0.002666215794143735,0.6294143494843522,0.08442489404996109,0.5833333333333334
small,10,10,25.0,21,12,0.019056178474753004,0.01704719094213981,0.010970394821111833,0.008085783653641168,0.006076796121027974,0.8035950130452783,0.10635168878419637,0.5833333333333334
small,10,10,25.0,22,12,0.000747173314326775,-0.0011209281926350002,-0.00727758664614479,0.008024759960471566,0.006156658453509792,0.7472406027847099,0.10871530836802955,0.4166666666666667
small,10,10,25.0,23,12,0.023993448323172,0.022014912054378347,0.008150836245137382,0.015842612078034616,0.013864075809240962,0.7914145075174606,0.10889844080078023,0.6666666666666666
small,10,10,25.0,24,12,-0.012807103982909686,-0.014719607815555804,-0.019082418627807077,0.0062753146448973965,0.004362810812251278,0.7650015330584469,0.09021110939869921,0.25
small,10,10,35.0,0,12,8.871994294873571e-06,-0.0019200816269575106,0.00167609862292174,-0.0016672266286268647,-0.0035961802498792514,0.5511296060721099,0.02576017302971006,0.4166666666666667
small,10,10,35.0,1,12,0.00373683662935766,0.0013579290806059506,0.0020303231459089595,0.0017065134834487001,-0.0006723940653030102,0.6796878710719172,0.00429186510821868,0.5833333333333334
small,10,10,35.0,2,12,-0.0024133953047174883,-0.004664679641040365,-0.008734028555429632,0.006320633250712144,0.004069348914389269,0.6432240960922503,0.06784419188156719,0.4166666666666667
small,10,10,35.0,3,12,0.00961569860304969,0.007586964286617687,0.01484190173690355,-0.005226203133853861,-0.0072549374502858645,0.5796383761234297,0.06691004325833312,0.6666666666666666
small,10,10,35.0,4,12,0.042534889110123174,0.04015565924045503,0.02778839125408805,0.014746497856035127,0.012367267986366974,0.6797799627623299,0.09284408057509358,0.6666666666666666
small,10,10,35.0,5,12,0.0009782550083488554,-0.0014242063086846717,-0.007304236296764396,0.008282491305113252,0.005880029988079723,0.6864175191524365,0.13557774953858787,0.4166666666666667
small,10,10,35.0,6,12,0.022048773890366687,0.019577402594275244,0.007382565696178668,0.014666208194188018,0.012194836898096575,0.7061060845975549,0.06231436705094071,0.5833333333333334
small,10,10,35.0,7,12,0.010991862319635897,0.00865559504537066,0.009550369965508882,0.0014414923541270143,-0.0008947749201382206,0.6675049355043529,0.07774423127563819,0.6666666666666666
small,10,10,35.0,8,12,0.02616529880309808,0.02360993444787395,0.007022202547675349,0.01914309625542273,0.016587731900198605,0.7301041014926071,0.15052097878090448,0.8333333333333334
small,10,10,35.0,9,12,0.021718523266859902,0.019199605211463886,0.00732125617078479,0.014397267096075117,0.011878349040679095,0.7196908729702912,0.16341697916970807,0.6666666666666666
small,10,10,35.0,10,12,0.01637867425263005,0.01409377543942956,0.002420717163357143,0.013957957089272909,0.01167305827607242,0.6528282323429968,0.11543841777161781,0.6666666666666666
small,10,10,35.0,11,12,-0.015903633084764123,-0.018436895658644703,-0.025155366862868355,0.009251733778104227,0.006718471204223651,0.7237893068230224,0.05499421245276088,0.16666666666666666
small,10,10,35.0,12,12,0.01586737000730054,0.013297009543726493,0.0007834508540705611,0.01508391915322998,0.012513558689655936,0.7343887038782992,0.11879322125206891,0.75
small,10,10,35.0,13,12,-0.007576079681040655,-0.010007955368904309,-0.00985435583786704,0.002278276156826385,-0.0001535995310372699,0.6948216251039018,0.14276576694822632,0.5
small,10,10,35.0,14,12,-0.002709486981427891,-0.005499081232704509,-0.016915965051839957,0.014206478070412072,0.011416883819135448,0.7970269289361779,0.08838738400137329,0.5
small,10,10,35.0,15,12,0.03994751203416258,0.03745105408566136,0.023611523126855643,0.01633598890730694,0.013839530958805716,0.7132736995717771,0.120653940311727,0.75
small,10,10,35.0,16,12,0.029329731392044724,0.026812962102021196,0.021756149563177247,0.007573581828867468,0.005056812538843947,0.7190769400067207,0.08480000348640952,0.75
small,10,10,35.0,17,12,0.005145988718248334,0.002912081311134941,-0.00024887395125684455,0.005394862669505176,0.0031609552623917832,0.6382592591752559,0.07859431885973953,0.5833333333333334
small,10,10,35.0,18,12,0.012082417495943193,0.009525883633790774,-0.0019339486589472635,0.014016366154890457,0.01145983229273804,0.7304382463292615,0.11228301497584789,0.6666666666666666
small,10,10,35.0,19,12,0.00401903161402628,0.0017131449776125625,0.0012245149438785865,0.0027945166701476946,0.0004886300337339781,0.6588247532610622,0.09804609315797895,0.4166666666666667
small,10,10,35.0,20,12,0.022566302468024633,0.020363352244829398,0.018326550800170014,0.004239751667854616,0.002036801444659384,0.6294143494843522,0.08442489404996109,0.5833333333333334
small,10,10,35.0,21,12,0.019056178474753004,0.01624359592909453,0.010970394821111833,0.008085783653641168,0.005273201107982698,0.8035950130452783,0.10635168878419637,0.5833333333333334
small,10,10,35.0,22,12,0.000747173314326775,-0.0018681687954197092,-0.00727758664614479,0.008024759960471566,0.005409417850725083,0.7472406027847099,0.10871530836802955,0.4166666666666667
small,10,10,35.0,23,12,0.023993448323172,0.021223497546860884,0.008150836245137382,0.015842612078034616,0.013072661301723507,0.7914145075174606,0.10889844080078023,0.6666666666666666
small,10,10,35.0,24,12,-0.012807103982909686,-0.01548460934861425,-0.019082418627807077,0.0062753146448973965,0.003597809279192831,0.7650015330584469,0.09021110939869921,0.25
small,10,20,10.0,0,12,0.003968785995831133,0.0035056438114570133,0.00167609862292174,0.002292687372909393,0.0018295451885352745,0.46314218437411864,0.02576017302971006,0.4166666666666667
small,10,20,10.0,1,12,0.0039193468944835825,0.003392569795530201,0.0020303231459089595,0.0018890237485746197,0.00136224664962124,0.5267770989533801,0.00429186510821868,0.5833333333333334
small,10,20,10.0,2,12,0.0019147431876555046,0.0013758253164098493,-0.008734028555429632,0.010648771743085136,0.010109853871839483,0.5389178712456544,0.06784419188156719,0.4166666666666667
small,10,20,10.0,3,12,0.013565760678375408,0.013080912757383004,0.01484190173690355,-0.0012761410585281424,-0.0017609889795205463,0.48484792099240387,0.06691004325833312,0.8333333333333334
small,10,20,10.0,4,12,0.029860284282828345,0.029334477681267207,0.02778839125408805,0.0020718930287402944,0.0015460864271791585,0.5258066015611352,0.09284408057509358,0.6666666666666666
small,10,20,10.0,5,12,0.0022901215342671405,0.0016919407700842135,-0.007304236296764396,0.009594357831031535,0.00899617706684861,0.5981807641829276,0.13557774953858787,0.5
small,10,20,10.0,6,12,0.012369118633290299,0.011817868780736943,0.007382565696178668,0.0049865529371116305,0.004435303084558274,0.5512498525533546,0.06231436705094071,0.5833333333333334
small,10,20,10.0,7,12,0.01499834364501214,0.01439973090771334,0.009550369965508882,0.0054479736795032575,0.004849360942204456,0.5986127372988022,0.07774423127563819,0.6666666666666666
small,10,20,10.0,8,12,0.018296500755578024,0.01765227820382008,0.007022202547675349,0.011274298207902675,0.010630075656144733,0.6442225517579422,0.15052097878090448,0.8333333333333334
small,10,20,10.0,9,12,0.02017628317997077,0.0195447920085516,0.00732125617078479,0.012855027009185978,0.012223535837766813,0.6314911714191691,0.16341697916970807,0.75
small,10,20,10.0,10,12,0.015535178486229708,0.014985897476299158,0.002420717163357143,0.013114461322872568,0.012565180312942016,0.5492810099305491,0.11543841777161781,0.6666666666666666
small,10,20,10.0,11,12,-0.013478453681149541,-0.014153286806431348,-0.025155366862868355,0.01167691318171881,0.011002080056437005,0.6748331252818072,0.05499421245276088,0.3333333333333333
small,10,20,10.0,12,12,0.0061169424684797665,0.005477638308479936,0.0007834508540705611,0.005333491614409204,0.004694187454409376,0.6393041599998305,0.11879322125206891,0.5833333333333334
small,10,20,10.0,13,12,-0.0028004330433804504,-0.0034422598437800224,-0.00985435583786704,0.007053922794486588,0.006412095994087017,0.6418268003995699,0.14276576694822632,0.4166666666666667
small,10,20,10.0,14,12,-0.00015863071822025138,-0.0008190668209852586,-0.016915965051839957,0.016757334333619707,0.016096898230854705,0.6604361027650051,0.08838738400137329,0.5
small,10,20,10.0,15,12,0.03960395698194053,0.039026879335028956,0.023611523126855643,0.01599243385508489,0.015415356208173317,0.5770776469115686,0.120653940311727,0.75
small,10,20,10.0,16,12,0.03156597855656981,0.03090678784180663,0.021756149563177247,0.00980982899339256,0.009150638278629374,0.6591907147631808,0.08480000348640952,0.75
small,10,20,10.0,17,12,0.005182546348525777,0.004598128460404668,-0.00024887395125684455,0.005431420299782622,0.0048470024116615135,0.5844178881211093,0.07859431885973953,0.6666666666666666
small,10,20,10.0,18,12,0.010507941058333746,0.009880271144951793,-0.0019339486589472635,0.01244188971728101,0.01181421980389906,0.6276699133819515,0.11228301497584789,0.75
small,10,20,10.0,19,12,0.006478000506777946,0.005854876695327142,0.0012245149438785865,0.005253485562899361,0.0046303617514485565,0.6231238114508029,0.09804609315797895,0.5
small,10,20,10.0,20,12,0.021269265632464108,0.020683825554625706,0.018326550800170014,0.002942714832294095,0.0023572747544556897,0.5854400778384059,0.08442489404996109,0.8333333333333334
small,10,20,10.0,21,12,0.022227672918175123,0.02152886229969081,0.010970394821111833,0.011257278097063285,0.010558467478578977,0.6988106184843067,0.10635168878419637,0.6666666666666666
small,10,20,10.0,22,12,0.0016176298310967448,0.0009115082772317701,-0.00727758664614479,0.008895216477241535,0.008189094923376562,0.7061215538649739,0.10871530836802955,0.4166666666666667
small,10,20,10.0,23,12,0.018458333652236935,0.017735360388791293,0.008150836245137382,0.010307497407099558,0.009584524143653902,0.7229732634456519,0.10889844080078023,0.6666666666666666
small,10,20,10.0,24,12,-0.006942585788604099,-0.0075875890727487285,-0.019082418627807077,0.012139832839202983,0.011494829555058353,0.6450032841446288,0.09021110939869921,0.3333333333333333
small,10,20,15.0,0,12,0.003968785995831133,0.003274072719269954,0.00167609862292174,0.002292687372909393,0.0015979740963482144,0.46314218437411864,0.02576017302971006,0.4166666666666667
small,10,20,15.0,1,12,0.0039193468944835825,0.003129181246053509,0.0020303231459089595,0.0018890237485746197,0.0010988581001445499,0.5267770989533801,0.00429186510821868,0.5833333333333334
small,10,20,15.0,2,12,0.0019147431876555046,0.0011063663807870199,-0.008734028555429632,0.010648771743085136,0.009840394936216653,0.5389178712456544,0.06784419188156719,0.4166666666666667
small,10,20,15.0,3,12,0.013565760678375408,0.012838488796886802,0.01484190173690355,-0.0012761410585281424,-0.0020034129400167485,0.48484792099240387,0.06691004325833312,0.75
small,10,20,15.0,4,12,0.029860284282828345,0.02907157438048664,0.02778839125408805,0.0020718930287402944,0.0012831831263985908,0.5258066015611352,0.09284408057509358,0.6666666666666666
small,10,20,15.0,5,12,0.0022901215342671405,0.0013928503879927512,-0.007304236296764396,0.009594357831031535,0.008697086684757147,0.5981807641829276,0.13557774953858787,0.5
small,10,20,15.0,6,12,0.012369118633290299,0.011542243854460267,0.007382565696178668,0.0049865529371116305,0.004159678158281599,0.5512498525533546,0.06231436705094071,0.5833333333333334
small,10,20,15.0,7,12,0.01499834364501214,0.014100424539063934,0.009550369965508882,0.0054479736795032575,0.004550054573555055,0.5986127372988022,0.07774423127563819,0.6666666666666666
small,10,20,15.0,8,12,0.018296500755578024,0.01733016692794111,0.007022202547675349,0.011274298207902675,0.010307964380265763,0.6442225517579422,0.15052097878090448,0.8333333333333334
small,10,20,15.0,9,12,0.02017628317997077,0.019229046422842015,0.00732125617078479,0.012855027009185978,0.011907790252057229,0.6314911714191691,0.16341697916970807,0.75
small,10,20,15.0,10,12,0.015535178486229708,0.01471125697133388,0.002420717163357143,0.013114461322872568,0.012290539807976742,0.5492810099305491,0.11543841777161781,0.6666666666666666
small,10,20,15.0,11,12,-0.013478453681149541,-0.014490703369072253,-0.025155366862868355,0.01167691318171881,0.0106646634937961,0.6748331252818072,0.05499421245276088,0.3333333333333333
small,10,20,15.0,12,12,0.0061169424684797665,0.00515798622848002,0.0007834508540705611,0.005333491614409204,0.004374535374409461,0.6393041599998305,0.11879322125206891,0.5833333333333334
small,10,20,15.0,13,12,-0.0028004330433804504,-0.003763173243979807,-0.00985435583786704,0.007053922794486588,0.0060911825938872325,0.6418268003995699,0.14276576694822632,0.4166666666666667
small,10,20,15.0,14,12,-0.00015863071822025138,-0.0011492848723677594,-0.016915965051839957,0.016757334333619707,0.015766680179472196,0.6604361027650051,0.08838738400137329,0.5
small,10,20,15.0,15,12,0.03960395698194053,0.03873834051157317,0.023611523126855643,0.01599243385508489,0.015126817384717531,0.5770776469115686,0.120653940311727,0.75
small,10,20,15.0,16,12,0.03156597855656981,0.030577192484425034,0.021756149563177247,0.00980982899339256,0.008821042921247786,0.6591907147631808,0.08480000348640952,0.75
small,10,20,15.0,17,12,0.005182546348525777,0.004305919516344114,-0.00024887395125684455,0.005431420299782622,0.00455479346760096,0.5844178881211093,0.07859431885973953,0.6666666666666666
small,10,20,15.0,18,12,0.010507941058333746,0.00956643618826082,-0.0019339486589472635,0.01244188971728101,0.011500384847208084,0.6276699133819515,0.11228301497584789,0.75
small,10,20,15.0,19,12,0.006478000506777946,0.005543314789601741,0.0012245149438785865,0.005253485562899361,0.004318799845723156,0.6231238114508029,0.09804609315797895,0.5
small,10,20,15.0,20,12,0.021269265632464108,0.020391105515706505,0.018326550800170014,0.002942714832294095,0.0020645547155364857,0.5854400778384059,0.08442489404996109,0.8333333333333334
small,10,20,15.0,21,12,0.022227672918175123,0.021179456990448663,0.010970394821111833,0.011257278097063285,0.010209062169336827,0.6988106184843067,0.10635168878419637,0.6666666666666666
small,10,20,15.0,22,12,0.0016176298310967448,0.0005584475002992836,-0.00727758664614479,0.008895216477241535,0.007836034146444076,0.7061215538649739,0.10871530836802955,0.4166666666666667
small,10,20,15.0,23,12,0.018458333652236935,0.01737387375706846,0.008150836245137382,0.010307497407099558,0.009223037511931079,0.7229732634456519,0.10889844080078023,0.6666666666666666
small,10,20,15.0,24,12,-0.006942585788604099,-0.007910090714821042,-0.019082418627807077,0.012139832839202983,0.011172327912986038,0.6450032841446288,0.09021110939869921,0.3333333333333333
small,10,20,25.0,0,12,0.003968785995831133,0.0028109305348958356,0.00167609862292174,0.002292687372909393,0.0011348319119740956,0.46314218437411864,0.02576017302971006,0.4166666666666667
small,10,20,25.0,1,12,0.0039193468944835825,0.002602404147100128,0.0020303231459089595,0.0018890237485746197,0.0005720810011911696,0.5267770989533801,0.00429186510821868,0.5833333333333334
small,10,20,25.0,2,12,0.0019147431876555046,0.0005674485095413691,-0.008734028555429632,0.010648771743085136,0.009301477064971002,0.5389178712456544,0.06784419188156719,0.4166666666666667
small,10,20,25.0,3,12,0.013565760678375408,0.012353640875894398,0.01484190173690355,-0.0012761410585281424,-0.0024882608610091524,0.48484792099240387,0.06691004325833312,0.75
small,10,20,25.0,4,12,0.029860284282828345,0.028545767778925507,0.02778839125408805,0.0020718930287402944,0.0007573765248374562,0.5258066015611352,0.09284408057509358,0.6666666666666666
small,10,20,25.0,5,12,0.0022901215342671405,0.0007946696238098228,-0.007304236296764396,0.009594357831031535,0.008098905920574216,0.5981807641829276,0.13557774953858787,0.5
small,10,20,25.0,6,12,0.012369118633290299,0.01099099400190691,0.007382565696178668,0.0049865529371116305,0.003608428305728243,0.5512498525533546,0.06231436705094071,0.5833333333333334
small,10,20,25.0,7,12,0.01499834364501214,0.013501811801765134,0.009550369965508882,0.0054479736795032575,0.003951441836256253,0.5986127372988022,0.07774423127563819,0.6666666666666666
small,10,20,25.0,8,12,0.018296500755578024,0.016685944376183166,0.007022202547675349,0.011274298207902675,0.009663741828507821,0.6442225517579422,0.15052097878090448,0.8333333333333334
small,10,20,25.0,9,12,0.02017628317997077,0.018597555251422846,0.00732125617078479,0.012855027009185978,0.011276299080638057,0.6314911714191691,0.16341697916970807,0.75
small,10,20,25.0,10,12,0.015535178486229708,0.014161975961403334,0.002420717163357143,0.013114461322872568,0.011741258798046194,0.5492810099305491,0.11543841777161781,0.6666666666666666
small,10,20,25.0,11,12,-0.013478453681149541,-0.01516553649435406,-0.025155366862868355,0.01167691318171881,0.009989830368514292,0.6748331252818072,0.05499421245276088,0.3333333333333333
small,10,20,25.0,12,12,0.0061169424684797665,0.004518682068480191,0.0007834508540705611,0.005333491614409204,0.0037352312144096306,0.6393041599998305,0.11879322125206891,0.5833333333333334
small,10,20,25.0,13,12,-0.0028004330433804504,-0.004405000044379375,-0.00985435583786704,0.007053922794486588,0.005449355793487664,0.6418268003995699,0.14276576694822632,0.4166666666666667
small,10,20,25.0,14,12,-0.00015863071822025138,-0.0018097209751327698,-0.016915965051839957,0.016757334333619707,0.015106244076707189,0.6604361027650051,0.08838738400137329,0.5
small,10,20,25.0,15,12,0.03960395698194053,0.0381612628646616,0.023611523126855643,0.01599243385508489,0.014549739737805963,0.5770776469115686,0.120653940311727,0.75
small,10,20,25.0,16,12,0.03156597855656981,0.029918001769661858,0.021756149563177247,0.00980982899339256,0.008161852206484606,0.6591907147631808,0.08480000348640952,0.75
small,10,20,25.0,17,12,0.005182546348525777,0.0037215016282230035,-0.00024887395125684455,0.005431420299782622,0.00397037557947985,0.5844178881211093,0.07859431885973953,0.5
small,10,20,25.0,18,12,0.010507941058333746,0.008938766274878865,-0.0019339486589472635,0.01244188971728101,0.010872714933826133,0.6276699133819515,0.11228301497584789,0.6666666666666666
small,10,20,25.0,19,12,0.006478000506777946,0.004920190978150939,0.0012245149438785865,0.005253485562899361,0.003695676034272354,0.6231238114508029,0.09804609315797895,0.5
small,10,20,25.0,20,12,0.021269265632464108,0.019805665437868096,0.018326550800170014,0.002942714832294095,0.0014791146376980809,0.5854400778384059,0.08442489404996109,0.8333333333333334
small,10,20,25.0,21,12,0.022227672918175123,0.020480646371964353,0.010970394821111833,0.011257278097063285,0.00951025155085252,0.6988106184843067,0.10635168878419637,0.6666666666666666
small,10,20,25.0,22,12,0.0016176298310967448,-0.0001476740535656905,-0.00727758664614479,0.008895216477241535,0.0071299125925791,0.7061215538649739,0.10871530836802955,0.3333333333333333
small,10,20,25.0,23,12,0.018458333652236935,0.01665090049362281,0.008150836245137382,0.010307497407099558,0.008500064248485427,0.7229732634456519,0.10889844080078023,0.6666666666666666
small,10,20,25.0,24,12,-0.006942585788604099,-0.008555093998965672,-0.019082418627807077,0.012139832839202983,0.010527324628841409,0.6450032841446288,0.09021110939869921,0.3333333333333333
small,10,20,35.0,0,12,0.003968785995831133,0.002347788350521717,0.00167609862292174,0.002292687372909393,0.0006716897275999773,0.46314218437411864,0.02576017302971006,0.4166666666666667
small,10,20,35.0,1,12,0.0039193468944835825,0.00207562704814675,0.0020303231459089595,0.0018890237485746197,4.530390223778999e-05,0.5267770989533801,0.00429186510821868,0.5833333333333334
small,10,20,35.0,2,12,0.0019147431876555046,2.853063829571373e-05,-0.008734028555429632,0.010648771743085136,0.008762559193725346,0.5389178712456544,0.06784419188156719,0.4166666666666667
small,10,20,35.0,3,12,0.013565760678375408,0.011868792954901994,0.01484190173690355,-0.0012761410585281424,-0.002973108782001556,0.48484792099240387,0.06691004325833312,0.75
small,10,20,35.0,4,12,0.029860284282828345,0.028019961177364366,0.02778839125408805,0.0020718930287402944,0.0002315699232763206,0.5258066015611352,0.09284408057509358,0.6666666666666666
small,10,20,35.0,5,12,0.0022901215342671405,0.000196488859626895,-0.007304236296764396,0.009594357831031535,0.0075007251563912886,0.5981807641829276,0.13557774953858787,0.5
small,10,20,35.0,6,12,0.012369118633290299,0.010439744149353558,0.007382565696178668,0.0049865529371116305,0.003057178453174889,0.5512498525533546,0.06231436705094071,0.5833333333333334
small,10,20,35.0,7,12,0.01499834364501214,0.012903199064466332,0.009550369965508882,0.0054479736795032575,0.0033528290989574493,0.5986127372988022,0.07774423127563819,0.6666666666666666
small,10,20,35.0,8,12,0.018296500755578024,0.016041721824425224,0.007022202547675349,0.011274298207902675,0.009019519276749875,0.6442225517579422,0.15052097878090448,0.8333333333333334
small,10,20,35.0,9,12,0.02017628317997077,0.017966064080003678,0.00732125617078479,0.012855027009185978,0.010644807909218889,0.6314911714191691,0.16341697916970807,0.75
small,10,20,35.0,10,12,0.015535178486229708,0.01361269495147279,0.002420717163357143,0.013114461322872568,0.011191977788115643,0.5492810099305491,0.11543841777161781,0.6666666666666666
small,10,20,35.0,11,12,-0.013478453681149541,-0.015840369619635867,-0.025155366862868355,0.01167691318171881,0.009314997243232485,0.6748331252818072,0.05499421245276088,0.3333333333333333
small,10,20,35.0,12,12,0.0061169424684797665,0.0038793779084803606,0.0007834508540705611,0.005333491614409204,0.003095927054409799,0.6393041599998305,0.11879322125206891,0.5833333333333334
small,10,20,35.0,13,12,-0.0028004330433804504,-0.005046826844778946,-0.00985435583786704,0.007053922794486588,0.004807528993088092,0.6418268003995699,0.14276576694822632,0.4166666666666667
small,10,20,35.0,14,12,-0.00015863071822025138,-0.00247015707789777,-0.016915965051839957,0.016757334333619707,0.01444580797394219,0.6604361027650051,0.08838738400137329,0.5
small,10,20,35.0,15,12,0.03960395698194053,0.03758418521775004,0.023611523126855643,0.01599243385508489,0.013972662090894391,0.5770776469115686,0.120653940311727,0.75
small,10,20,35.0,16,12,0.03156597855656981,0.029258811054898675,0.021756149563177247,0.00980982899339256,0.007502661491721424,0.6591907147631808,0.08480000348640952,0.75
small,10,20,35.0,17,12,0.005182546348525777,0.0031370837401018953,-0.00024887395125684455,0.005431420299782622,0.0033859576913587396,0.5844178881211093,0.07859431885973953,0.5
small,10,20,35.0,18,12,0.010507941058333746,0.008311096361496914,-0.0019339486589472635,0.01244188971728101,0.01024504502044418,0.6276699133819515,0.11228301497584789,0.6666666666666666
small,10,20,35.0,19,12,0.006478000506777946,0.004297067166700136,0.0012245149438785865,0.005253485562899361,0.003072552222821551,0.6231238114508029,0.09804609315797895,0.5
small,10,20,35.0,20,12,0.021269265632464108,0.01922022536002969,0.018326550800170014,0.002942714832294095,0.0008936745598596743,0.5854400778384059,0.08442489404996109,0.8333333333333334
small,10,20,35.0,21,12,0.022227672918175123,0.019781835753480047,0.010970394821111833,0.011257278097063285,0.008811440932368214,0.6988106184843067,0.10635168878419637,0.5833333333333334
small,10,20,35.0,22,12,0.0016176298310967448,-0.0008537956074306628,-0.00727758664614479,0.008895216477241535,0.006423791038714127,0.7061215538649739,0.10871530836802955,0.3333333333333333
small,10,20,35.0,23,12,0.018458333652236935,0.01592792723017716,0.008150836245137382,0.010307497407099558,0.007777090985039777,0.7229732634456519,0.10889844080078023,0.6666666666666666
small,10,20,35.0,24,12,-0.006942585788604099,-0.009200097283110302,-0.019082418627807077,0.012139832839202983,0.009882321344696783,0.6450032841446288,0.09021110939869921,0.3333333333333333
small,20,10,10.0,0,12,0.013725360163041841,0.012995047341587962,-0.000704201598784771,0.014429561761826614,0.013699248940372733,0.7303128214538804,0.03551042647187882,0.5833333333333334
small,20,10,10.0,1,12,0.005685387745577559,0.004919412903522775,-0.002798602204478327,0.008483989950055885,0.007718015108001103,0.7659748420547836,0.04062087184531093,0.5
small,20,10,10.0,2,12,0.035033157932725954,0.03424925147787545,0.024881544303493888,0.010151613629232071,0.009367707174381555,0.7839064548505162,0.11480116932011557,0.75
small,20,10,10.0,3,12,0.012599002906451362,0.011748862961499101,0.0011372048438578624,0.011461798062593495,0.010611658117641238,0.8501399449522581,0.06750566443094225,0.6666666666666666
small,20,10,10.0,4,12,0.033304530334574305,0.03247286531064345,0.009888106842454114,0.023416423492120187,0.02258475846818933,0.8316650239308582,0.16122305899770323,0.75
small,20,10,10.0,5,12,0.011816478177988787,0.01097565716232,-0.0020723263903540015,0.013888804568342787,0.013047983552674001,0.840821015668788,0.11858918152070688,0.6666666666666666
small,20,10,10.0,6,12,-0.01928660084368131,-0.02012775082494993,-0.0313300052490258,0.012043404405344486,0.01120225442407586,0.8411499812686237,0.14676022781140327,0.5
small,20,10,10.0,7,12,0.009998095605123986,0.009189579682177033,0.0020473782810171343,0.00795071732410685,0.0071422014011599,0.8085159229469504,0.12302439175092346,0.5833333333333334
small,20,10,10.0,8,12,0.039997337988377575,0.03923586599992723,0.04519527575856499,-0.005197937770187414,-0.005959409758637748,0.761471988450335,0.0995868176552607,0.6666666666666666
small,20,10,10.0,9,12,0.019950979324975932,0.019136730693718764,0.0030668659899877,0.016884113334988234,0.016069864703731066,0.8142486312571687,0.17843432120947916,0.6666666666666666
small,20,10,10.0,10,12,0.04286718538172394,0.042079165069801694,0.02602996227332319,0.01683722310840076,0.016049202796478507,0.7880203119222472,0.13521285302136277,0.8333333333333334
small,20,10,10.0,11,12,0.0044743978015176255,0.003651344302389218,-0.007161159802564603,0.011635557604082228,0.010812504104953822,0.8230534991284076,0.12790647204062425,0.4166666666666667
small,20,10,10.0,12,12,0.002294824169630278,0.0014562402516621678,-0.012330436186786064,0.014625260356416342,0.013786676438448229,0.8385839179681138,0.10805512595537672,0.5
small,20,10,15.0,0,12,0.013725360163041841,0.012629890930861025,-0.000704201598784771,0.014429561761826614,0.013334092529645793,0.7303128214538804,0.03551042647187882,0.5833333333333334
small,20,10,15.0,1,12,0.005685387745577559,0.0045364254824953815,-0.002798602204478327,0.008483989950055885,0.007335027686973708,0.7659748420547836,0.04062087184531093,0.5
small,20,10,15.0,2,12,0.035033157932725954,0.03385729825045019,0.024881544303493888,0.010151613629232071,0.008975753946956296,0.7839064548505162,0.11480116932011557,0.75
small,20,10,15.0,3,12,0.012599002906451362,0.011323792989022972,0.0011372048438578624,0.011461798062593495,0.01018658814516511,0.8501399449522581,0.06750566443094225,0.6666666666666666
small,20,10,15.0,4,12,0.033304530334574305,0.03205703279867802,0.009888106842454114,0.023416423492120187,0.0221689259562239,0.8316650239308582,0.16122305899770323,0.75
small,20,10,15.0,5,12,0.011816478177988787,0.010555246654485602,-0.0020723263903540015,0.013888804568342787,0.012627573044839602,0.840821015668788,0.11858918152070688,0.6666666666666666
small,20,10,15.0,6,12,-0.01928660084368131,-0.02054832581558425,-0.0313300052490258,0.012043404405344486,0.01078167943344155,0.8411499812686237,0.14676022781140327,0.5
small,20,10,15.0,7,12,0.009998095605123986,0.00878532172070356,0.0020473782810171343,0.00795071732410685,0.006737943439686426,0.8085159229469504,0.12302439175092346,0.5833333333333334
small,20,10,15.0,8,12,0.039997337988377575,0.03885513000570207,0.04519527575856499,-0.005197937770187414,-0.006340145752862916,0.761471988450335,0.0995868176552607,0.6666666666666666
small,20,10,15.0,9,12,0.019950979324975932,0.01872960637809018,0.0030668659899877,0.016884113334988234,0.015662740388102482,0.8142486312571687,0.17843432120947916,0.6666666666666666
small,20,10,15.0,10,12,0.04286718538172394,0.04168515491384057,0.02602996227332319,0.01683722310840076,0.015655192640517384,0.7880203119222472,0.13521285302136277,0.8333333333333334
small,20,10,15.0,11,12,0.0044743978015176255,0.0032398175528250157,-0.007161159802564603,0.011635557604082228,0.010400977355389618,0.8230534991284076,0.12790647204062425,0.4166666666666667
small,20,10,15.0,12,12,0.002294824169630278,0.0010369482926781113,-0.012330436186786064,0.014625260356416342,0.013367384479464174,0.8385839179681138,0.10805512595537672,0.5
small,20,10,25.0,0,12,0.013725360163041841,0.011899578109407142,-0.000704201598784771,0.014429561761826614,0.012603779708191912,0.7303128214538804,0.03551042647187882,0.5833333333333334
small,20,10,25.0,1,12,0.005685387745577559,0.0037704506404405993,-0.002798602204478327,0.008483989950055885,0.006569052844918925,0.7659748420547836,0.04062087184531093,0.5
small,20,10,25.0,2,12,0.035033157932725954,0.03307339179559967,0.024881544303493888,0.010151613629232071,0.00819184749210578,0.7839064548505162,0.11480116932011557,0.75
small,20,10,25.0,3,12,0.012599002906451362,0.010473653044070714,0.0011372048438578624,0.011461798062593495,0.009336448200212849,0.8501399449522581,0.06750566443094225,0.6666666666666666
small,20,10,25.0,4,12,0.033304530334574305,0.03122536777474716,0.009888106842454114,0.023416423492120187,0.02133726093229304,0.8316650239308582,0.16122305899770323,0.75
small,20,10,25.0,5,12,0.011816478177988787,0.00971442563881682,-0.0020723263903540015,0.013888804568342787,0.011786752029170814,0.840821015668788,0.11858918152070688,0.6666666666666666
small,20,10,25.0,6,12,-0.01928660084368131,-0.02138947579685287,-0.0313300052490258,0.012043404405344486,0.009940529452172922,0.8411499812686237,0.14676022781140327,0.5
small,20,10,25.0,7,12,0.009998095605123986,0.007976805797756609,0.0020473782810171343,0.00795071732410685,0.005929427516739475,0.8085159229469504,0.12302439175092346,0.5833333333333334
small,20,10,25.0,8,12,0.039997337988377575,0.03809365801725174,0.04519527575856499,-0.005197937770187414,-0.007101617741313251,0.761471988450335,0.0995868176552607,0.6666666666666666
small,20,10,25.0,9,12,0.019950979324975932,0.01791535774683301,0.0030668659899877,0.016884113334988234,0.014848491756845314,0.8142486312571687,0.17843432120947916,0.6666666666666666
small,20,10,25.0,10,12,0.04286718538172394,0.04089713460191833,0.02602996227332319,0.01683722310840076,0.014867172328595137,0.7880203119222472,0.13521285302136277,0.8333333333333334
small,20,10,25.0,11,12,0.0044743978015176255,0.002416764053696608,-0.007161159802564603,0.011635557604082228,0.009577923856261212,0.8230534991284076,0.12790647204062425,0.4166666666666667
small,20,10,25.0,12,12,0.002294824169630278,0.00019836437470999632,-0.012330436186786064,0.014625260356416342,0.012528800561496056,0.8385839179681138,0.10805512595537672,0.4166666666666667
small,20,10,35.0,0,12,0.013725360163041841,0.011169265287953261,-0.000704201598784771,0.014429561761826614,0.01187346688673803,0.7303128214538804,0.03551042647187882,0.5833333333333334
small,20,10,35.0,1,12,0.005685387745577559,0.0030044757983858157,-0.002798602204478327,0.008483989950055885,0.0058030780028641435,0.7659748420547836,0.04062087184531093,0.5
small,20,10,35.0,2,12,0.035033157932725954,0.03228948534074915,0.024881544303493888,0.010151613629232071,0.007407941037255265,0.7839064548505162,0.11480116932011557,0.6666666666666666
small,20,10,35.0,3,12,0.012599002906451362,0.009623513099118455,0.0011372048438578624,0.011461798062593495,0.00848630825526059,0.8501399449522581,0.06750566443094225,0.6666666666666666
small,20,10,35.0,4,12,0.033304530334574305,0.030393702750816303,0.009888106842454114,0.023416423492120187,0.02050559590836219,0.8316650239308582,0.16122305899770323,0.75
small,20,10,35.0,5,12,0.011816478177988787,0.008873604623148028,-0.0020723263903540015,0.013888804568342787,0.010945931013502032,0.840821015668788,0.11858918152070688,0.6666666666666666
small,20,10,35.0,6,12,-0.01928660084368131,-0.02223062577812149,-0.0313300052490258,0.012043404405344486,0.009099379470904303,0.8411499812686237,0.14676022781140327,0.4166666666666667
small,20,10,35.0,7,12,0.009998095605123986,0.007168289874809654,0.0020473782810171343,0.00795071732410685,0.005120911593792524,0.8085159229469504,0.12302439175092346,0.5833333333333334
small,20,10,35.0,8,12,0.039997337988377575,0.0373321860288014,0.04519527575856499,-0.005197937770187414,-0.007863089729763585,0.761471988450335,0.0995868176552607,0.6666666666666666
small,20,10,35.0,9,12,0.019950979324975932,0.017101109115575847,0.0030668659899877,0.016884113334988234,0.014034243125588148,0.8142486312571687,0.17843432120947916,0.6666666666666666
small,20,10,35.0,10,12,0.04286718538172394,0.040109114289996084,0.02602996227332319,0.01683722310840076,0.01407915201667289,0.7880203119222472,0.13521285302136277,0.8333333333333334
small,20,10,35.0,11,12,0.0044743978015176255,0.0015937105545681997,-0.007161159802564603,0.011635557604082228,0.008754870357132802,0.8230534991284076,0.12790647204062425,0.3333333333333333
small,20,10,35.0,12,12,0.002294824169630278,-0.0006402195432581165,-0.012330436186786064,0.014625260356416342,0.011690216643527948,0.8385839179681138,0.10805512595537672,0.4166666666666667
small,20,20,10.0,0,12,0.008515554894052734,0.007919041587870842,-0.000704201598784771,0.009219756492837504,0.00862324318665561,0.5965133061818947,0.03551042647187882,0.5
small,20,20,10.0,1,12,0.004493270726877952,0.0038637291938358105,-0.002798602204478327,0.007291872931356279,0.006662331398314139,0.6295415330421423,0.04062087184531093,0.5833333333333334
small,20,20,10.0,2,12,0.03290535837062491,0.032216811852913356,0.024881544303493888,0.008023814067131018,0.00733526754941947,0.6885465177115454,0.11480116932011557,0.6666666666666666
small,20,20,10.0,3,12,0.010825440194247126,0.010043735784971733,0.0011372048438578624,0.009688235350389263,0.008906530941113868,0.781704409275393,0.06750566443094225,0.6666666666666666
small,20,20,10.0,4,12,0.02134260128619291,0.02060363763838102,0.009888106842454114,0.011454494443738797,0.010715530795926903,0.7389636478118925,0.16122305899770323,0.8333333333333334
small,20,20,10.0,5,12,0.007181221659222019,0.006406112560069561,-0.0020723263903540015,0.009253548049576017,0.008478438950423559,0.7751090991524564,0.11858918152070688,0.6666666666666666
small,20,20,10.0,6,12,-0.019542700007995586,-0.020312852448549648,-0.0313300052490258,0.011787305241030208,0.011017152800476153,0.7701524405540576,0.14676022781140327,0.5833333333333334
small,20,20,10.0,7,12,0.016371352593657136,0.015652908226461915,0.0020473782810171343,0.014323974312640006,0.013605529945444785,0.7184443671952225,0.12302439175092346,0.75
small,20,20,10.0,8,12,0.04472527358491474,0.044041760419959164,0.04519527575856499,-0.0004700021736502551,-0.0011535153386058163,0.6835131649555604,0.0995868176552607,0.6666666666666666
small,20,20,10.0,9,12,0.02204810036321685,0.021242212652519462,0.0030668659899877,0.01898123437322915,0.018175346662531764,0.8058877106973865,0.17843432120947916,0.6666666666666666
small,20,20,10.0,10,12,0.03499139959764513,0.034257207959997336,0.02602996227332319,0.008961437324321942,0.00822724568667414,0.7341916376478013,0.13521285302136277,0.8333333333333334
small,20,20,10.0,11,12,0.005659071867483105,0.004878223559006247,-0.007161159802564603,0.012820231670047713,0.01203938336157085,0.7808483084768595,0.12790647204062425,0.5
small,20,20,10.0,12,12,0.005679890827660794,0.004875094720447357,-0.012330436186786064,0.018010327014446856,0.01720553090723342,0.8047961072134372,0.10805512595537672,0.5833333333333334
small,20,20,15.0,0,12,0.008515554894052734,0.007620784934779892,-0.000704201598784771,0.009219756492837504,0.008324986533564662,0.5965133061818947,0.03551042647187882,0.5
small,20,20,15.0,1,12,0.004493270726877952,0.00354895842731474,-0.002798602204478327,0.007291872931356279,0.006347560631793067,0.6295415330421423,0.04062087184531093,0.5833333333333334
small,20,20,15.0,2,12,0.03290535837062491,0.031872538594057594,0.024881544303493888,0.008023814067131018,0.006990994290563698,0.6885465177115454,0.11480116932011557,0.6666666666666666
small,20,20,15.0,3,12,0.010825440194247126,0.009652883580334039,0.0011372048438578624,0.009688235350389263,0.008515678736476176,0.781704409275393,0.06750566443094225,0.6666666666666666
small,20,20,15.0,4,12,0.02134260128619291,0.02023415581447507,0.009888106842454114,0.011454494443738797,0.010346048972020957,0.7389636478118925,0.16122305899770323,0.8333333333333334
small,20,20,15.0,5,12,0.007181221659222019,0.006018558010493333,-0.0020723263903540015,0.009253548049576017,0.008090884400847332,0.7751090991524564,0.11858918152070688,0.6666666666666666
small,20,20,15.0,6,12,-0.019542700007995586,-0.020697928668826675,-0.0313300052490258,0.011787305241030208,0.010632076580199122,0.7701524405540576,0.14676022781140327,0.5833333333333334
small,20,20,15.0,7,12,0.016371352593657136,0.015293686042864305,0.0020473782810171343,0.014323974312640006,0.013246307761847173,0.7184443671952225,0.12302439175092346,0.75
small,20,20,15.0,8,12,0.04472527358491474,0.0437000038374814,0.04519527575856499,-0.0004700021736502551,-0.001495271921083597,0.6835131649555604,0.0995868176552607,0.6666666666666666
small,20,20,15.0,9,12,0.02204810036321685,0.020839268797170768,0.0030668659899877,0.01898123437322915,0.017772402807183067,0.8058877106973865,0.17843432120947916,0.6666666666666666
small,20,20,15.0,10,12,0.03499139959764513,0.033890112141173434,0.02602996227332319,0.008961437324321942,0.00786014986785024,0.7341916376478013,0.13521285302136277,0.8333333333333334
small,20,20,15.0,11,12,0.005659071867483105,0.004487799404767818,-0.007161159802564603,0.012820231670047713,0.011648959207332424,0.7808483084768595,0.12790647204062425,0.5
small,20,20,15.0,12,12,0.005679890827660794,0.00447269666684064,-0.012330436186786064,0.018010327014446856,0.016803132853626706,0.8047961072134372,0.10805512595537672,0.5833333333333334
small,20,20,25.0,0,12,0.008515554894052734,0.007024271628597999,-0.000704201598784771,0.009219756492837504,0.007728473227382768,0.5965133061818947,0.03551042647187882,0.5
small,20,20,25.0,1,12,0.004493270726877952,0.0029194168942725963,-0.002798602204478327,0.007291872931356279,0.005718019098750923,0.6295415330421423,0.04062087184531093,0.5833333333333334
small,20,20,25.0,2,12,0.03290535837062491,0.031183992076346038,0.024881544303493888,0.008023814067131018,0.006302447772852153,0.6885465177115454,0.11480116932011557,0.6666666666666666
small,20,20,25.0,3,12,0.010825440194247126,0.008871179171058645,0.0011372048438578624,0.009688235350389263,0.007733974327200782,0.781704409275393,0.06750566443094225,0.6666666666666666
small,20,20,25.0,4,12,0.02134260128619291,0.019495192166663178,0.009888106842454114,0.011454494443738797,0.009607085324209062,0.7389636478118925,0.16122305899770323,0.8333333333333334
small,20,20,25.0,5,12,0.007181221659222019,0.005243448911340876,-0.0020723263903540015,0.009253548049576017,0.007315775301694874,0.7751090991524564,0.11858918152070688,0.6666666666666666
small,20,20,25.0,6,12,-0.019542700007995586,-0.02146808110938073,-0.0313300052490258,0.011787305241030208,0.009861924139645064,0.7701524405540576,0.14676022781140327,0.5833333333333334
small,20,20,25.0,7,12,0.016371352593657136,0.014575241675669084,0.0020473782810171343,0.014323974312640006,0.012527863394651952,0.7184443671952225,0.12302439175092346,0.75
small,20,20,25.0,8,12,0.04472527358491474,0.04301649067252583,0.04519527575856499,-0.0004700021736502551,-0.002178785086039157,0.6835131649555604,0.0995868176552607,0.6666666666666666
small,20,20,25.0,9,12,0.02204810036321685,0.02003338108647338,0.0030668659899877,0.01898123437322915,0.016966515096485685,0.8058877106973865,0.17843432120947916,0.6666666666666666
small,20,20,25.0,10,12,0.03499139959764513,0.03315592050352563,0.02602996227332319,0.008961437324321942,0.007125958230202439,0.7341916376478013,0.13521285302136277,0.8333333333333334
small,20,20,25.0,11,12,0.005659071867483105,0.003706951096290956,-0.007161159802564603,0.012820231670047713,0.010868110898855565,0.7808483084768595,0.12790647204062425,0.5
small,20,20,25.0,12,12,0.005679890827660794,0.0036679005596272026,-0.012330436186786064,0.018010327014446856,0.015998336746413263,0.8047961072134372,0.10805512595537672,0.4166666666666667
small,20,20,35.0,0,12,0.008515554894052734,0.006427758322416104,-0.000704201598784771,0.009219756492837504,0.007131959921200875,0.5965133061818947,0.03551042647187882,0.5
small,20,20,35.0,1,12,0.004493270726877952,0.0022898753612304555,-0.002798602204478327,0.007291872931356279,0.005088477565708783,0.6295415330421423,0.04062087184531093,0.5833333333333334
small,20,20,35.0,2,12,0.03290535837062491,0.0304954455586345,0.024881544303493888,0.008023814067131018,0.00561390125514061,0.6885465177115454,0.11480116932011557,0.6666666666666666
small,20,20,35.0,3,12,0.010825440194247126,0.008089474761783252,0.0011372048438578624,0.009688235350389263,0.006952269917925388,0.781704409275393,0.06750566443094225,0.6666666666666666
small,20,20,35.0,4,12,0.02134260128619291,0.018756228518851285,0.009888106842454114,0.011454494443738797,0.008868121676397172,0.7389636478118925,0.16122305899770323,0.8333333333333334
small,20,20,35.0,5,12,0.007181221659222019,0.004468339812188419,-0.0020723263903540015,0.009253548049576017,0.006540666202542418,0.7751090991524564,0.11858918152070688,0.6666666666666666
small,20,20,35.0,6,12,-0.019542700007995586,-0.022238233549934792,-0.0313300052490258,0.011787305241030208,0.009091771699091006,0.7701524405540576,0.14676022781140327,0.5833333333333334
small,20,20,35.0,7,12,0.016371352593657136,0.013856797308473856,0.0020473782810171343,0.014323974312640006,0.011809419027456724,0.7184443671952225,0.12302439175092346,0.6666666666666666
small,20,20,35.0,8,12,0.04472527358491474,0.04233297750757026,0.04519527575856499,-0.0004700021736502551,-0.0028622982509947177,0.6835131649555604,0.0995868176552607,0.6666666666666666
small,20,20,35.0,9,12,0.02204810036321685,0.019227493375775995,0.0030668659899877,0.01898123437322915,0.016160627385788297,0.8058877106973865,0.17843432120947916,0.6666666666666666
small,20,20,35.0,10,12,0.03499139959764513,0.032421728865877825,0.02602996227332319,0.008961437324321942,0.006391766592554637,0.7341916376478013,0.13521285302136277,0.8333333333333334
small,20,20,35.0,11,12,0.005659071867483105,0.0029261027878141,-0.007161159802564603,0.012820231670047713,0.010087262590378706,0.7808483084768595,0.12790647204062425,0.5
small,20,20,35.0,12,12,0.005679890827660794,0.0028631044524137657,-0.012330436186786064,0.018010327014446856,0.015193540639199829,0.8047961072134372,0.10805512595537672,0.4166666666666667
