feature_set,top_n,cost_bps,fold_id,n_rebalances,gross_expectancy,net_expectancy,benchmark_expectancy,alpha_gross,alpha_net,mean_turnover,ic,hit_rate
baseline_price_only,10,10.0,0,21,0.01266814166970773,0.011872794964386663,0.008932853072422265,0.0037352885972854657,0.0029399418919643988,0.7953467053210664,0.03870408863913136,0.9047619047619048
baseline_price_only,10,10.0,1,21,0.0028580772878795944,0.002214232893213534,0.0008029028110496708,0.0020551744768299244,0.0014113300821638624,0.643844394666061,0.08537097101020796,0.5238095238095238
baseline_price_only,10,10.0,2,21,-0.0046901175379556554,-0.005247595969451684,-0.004074511077241401,-0.0006156064607142532,-0.0011730848922102827,0.5574784314960295,0.019998723992330724,0.42857142857142855
baseline_price_only,10,10.0,3,21,0.008330385085489958,0.007621295593265381,0.0037169589758910384,0.0046134261095989205,0.003904336617374344,0.7090894922245781,0.08856383625014427,0.6666666666666666
baseline_price_only,10,10.0,4,21,0.00428043853453005,0.0035185665005989094,-0.00030393047583275715,0.004584369010362806,0.0038224969764316654,0.7618720339311402,0.057161463563138865,0.6190476190476191
baseline_price_only,10,10.0,5,21,0.008054874360982737,0.007311144163136736,0.004480737036203207,0.0035741373247795286,0.0028304071269335284,0.7437301978459994,0.01956922076473174,0.7142857142857143
baseline_price_only,10,10.0,6,21,0.0032264420734027773,0.002493124146939308,0.002722394815317979,0.0005040472580847986,-0.00022927066837867086,0.7333179264634693,-0.03859862246039501,0.5238095238095238
baseline_price_only,10,10.0,7,21,0.003654997467985833,0.0029023301802887794,0.001020567034723144,0.0026344304332626884,0.0018817631455656356,0.7526672876970534,0.07596975747447389,0.6666666666666666
baseline_price_only,10,10.0,8,21,-0.004093974066860147,-0.004822942249403496,-0.004663991409692929,0.0005700173428327829,-0.00015895083971056707,0.7289681825433499,0.07160393760924216,0.42857142857142855
baseline_price_only,10,10.0,9,21,-0.0016511259335977618,-0.0022715451880791025,-0.0005198065564147652,-0.0011313193771829973,-0.0017517386316643364,0.6204192544813393,0.04813573419860017,0.47619047619047616
baseline_price_only,10,10.0,10,21,0.001771976572216858,0.0009956773484720276,-0.0018190276205637447,0.003591004192780603,0.0028147049690357734,0.7762992237448303,0.09143602888592935,0.5714285714285714
baseline_price_only,10,10.0,11,21,0.0026676218670519092,0.0018728818446696518,0.0006997281919094859,0.001967893675142424,0.0011731536527601668,0.7947400223822575,0.08566005411324361,0.42857142857142855
baseline_price_only,10,10.0,12,21,0.009887367155503297,0.00926395533178104,0.003384075897207638,0.006503291258295664,0.005879879434573403,0.6234118237222601,0.08655700901471587,0.8095238095238095
baseline_price_only,10,10.0,13,21,0.0059616023578064085,0.005266177171516496,0.003172429641978799,0.0027891727158276085,0.0020937475295376975,0.6954251862899112,0.008658438474283173,0.7142857142857143
baseline_price_only,10,10.0,14,21,0.004288508695605592,0.003532018374674228,0.002431370801829119,0.0018571378937764723,0.001100647572845109,0.7564903209313634,0.04609935252612163,0.6190476190476191
baseline_price_only,10,10.0,15,21,-0.0014863104126187636,-0.0021963184546933126,-0.003549132683169119,0.0020628222705503553,0.001352814228475806,0.7100080420745492,0.08825547959947365,0.5238095238095238
baseline_price_only,10,10.0,16,21,0.0056194237416130124,0.00488574251751333,0.003326387730710409,0.002293036010902603,0.0015593547868029227,0.7336812240996812,0.026263621283990367,0.7142857142857143
baseline_price_only,10,10.0,17,21,0.004525658131060848,0.003729257595325314,0.0008605811477029214,0.0036650769833579274,0.002868676447622392,0.7964005357355343,0.030061966168605278,0.5714285714285714
baseline_price_only,10,10.0,18,21,0.0030065200158765496,0.0022680086098251953,0.001961584923945794,0.0010449350919307541,0.00030642368587940053,0.7385114060513539,0.027929681591809034,0.5714285714285714
baseline_price_only,10,10.0,19,21,-0.0007800572734345531,-0.0014378222672720424,-0.0027430326738841163,0.0019629754004495637,0.0013052104066120732,0.6577649938374902,0.11681750379801456,0.5714285714285714
baseline_price_only,10,10.0,20,21,-0.0009963218872968646,-0.0016928412311236912,-7.291388491234595e-05,-0.0009234080023845184,-0.0016199273462113451,0.6965193438268267,-0.0067878370327014315,0.47619047619047616
baseline_price_only,10,10.0,21,21,0.005088956773512165,0.004393159111512075,0.0038659122700270606,0.0012230445034851053,0.0005272468414850157,0.6957976620000895,0.058769081464742405,0.6190476190476191
baseline_price_only,10,10.0,22,21,0.0004731550480206918,-0.00023127753063297593,-0.00034692225578738595,0.0008200773038080778,0.0001156447251544107,0.704432578653667,0.02150214092618241,0.47619047619047616
baseline_price_only,10,10.0,23,21,0.004790216986492278,0.004065285729273511,0.001121225839954078,0.0036689911465382008,0.002944059889319432,0.7249312572187686,0.08253992384171274,0.5714285714285714
baseline_price_only,10,10.0,24,21,0.001281570464606582,0.0005582164652989151,-0.00012366929220402654,0.0014052397568106083,0.0006818857575029418,0.7233539993076669,0.034413657785606906,0.5238095238095238
baseline_price_only,10,10.0,25,21,0.006436698434823854,0.0057359446069622025,0.0002819488754181428,0.00615474955940571,0.005453995731544059,0.700753827861651,0.0640688377939891,0.6190476190476191
baseline_price_only,10,10.0,26,21,0.0031031326718312883,0.0024029567581423565,0.001983973172972048,0.0011191594988592402,0.0004189835851703087,0.7001759136889317,0.03582951161712522,0.6190476190476191
baseline_price_only,10,10.0,27,21,-0.004970578374864115,-0.0056006108615592595,-0.005226323188341125,0.0002557448134770099,-0.00037428767321813353,0.6300324866951437,0.04394912311421738,0.5714285714285714
baseline_price_only,10,10.0,28,21,0.0100480669044389,0.009332726326128225,0.004091996640013393,0.005956070264425504,0.005240729686114832,0.7153405783106724,0.06583041186937603,0.7142857142857143
baseline_price_only,10,10.0,29,21,-2.446871848744881e-05,-0.0007582926136687822,-0.00018081318580988033,0.000156344467322431,-0.0005774794278589024,0.7338238951813335,-0.01043738707963499,0.5714285714285714
baseline_price_only,10,10.0,30,21,0.003104007533892867,0.002360410207504385,-0.0005373417532337936,0.0036413492871266626,0.0028977519607381783,0.7435973263884826,0.051500777813445274,0.6190476190476191
baseline_price_only,10,10.0,31,21,-0.00026406807885784707,-0.0009648387476066793,-0.002941191615559908,0.00267712353670206,0.0019763528679532286,0.7007706687488314,0.06661601186178663,0.42857142857142855
baseline_price_only,10,10.0,32,21,0.006420541802088124,0.0057160340183295705,0.0038151597773347467,0.0026053820247533763,0.0019008742409948245,0.7045077837585518,0.05053974342321042,0.7142857142857143
baseline_price_only,10,10.0,33,21,0.0015593053648209412,0.000868582712536011,0.0009624113452737141,0.000596894019547227,-9.382863273770309e-05,0.6907226522849303,0.07822307092950224,0.6190476190476191
baseline_price_only,10,10.0,34,21,0.005585072217987282,0.004808670408523101,0.0033288908137654237,0.002256181404221858,0.0014797795947576774,0.7764018094641811,0.027935320875710087,0.8095238095238095
baseline_price_only,10,10.0,35,21,0.00487548777725669,0.004212202188745414,0.0020555603487393583,0.0028199274285173317,0.002156641840006055,0.6632855885112762,0.051526067768105546,0.7142857142857143
baseline_price_only,10,10.0,36,21,-1.629690327714526e-05,-0.0007450875696015433,5.930056756288299e-06,-2.2226960033433562e-05,-0.000751017626357831,0.7287906663243976,0.0392203322943565,0.47619047619047616
baseline_price_only,10,10.0,37,21,0.00556699266256776,0.004875489794766097,0.0015394806418399286,0.004027512020727831,0.0033360091529261687,0.6915028678016635,0.09895105471994868,0.5714285714285714
baseline_price_only,10,10.0,38,21,0.007825403099675665,0.007105825378616779,0.0047276065416109484,0.0030977965580647167,0.0023782188370058306,0.7195777210588863,0.04900666738829767,0.7619047619047619
baseline_price_only,10,10.0,39,21,0.004476115983613645,0.0038318880800728974,0.002217575099835167,0.002258540883778478,0.0016143129802377303,0.6442279035407475,0.06735829268409893,0.6666666666666666
baseline_price_only,10,10.0,40,21,0.001973430187300744,0.0012964149515739204,0.001631774066755353,0.0003416561205453903,-0.0003353591151814335,0.6770152357268239,0.03216854372424897,0.5714285714285714
baseline_price_only,10,10.0,41,21,0.004066032122825816,0.0034174857413156027,0.0006575251687438164,0.003408506954082001,0.0027599605725717865,0.6485463815102143,0.0693170281001201,0.5238095238095238
baseline_price_only,10,10.0,42,21,0.003207035833402846,0.002477204680593993,0.0012677781956104296,0.0019392576377924163,0.0012094264849835633,0.7298311528088528,0.07220695846492502,0.7619047619047619
baseline_price_only,10,10.0,43,21,0.007275964162959942,0.00655162028023132,0.0034020106708218096,0.003873953492138133,0.0031496096094095092,0.7243438827286232,0.05392087599095155,0.6190476190476191
baseline_price_only,10,10.0,44,21,0.0033353144155331992,0.002663473338141659,0.002107030057191828,0.0012282843583413714,0.0005564432809498309,0.6718410773915405,0.06863151446039174,0.6190476190476191
baseline_price_only,10,10.0,45,21,0.0051065062828123025,0.0043870120907639944,0.0015793289792690628,0.0035271773035432394,0.002807683111494932,0.7194941920483073,0.07885370309453495,0.6190476190476191
baseline_price_only,10,10.0,46,21,-0.0021141651591742644,-0.0027463726842670727,-0.003721864379356755,0.0016076992201824914,0.0009754916950896831,0.6322075250928084,0.03257856405602192,0.47619047619047616
baseline_price_only,10,10.0,47,21,0.00046762139784379864,-0.00022891739036292572,-0.0029671469916500172,0.0034347683894938156,0.002738229601287091,0.6965387882067252,0.1201077560937186,0.42857142857142855
baseline_price_only,10,10.0,48,21,-0.0042271860762034125,-0.004976638482914005,-0.0020879434920750652,-0.002139242584128348,-0.0028886949908389394,0.7494524067105911,0.01656794900536151,0.38095238095238093
baseline_price_only,10,10.0,49,21,0.0007847586632185268,7.982584621667838e-05,-0.0021462520871210165,0.0029310107503395435,0.0022260779333376952,0.7049328170018482,0.052329262259657644,0.3333333333333333
baseline_price_only,10,10.0,50,21,0.006562603309318629,0.0058330471399823175,0.0036374142014117994,0.0029251891079068305,0.0021956329385705194,0.7295561693363116,0.01875493092594915,0.6666666666666666
baseline_price_only,10,10.0,51,21,-0.00749469647492944,-0.008125112418804977,-0.007639377194338988,0.0001446807194095462,-0.0004857352244659886,0.6304159438755347,0.05713709860535408,0.47619047619047616
baseline_price_only,10,10.0,52,21,0.008324462421562855,0.007638164448563639,0.003231153362481197,0.005093309059081655,0.004407011086082442,0.6862979729992142,0.0820895595811874,0.5714285714285714
baseline_price_only,10,10.0,53,21,0.004833755486972778,0.004224659881008691,0.0025330837605012846,0.0023006717264714934,0.0016915761205074072,0.6090956059640869,0.050102512931596135,0.6666666666666666
baseline_price_only,10,10.0,54,21,0.000305216642015647,-0.00024186952219591387,-0.0022871934964378378,0.0025924101384534864,0.0020453239742419245,0.5470861642115609,0.029747830037290663,0.5238095238095238
baseline_price_only,10,10.0,55,21,0.0020813561439532616,0.0013904120208134041,0.0009568563563791383,0.0011244997875741226,0.00043355566443426587,0.6909441231398568,0.055231827918735155,0.5238095238095238
baseline_price_only,10,10.0,56,21,0.0014160701489712088,0.0008351000145540015,0.0006549583330752823,0.0007611118158959271,0.00018014168147871957,0.5809701344172074,0.04727084726908847,0.5238095238095238
baseline_price_only,10,10.0,57,21,0.0004910903339456124,-0.00011367078787125112,-0.00012223530069944093,0.0006133256346450536,8.564512828189893e-06,0.6047611218168624,0.07267019045636615,0.47619047619047616
baseline_price_only,10,10.0,58,21,-0.0027450928058937616,-0.0034185873286008313,-0.0016981109955417054,-0.001046981810352057,-0.0017204763330591248,0.6734945227070683,0.05132154118796666,0.38095238095238093
baseline_price_only,10,10.0,59,21,0.0021468631121017764,0.0014351876449022508,0.003463785158297863,-0.001316922046196086,-0.002028597513395612,0.7116754671995261,0.05593110705478366,0.47619047619047616
baseline_price_only,10,10.0,60,21,0.0027658055074146408,0.0020317148117264933,-0.0007827318260163719,0.0035485373334310133,0.0028144466377428646,0.7340906956881482,0.06298702748767974,0.5238095238095238
baseline_price_only,10,10.0,61,21,0.004653703756889192,0.003929431577766461,0.002896837654455842,0.0017568661024333504,0.001032593923310619,0.7242721791227309,-0.0158648221423403,0.8095238095238095
baseline_price_only,10,10.0,62,21,-0.014891122930236932,-0.015592525237868197,-0.012117818243784065,-0.00277330468645287,-0.0034747069940841333,0.7014023076312628,-0.05559499016968714,0.3333333333333333
baseline_price_only,10,10.0,63,21,0.010631924960721463,0.009977782493734351,0.005819301870032935,0.00481262309068853,0.004158480623701417,0.6541424669871126,0.056806971063290954,0.6666666666666666
baseline_price_only,10,10.0,64,21,0.015823465976572734,0.015028962007770773,0.0072907837427713075,0.00853268223380143,0.007738178264999467,0.7945039688019606,0.11485835592885558,0.7619047619047619
baseline_price_only,10,10.0,65,21,0.0036168105888306832,0.002959473332780403,0.001318214640675903,0.0022985959481547804,0.001641258692104501,0.6573372560502794,0.061219557151770375,0.6190476190476191
baseline_price_only,10,10.0,66,21,0.0017658627853481147,0.0010888951811901658,0.0009786929888283113,0.0007871697965198035,0.00011020219236185442,0.6769676041579487,0.07926337176471993,0.6190476190476191
baseline_price_only,10,10.0,67,21,-0.0007626528573729125,-0.0014640372906779904,0.00032130356279992,-0.0010839564201728321,-0.0017853408534779104,0.7013844333050783,0.005218165174444327,0.5238095238095238
baseline_price_only,10,10.0,68,21,0.007236197849513583,0.0064491602316572305,0.004706776245767743,0.0025294216037458415,0.0017423839858894876,0.7870376178563541,0.009591310093800499,0.7619047619047619
baseline_price_only,10,10.0,69,21,0.004800494778745386,0.004141109403173567,0.0022582988805321023,0.0025421958982132843,0.0018828105226414654,0.6593853755718188,0.07779912419356418,0.5238095238095238
baseline_price_only,10,10.0,70,21,0.004894261792559128,0.004243745960488085,0.0005636516200005992,0.004330610172558528,0.0036800943404874864,0.6505158320710418,0.06882996383694412,0.5714285714285714
baseline_price_only,10,10.0,71,21,0.001358926920950748,0.0006389505412852432,0.0012489540680309524,0.00010997285291979512,-0.0006100035267457092,0.7199763796655044,0.006812428528026882,0.5714285714285714
baseline_price_only,10,10.0,72,21,0.0021016610636524417,0.0013391257180522353,0.002171937528327753,-7.027646467531156e-05,-0.0008328118102755183,0.7625353456002069,0.010257031259251002,0.6190476190476191
baseline_price_only,10,10.0,73,21,0.0006755369950549893,-4.46021369567742e-05,0.0004538266849976935,0.00022171031005729594,-0.0004984288219544677,0.7201391320117637,0.04457592079047691,0.47619047619047616
baseline_price_only,10,10.0,74,21,0.0014773638452235348,0.0007283609360343816,0.002704596080657841,-0.0012272322354343074,-0.0019762351446234597,0.7490029091891529,-0.014574219354600456,0.6190476190476191
baseline_price_only,10,10.0,75,21,-0.00033657754302893005,-0.0010431898430287392,-0.0008757035069422543,0.0005391259639133242,-0.00016748633608648417,0.7066122999998086,0.0447040269557975,0.38095238095238093
baseline_price_only,10,10.0,76,21,0.00029029251706691575,-0.00036287901313294604,0.00029057502428398514,-2.8250721706969485e-07,-0.0006534540374169309,0.6531715301998611,0.049090336223740906,0.47619047619047616
baseline_price_only,10,10.0,77,21,-0.003818377959519348,-0.0044532349979326665,-0.003786422452507254,-3.1955507012093694e-05,-0.0006668125454254112,0.634857038413317,0.02708016686178105,0.47619047619047616
baseline_price_only,10,10.0,78,21,0.0049653136938833786,0.004212885377242451,0.005166563222075539,-0.0002012495281921608,-0.0009536778448330887,0.7524283166409281,0.0458635003990909,0.6190476190476191
baseline_price_only,10,10.0,79,21,-0.006180893783937042,-0.006868174587974262,-0.004860824748259307,-0.0013200690356777365,-0.002007349839714956,0.6872808040372198,-0.03271885617885746,0.38095238095238093
baseline_price_only,10,10.0,80,21,-8.981183701344483e-05,-0.0008657751825968443,0.0001334584260409274,-0.00022327026305437288,-0.0009992336086377723,0.7759633455833997,-0.03363394672421294,0.5714285714285714
baseline_price_only,10,10.0,81,21,0.004091011700409228,0.003362841605718858,0.00256741376838518,0.0015235979320240484,0.0007954278373336782,0.7281700946903698,0.048708942906443495,0.6190476190476191
baseline_price_only,10,10.0,82,21,-0.0012366245307446847,-0.001957754996790071,-0.0024381706113873708,0.0012015460806426863,0.0004804156145972999,0.7211304660453864,0.023593565962831773,0.5238095238095238
baseline_price_only,10,10.0,83,21,0.002589634620803219,0.0018558779858954373,0.0014355968002289841,0.0011540378205742352,0.0004202811856664529,0.7337566349077823,0.014003668366492137,0.6666666666666666
baseline_price_only,10,10.0,84,21,-0.0013321155270456355,-0.002079924231434256,-0.0012432295328331934,-8.888599421244241e-05,-0.0008366946986010627,0.74780870438862,0.02998598600123869,0.3333333333333333
baseline_price_only,10,10.0,85,21,0.0008314552654018891,0.00019644099762659622,-0.00037188861883118076,0.0012033438842330702,0.0005683296164577771,0.6350142677752931,0.0181382182755855,0.5238095238095238
baseline_price_only,10,10.0,86,21,0.0026640040929289555,0.0019542401000432704,0.0017937701682161282,0.0008702339247128275,0.0001604699318271422,0.7097639928856851,0.005238219241296289,0.6190476190476191
baseline_price_only,10,10.0,87,21,0.004005500234010609,0.0033332923137582545,0.002480534543422888,0.0015249656905877214,0.0008527577703353669,0.6722079202523544,0.03834040657350328,0.6190476190476191
baseline_price_only,10,10.0,88,21,0.003962199737146472,0.00322345071050678,0.0015776761796341989,0.0023845235575122724,0.0016457745308725807,0.7387490266396916,0.032977892122751776,0.6666666666666666
baseline_price_only,10,10.0,89,21,0.0017433471322212968,0.0010283892991778136,0.0018437978049112565,-0.00010045067268996003,-0.0008154085057334435,0.7149578330434831,0.016955645821668707,0.6190476190476191
baseline_price_only,10,10.0,90,21,-0.0002934408339509303,-0.000994068690974526,-0.001200241452374314,0.0009068006184233835,0.0002061727613997882,0.7006278570235953,0.05218454709354062,0.47619047619047616
baseline_price_only,10,10.0,91,21,0.004772390221062172,0.004099898619116109,0.004185396498689209,0.0005869937223729623,-8.549787957309921e-05,0.6724916019460614,-0.021341500605449933,0.7619047619047619
baseline_price_only,10,10.0,92,21,0.0030022226214261104,0.002286716071238311,0.0014013964946219982,0.0016008261268041118,0.0008853195766163124,0.7155065501877994,0.022995962420228156,0.5238095238095238
baseline_price_only,10,10.0,93,21,0.0004149621797121931,-0.0003102906123905231,1.4035620939745594e-05,0.0004009265587724475,-0.0003243262333302681,0.7252527921027154,0.0410886887653871,0.5714285714285714
baseline_price_only,10,10.0,94,21,0.00030242378237365264,-0.0003835784336264502,0.0011209288645548778,-0.0008185050821812251,-0.0015045072981813283,0.686002216000103,0.015439008340399433,0.42857142857142855
baseline_price_only,10,10.0,95,21,-0.0009006371686488044,-0.0016199477761134,0.0029420190040805824,-0.003842656172729386,-0.004561966780193981,0.7193106074645954,0.012775415623854078,0.5714285714285714
baseline_price_only,10,15.0,0,21,0.01266814166970773,0.011475121611726128,0.008932853072422265,0.0037352885972854657,0.002542268539303865,0.7953467053210664,0.03870408863913136,0.9047619047619048
baseline_price_only,10,15.0,1,21,0.0028580772878795944,0.0018923106958805027,0.0008029028110496708,0.0020551744768299244,0.0010894078848308322,0.643844394666061,0.08537097101020796,0.5238095238095238
baseline_price_only,10,15.0,2,21,-0.0046901175379556554,-0.005526335185199698,-0.004074511077241401,-0.0006156064607142532,-0.0014518241079582972,0.5574784314960295,0.019998723992330724,0.38095238095238093
baseline_price_only,10,15.0,3,21,0.008330385085489958,0.007266750847153094,0.0037169589758910384,0.0046134261095989205,0.003549791871262054,0.7090894922245781,0.08856383625014427,0.6666666666666666
baseline_price_only,10,15.0,4,21,0.00428043853453005,0.0031376304836333393,-0.00030393047583275715,0.004584369010362806,0.0034415609594660953,0.7618720339311402,0.057161463563138865,0.5238095238095238
baseline_price_only,10,15.0,5,21,0.008054874360982737,0.006939279064213736,0.004480737036203207,0.0035741373247795286,0.00245854202801053,0.7437301978459994,0.01956922076473174,0.7142857142857143
baseline_price_only,10,15.0,6,21,0.0032264420734027773,0.002126465183707573,0.002722394815317979,0.0005040472580847986,-0.0005959296316104054,0.7333179264634693,-0.03859862246039501,0.5238095238095238
baseline_price_only,10,15.0,7,21,0.003654997467985833,0.002525996536440252,0.001020567034723144,0.0026344304332626884,0.0015054295017171084,0.7526672876970534,0.07596975747447389,0.6666666666666666
baseline_price_only,10,15.0,8,21,-0.004093974066860147,-0.005187426340675171,-0.004663991409692929,0.0005700173428327829,-0.0005234349309822421,0.7289681825433499,0.07160393760924216,0.38095238095238093
baseline_price_only,10,15.0,9,21,-0.0016511259335977618,-0.0025817548153197717,-0.0005198065564147652,-0.0011313193771829973,-0.002061948258905006,0.6204192544813393,0.04813573419860017,0.47619047619047616
baseline_price_only,10,15.0,10,21,0.001771976572216858,0.0006075277365996132,-0.0018190276205637447,0.003591004192780603,0.0024265553571633574,0.7762992237448303,0.09143602888592935,0.5714285714285714
baseline_price_only,10,15.0,11,21,0.0026676218670519092,0.0014755118334785235,0.0006997281919094859,0.001967893675142424,0.0007757836415690381,0.7947400223822575,0.08566005411324361,0.42857142857142855
baseline_price_only,10,15.0,12,21,0.009887367155503297,0.00895224941991991,0.003384075897207638,0.006503291258295664,0.005568173522712272,0.6234118237222601,0.08655700901471587,0.8095238095238095
baseline_price_only,10,15.0,13,21,0.0059616023578064085,0.004918464578371541,0.003172429641978799,0.0027891727158276085,0.0017460349363927422,0.6954251862899112,0.008658438474283173,0.6190476190476191
baseline_price_only,10,15.0,14,21,0.004288508695605592,0.0031537732142085458,0.002431370801829119,0.0018571378937764723,0.0007224024123794277,0.7564903209313634,0.04609935252612163,0.5238095238095238
baseline_price_only,10,15.0,15,21,-0.0014863104126187636,-0.0025513224757305877,-0.003549132683169119,0.0020628222705503553,0.0009978102074385314,0.7100080420745492,0.08825547959947365,0.5238095238095238
baseline_price_only,10,15.0,16,21,0.0056194237416130124,0.004518901905463489,0.003326387730710409,0.002293036010902603,0.0011925141747530811,0.7336812240996812,0.026263621283990367,0.7142857142857143
baseline_price_only,10,15.0,17,21,0.004525658131060848,0.003331057327457547,0.0008605811477029214,0.0036650769833579274,0.0024704761797546258,0.7964005357355343,0.030061966168605278,0.5714285714285714
baseline_price_only,10,15.0,18,21,0.0030065200158765496,0.0018987529067995177,0.001961584923945794,0.0010449350919307541,-6.283201714627677e-05,0.7385114060513539,0.027929681591809034,0.5714285714285714
baseline_price_only,10,15.0,19,21,-0.0007800572734345531,-0.0017667047641907868,-0.0027430326738841163,0.0019629754004495637,0.0009763279096933286,0.6577649938374902,0.11681750379801456,0.5238095238095238
baseline_price_only,10,15.0,20,21,-0.0009963218872968646,-0.002041100903037105,-7.291388491234595e-05,-0.0009234080023845184,-0.001968187018124759,0.6965193438268267,-0.0067878370327014315,0.47619047619047616
baseline_price_only,10,15.0,21,21,0.005088956773512165,0.004045260280512032,0.0038659122700270606,0.0012230445034851053,0.00017934801048497125,0.6957976620000895,0.058769081464742405,0.6190476190476191
baseline_price_only,10,15.0,22,21,0.0004731550480206918,-0.0005834938199598099,-0.00034692225578738595,0.0008200773038080778,-0.00023657156417242322,0.704432578653667,0.02150214092618241,0.47619047619047616
baseline_price_only,10,15.0,23,21,0.004790216986492278,0.0037028201006641262,0.001121225839954078,0.0036689911465382008,0.002581594260710048,0.7249312572187686,0.08253992384171274,0.5714285714285714
baseline_price_only,10,15.0,24,21,0.001281570464606582,0.0001965394656450816,-0.00012366929220402654,0.0014052397568106083,0.00032020875784910844,0.7233539993076669,0.034413657785606906,0.47619047619047616
baseline_price_only,10,15.0,25,21,0.006436698434823854,0.005385567693031376,0.0002819488754181428,0.00615474955940571,0.005103618817613233,0.700753827861651,0.0640688377939891,0.6190476190476191
baseline_price_only,10,15.0,26,21,0.0031031326718312883,0.0020528688012978907,0.001983973172972048,0.0011191594988592402,6.889562832584303e-05,0.7001759136889317,0.03582951161712522,0.6190476190476191
baseline_price_only,10,15.0,27,21,-0.004970578374864115,-0.00591562710490683,-0.005226323188341125,0.0002557448134770099,-0.000689303916565706,0.6300324866951437,0.04394912311421738,0.5714285714285714
baseline_price_only,10,15.0,28,21,0.0100480669044389,0.008975056036972887,0.004091996640013393,0.005956070264425504,0.004883059396959495,0.7153405783106724,0.06583041186937603,0.7142857142857143
baseline_price_only,10,15.0,29,21,-2.446871848744881e-05,-0.0011252045612594492,-0.00018081318580988033,0.000156344467322431,-0.0009443913754495692,0.7338238951813335,-0.01043738707963499,0.5714285714285714
baseline_price_only,10,15.0,30,21,0.003104007533892867,0.0019886115443101438,-0.0005373417532337936,0.0036413492871266626,0.0025259532975439375,0.7435973263884826,0.051500777813445274,0.6190476190476191
baseline_price_only,10,15.0,31,21,-0.00026406807885784707,-0.001315224081981094,-0.002941191615559908,0.00267712353670206,0.0016259675335788127,0.7007706687488314,0.06661601186178663,0.42857142857142855
baseline_price_only,10,15.0,32,21,0.006420541802088124,0.005363780126450294,0.0038151597773347467,0.0026053820247533763,0.0015486203491155484,0.7045077837585518,0.05053974342321042,0.7142857142857143
baseline_price_only,10,15.0,33,21,0.0015593053648209412,0.0005232213863935456,0.0009624113452737141,0.000596894019547227,-0.00043918995888016845,0.6907226522849303,0.07822307092950224,0.5714285714285714
baseline_price_only,10,15.0,34,21,0.005585072217987282,0.0044204695037910096,0.0033288908137654237,0.002256181404221858,0.001091578690025587,0.7764018094641811,0.027935320875710087,0.7619047619047619
baseline_price_only,10,15.0,35,21,0.00487548777725669,0.003880559394489776,0.0020555603487393583,0.0028199274285173317,0.0018249990457504175,0.6632855885112762,0.051526067768105546,0.7142857142857143
baseline_price_only,10,15.0,36,21,-1.629690327714526e-05,-0.001109482902763742,5.930056756288299e-06,-2.2226960033433562e-05,-0.0011154129595200297,0.7287906663243976,0.0392203322943565,0.42857142857142855
baseline_price_only,10,15.0,37,21,0.00556699266256776,0.004529738360865265,0.0015394806418399286,0.004027512020727831,0.0029902577190253367,0.6915028678016635,0.09895105471994868,0.5714285714285714
baseline_price_only,10,15.0,38,21,0.007825403099675665,0.006746036518087336,0.0047276065416109484,0.0030977965580647167,0.002018429976476388,0.7195777210588863,0.04900666738829767,0.7619047619047619
baseline_price_only,10,15.0,39,21,0.004476115983613645,0.0035097741283025238,0.002217575099835167,0.002258540883778478,0.0012921990284673562,0.6442279035407475,0.06735829268409893,0.6666666666666666
baseline_price_only,10,15.0,40,21,0.001973430187300744,0.0009579073337105077,0.001631774066755353,0.0003416561205453903,-0.0006738667330448454,0.6770152357268239,0.03216854372424897,0.5714285714285714
baseline_price_only,10,15.0,41,21,0.004066032122825816,0.0030932125505604953,0.0006575251687438164,0.003408506954082001,0.0024356873818166787,0.6485463815102143,0.0693170281001201,0.5238095238095238
baseline_price_only,10,15.0,42,21,0.003207035833402846,0.002112289104189567,0.0012677781956104296,0.0019392576377924163,0.0008445109085791371,0.7298311528088528,0.07220695846492502,0.7619047619047619
baseline_price_only,10,15.0,43,21,0.007275964162959942,0.006189448338867009,0.0034020106708218096,0.003873953492138133,0.002787437668045198,0.7243438827286232,0.05392087599095155,0.6190476190476191
baseline_price_only,10,15.0,44,21,0.0033353144155331992,0.0023275527994458885,0.002107030057191828,0.0012282843583413714,0.00022052274225406042,0.6718410773915405,0.06863151446039174,0.6190476190476191
baseline_price_only,10,15.0,45,21,0.0051065062828123025,0.004027264994739842,0.0015793289792690628,0.0035271773035432394,0.002447936015470778,0.7194941920483073,0.07885370309453495,0.6190476190476191
baseline_price_only,10,15.0,46,21,-0.0021141651591742644,-0.003062476446813476,-0.003721864379356755,0.0016076992201824914,0.0006593879325432791,0.6322075250928084,0.03257856405602192,0.47619047619047616
baseline_price_only,10,15.0,47,21,0.00046762139784379864,-0.0005771867844662885,-0.0029671469916500172,0.0034347683894938156,0.002389960207183729,0.6965387882067252,0.1201077560937186,0.42857142857142855
baseline_price_only,10,15.0,48,21,-0.0042271860762034125,-0.0053513646862693,-0.0020879434920750652,-0.002139242584128348,-0.003263421194194235,0.7494524067105911,0.01656794900536151,0.38095238095238093
baseline_price_only,10,15.0,49,21,0.0007847586632185268,-0.0002726405622842452,-0.0021462520871210165,0.0029310107503395435,0.0018736115248367711,0.7049328170018482,0.052329262259657644,0.3333333333333333
baseline_price_only,10,15.0,50,21,0.006562603309318629,0.005468269055314161,0.0036374142014117994,0.0029251891079068305,0.0018308548539023636,0.7295561693363116,0.01875493092594915,0.6666666666666666
baseline_price_only,10,15.0,51,21,-0.00749469647492944,-0.008440320390742741,-0.007639377194338988,0.0001446807194095462,-0.0008009431964037553,0.6304159438755347,0.05713709860535408,0.47619047619047616
baseline_price_only,10,15.0,52,21,0.008324462421562855,0.007295015462064031,0.003231153362481197,0.005093309059081655,0.004063862099582834,0.6862979729992142,0.0820895595811874,0.5714285714285714
baseline_price_only,10,15.0,53,21,0.004833755486972778,0.003920112078026647,0.0025330837605012846,0.0023006717264714934,0.0013870283175253636,0.6090956059640869,0.050102512931596135,0.6666666666666666
baseline_price_only,10,15.0,54,21,0.000305216642015647,-0.0005154126043016925,-0.0022871934964378378,0.0025924101384534864,0.001771780892136145,0.5470861642115609,0.029747830037290663,0.5238095238095238
baseline_price_only,10,15.0,55,21,0.0020813561439532616,0.001044939959243476,0.0009568563563791383,0.0011244997875741226,8.808360286433737e-05,0.6909441231398568,0.055231827918735155,0.47619047619047616
baseline_price_only,10,15.0,56,21,0.0014160701489712088,0.0005446149473453985,0.0006549583330752823,0.0007611118158959271,-0.0001103433857298834,0.5809701344172074,0.04727084726908847,0.5238095238095238
baseline_price_only,10,15.0,57,21,0.0004910903339456124,-0.00041605134877968137,-0.00012223530069944093,0.0006133256346450536,-0.00029381604808024033,0.6047611218168624,0.07267019045636615,0.47619047619047616
baseline_price_only,10,15.0,58,21,-0.0027450928058937616,-0.0037553345899543635,-0.0016981109955417054,-0.001046981810352057,-0.0020572235944126584,0.6734945227070683,0.05132154118796666,0.38095238095238093
baseline_price_only,10,15.0,59,21,0.0021468631121017764,0.0010793499113024875,0.003463785158297863,-0.001316922046196086,-0.0023844352469953754,0.7116754671995261,0.05593110705478366,0.47619047619047616
baseline_price_only,10,15.0,60,21,0.0027658055074146408,0.0016646694638824187,-0.0007827318260163719,0.0035485373334310133,0.0024474012898987913,0.7340906956881482,0.06298702748767974,0.5238095238095238
baseline_price_only,10,15.0,61,21,0.004653703756889192,0.003567295488205096,0.002896837654455842,0.0017568661024333504,0.0006704578337492536,0.7242721791227309,-0.0158648221423403,0.7619047619047619
baseline_price_only,10,15.0,62,21,-0.014891122930236932,-0.015943226391683826,-0.012117818243784065,-0.00277330468645287,-0.0038254081478997642,0.7014023076312628,-0.05559499016968714,0.3333333333333333
baseline_price_only,10,15.0,63,21,0.010631924960721463,0.009650711260240797,0.005819301870032935,0.00481262309068853,0.0038314093902078613,0.6541424669871126,0.056806971063290954,0.6666666666666666
baseline_price_only,10,15.0,64,21,0.015823465976572734,0.014631710023369797,0.0072907837427713075,0.00853268223380143,0.007340926280598491,0.7945039688019606,0.11485835592885558,0.7619047619047619
baseline_price_only,10,15.0,65,21,0.0036168105888306832,0.0026308047047552637,0.001318214640675903,0.0022985959481547804,0.001312590064079361,0.6573372560502794,0.061219557151770375,0.6190476190476191
baseline_price_only,10,15.0,66,21,0.0017658627853481147,0.0007504113791111917,0.0009786929888283113,0.0007871697965198035,-0.00022828160971711945,0.6769676041579487,0.07926337176471993,0.6190476190476191
baseline_price_only,10,15.0,67,21,-0.0007626528573729125,-0.0018147295073305302,0.00032130356279992,-0.0010839564201728321,-0.00213603307013045,0.7013844333050783,0.005218165174444327,0.5238095238095238
baseline_price_only,10,15.0,68,21,0.007236197849513583,0.006055641422729054,0.004706776245767743,0.0025294216037458415,0.0013488651769613107,0.7870376178563541,0.009591310093800499,0.7619047619047619
baseline_price_only,10,15.0,69,21,0.004800494778745386,0.0038114167153876577,0.0022582988805321023,0.0025421958982132843,0.0015531178348555561,0.6593853755718188,0.07779912419356418,0.5238095238095238
baseline_price_only,10,15.0,70,21,0.004894261792559128,0.003918488044452564,0.0005636516200005992,0.004330610172558528,0.0033548364244519657,0.6505158320710418,0.06882996383694412,0.5714285714285714
baseline_price_only,10,15.0,71,21,0.001358926920950748,0.0002789623514524913,0.0012489540680309524,0.00010997285291979512,-0.000969991716578461,0.7199763796655044,0.006812428528026882,0.5714285714285714
baseline_price_only,10,15.0,72,21,0.0021016610636524417,0.0009578580452521318,0.002171937528327753,-7.027646467531156e-05,-0.0012140794830756215,0.7625353456002069,0.010257031259251002,0.6190476190476191
baseline_price_only,10,15.0,73,21,0.0006755369950549893,-0.0004046717029626563,0.0004538266849976935,0.00022171031005729594,-0.0008584983879603499,0.7201391320117637,0.04457592079047691,0.47619047619047616
baseline_price_only,10,15.0,74,21,0.0014773638452235348,0.0003538594814398054,0.002704596080657841,-0.0012272322354343074,-0.0023507365992180363,0.7490029091891529,-0.014574219354600456,0.6190476190476191
baseline_price_only,10,15.0,75,21,-0.00033657754302893005,-0.001396495993028643,-0.0008757035069422543,0.0005391259639133242,-0.0005207924860863884,0.7066122999998086,0.0447040269557975,0.38095238095238093
baseline_price_only,10,15.0,76,21,0.00029029251706691575,-0.000689464778232876,0.00029057502428398514,-2.8250721706969485e-07,-0.0009800398025168616,0.6531715301998611,0.049090336223740906,0.38095238095238093
baseline_price_only,10,15.0,77,21,-0.003818377959519348,-0.004770663517139324,-0.003786422452507254,-3.1955507012093694e-05,-0.0009842410646320704,0.634857038413317,0.02708016686178105,0.47619047619047616
baseline_price_only,10,15.0,78,21,0.0049653136938833786,0.0038366712189219863,0.005166563222075539,-0.0002012495281921608,-0.0013298920031535534,0.7524283166409281,0.0458635003990909,0.6190476190476191
baseline_price_only,10,15.0,79,21,-0.006180893783937042,-0.007211814989992874,-0.004860824748259307,-0.0013200690356777365,-0.0023509902417335657,0.6872808040372198,-0.03271885617885746,0.38095238095238093
baseline_price_only,10,15.0,80,21,-8.981183701344483e-05,-0.001253756855388544,0.0001334584260409274,-0.00022327026305437288,-0.001387215281429472,0.7759633455833997,-0.03363394672421294,0.5714285714285714
baseline_price_only,10,15.0,81,21,0.004091011700409228,0.0029987565583736732,0.00256741376838518,0.0015235979320240484,0.0004313427899884927,0.7281700946903698,0.048708942906443495,0.6190476190476191
baseline_price_only,10,15.0,82,21,-0.0012366245307446847,-0.0023183202298127635,-0.0024381706113873708,0.0012015460806426863,0.00011985038157460665,0.7211304660453864,0.023593565962831773,0.5238095238095238
baseline_price_only,10,15.0,83,21,0.002589634620803219,0.001488999668441546,0.0014355968002289841,0.0011540378205742352,5.3402868212561714e-05,0.7337566349077823,0.014003668366492137,0.6190476190476191
baseline_price_only,10,15.0,84,21,-0.0013321155270456355,-0.002453828583628566,-0.0012432295328331934,-8.888599421244241e-05,-0.0012105990507953728,0.74780870438862,0.02998598600123869,0.3333333333333333
baseline_price_only,10,15.0,85,21,0.0008314552654018891,-0.00012106613626105109,-0.00037188861883118076,0.0012033438842330702,0.0002508224825701302,0.6350142677752931,0.0181382182755855,0.47619047619047616
baseline_price_only,10,15.0,86,21,0.0026640040929289555,0.0015993581036004277,0.0017937701682161282,0.0008702339247128275,-0.0001944120646157003,0.7097639928856851,0.005238219241296289,0.6190476190476191
baseline_price_only,10,15.0,87,21,0.004005500234010609,0.002997188353632077,0.002480534543422888,0.0015249656905877214,0.0005166538102091896,0.6722079202523544,0.03834040657350328,0.6190476190476191
baseline_price_only,10,15.0,88,21,0.003962199737146472,0.0028540761971869344,0.0015776761796341989,0.0023845235575122724,0.001276400017552735,0.7387490266396916,0.032977892122751776,0.6190476190476191
baseline_price_only,10,15.0,89,21,0.0017433471322212968,0.0006709103826560721,0.0018437978049112565,-0.00010045067268996003,-0.0011728874222551847,0.7149578330434831,0.016955645821668707,0.6190476190476191
baseline_price_only,10,15.0,90,21,-0.0002934408339509303,-0.0013443826194863232,-0.001200241452374314,0.0009068006184233835,-0.00014414116711200932,0.7006278570235953,0.05218454709354062,0.47619047619047616
baseline_price_only,10,15.0,91,21,0.004772390221062172,0.00376365281814308,0.004185396498689209,0.0005869937223729623,-0.00042174368054613017,0.6724916019460614,-0.021341500605449933,0.7142857142857143
baseline_price_only,10,15.0,92,21,0.0030022226214261104,0.0019289627961444106,0.0014013964946219982,0.0016008261268041118,0.0005275663015224123,0.7155065501877994,0.022995962420228156,0.47619047619047616
baseline_price_only,10,15.0,93,21,0.0004149621797121931,-0.0006729170084418803,1.4035620939745594e-05,0.0004009265587724475,-0.0006869526293816256,0.7252527921027154,0.0410886887653871,0.5714285714285714
baseline_price_only,10,15.0,94,21,0.00030242378237365264,-0.000726579541626502,0.0011209288645548778,-0.0008185050821812251,-0.0018475084061813792,0.686002216000103,0.015439008340399433,0.42857142857142855
baseline_price_only,10,15.0,95,21,-0.0009006371686488044,-0.001979603079845698,0.0029420190040805824,-0.003842656172729386,-0.004921622083926279,0.7193106074645954,0.012775415623854078,0.5714285714285714
baseline_price_only,10,25.0,0,21,0.01266814166970773,0.010679774906405063,0.008932853072422265,0.0037352885972854657,0.0017469218339827993,0.7953467053210664,0.03870408863913136,0.8571428571428571
baseline_price_only,10,25.0,1,21,0.0028580772878795944,0.0012484663012144416,0.0008029028110496708,0.0020551744768299244,0.00044556349016477124,0.643844394666061,0.08537097101020796,0.5238095238095238
baseline_price_only,10,25.0,2,21,-0.0046901175379556554,-0.0060838136166957305,-0.004074511077241401,-0.0006156064607142532,-0.0020093025394543277,0.5574784314960295,0.019998723992330724,0.3333333333333333
baseline_price_only,10,25.0,3,21,0.008330385085489958,0.006557661354928516,0.0037169589758910384,0.0046134261095989205,0.0028407023790374755,0.7090894922245781,0.08856383625014427,0.6666666666666666
baseline_price_only,10,25.0,4,21,0.00428043853453005,0.002375758449702199,-0.00030393047583275715,0.004584369010362806,0.002679688925534956,0.7618720339311402,0.057161463563138865,0.5238095238095238
baseline_price_only,10,25.0,5,21,0.008054874360982737,0.0061955488663677375,0.004480737036203207,0.0035741373247795286,0.0017148118301645303,0.7437301978459994,0.01956922076473174,0.6666666666666666
baseline_price_only,10,25.0,6,21,0.0032264420734027773,0.0013931472572441042,0.002722394815317979,0.0005040472580847986,-0.0013292475580738746,0.7333179264634693,-0.03859862246039501,0.47619047619047616
baseline_price_only,10,25.0,7,21,0.003654997467985833,0.0017733292487431987,0.001020567034723144,0.0026344304332626884,0.0007527622140200547,0.7526672876970534,0.07596975747447389,0.6666666666666666
baseline_price_only,10,25.0,8,21,-0.004093974066860147,-0.0059163945232185225,-0.004663991409692929,0.0005700173428327829,-0.0012524031135255922,0.7289681825433499,0.07160393760924216,0.38095238095238093
baseline_price_only,10,25.0,9,21,-0.0016511259335977618,-0.0032021740698011105,-0.0005198065564147652,-0.0011313193771829973,-0.0026823675133863458,0.6204192544813393,0.04813573419860017,0.3333333333333333
baseline_price_only,10,25.0,10,21,0.001771976572216858,-0.00016877148714521738,-0.0018190276205637447,0.003591004192780603,0.0016502561334185276,0.7762992237448303,0.09143602888592935,0.5238095238095238
baseline_price_only,10,25.0,11,21,0.0026676218670519092,0.0006807718110962665,0.0006997281919094859,0.001967893675142424,-1.8956380813219655e-05,0.7947400223822575,0.08566005411324361,0.42857142857142855
baseline_price_only,10,25.0,12,21,0.009887367155503297,0.00832883759619765,0.003384075897207638,0.006503291258295664,0.004944761698990012,0.6234118237222601,0.08655700901471587,0.8095238095238095
baseline_price_only,10,25.0,13,21,0.0059616023578064085,0.004223039392081631,0.003172429641978799,0.0027891727158276085,0.0010506097501028306,0.6954251862899112,0.008658438474283173,0.5714285714285714
baseline_price_only,10,25.0,14,21,0.004288508695605592,0.002397282893277183,0.002431370801829119,0.0018571378937764723,-3.408790855193584e-05,0.7564903209313634,0.04609935252612163,0.5238095238095238
baseline_price_only,10,25.0,15,21,-0.0014863104126187636,-0.0032613305178051375,-0.003549132683169119,0.0020628222705503553,0.000287802165363982,0.7100080420745492,0.08825547959947365,0.47619047619047616
baseline_price_only,10,25.0,16,21,0.0056194237416130124,0.0037852206813638097,0.003326387730710409,0.002293036010902603,0.00045883295065340035,0.7336812240996812,0.026263621283990367,0.7142857142857143
baseline_price_only,10,25.0,17,21,0.004525658131060848,0.002534656791722012,0.0008605811477029214,0.0036650769833579274,0.001674075644019091,0.7964005357355343,0.030061966168605278,0.5238095238095238
baseline_price_only,10,25.0,18,21,0.0030065200158765496,0.0011602415007481645,0.001961584923945794,0.0010449350919307541,-0.0008013434231976304,0.7385114060513539,0.027929681591809034,0.5714285714285714
baseline_price_only,10,25.0,19,21,-0.0007800572734345531,-0.002424469758028278,-0.0027430326738841163,0.0019629754004495637,0.0003185629158558385,0.6577649938374902,0.11681750379801456,0.5238095238095238
baseline_price_only,10,25.0,20,21,-0.0009963218872968646,-0.002737620246863931,-7.291388491234595e-05,-0.0009234080023845184,-0.002664706361951585,0.6965193438268267,-0.0067878370327014315,0.47619047619047616
baseline_price_only,10,25.0,21,21,0.005088956773512165,0.0033494626185119414,0.0038659122700270606,0.0012230445034851053,-0.0005164496515151189,0.6957976620000895,0.058769081464742405,0.5714285714285714
baseline_price_only,10,25.0,22,21,0.0004731550480206918,-0.0012879263986134766,-0.00034692225578738595,0.0008200773038080778,-0.0009410041428260903,0.704432578653667,0.02150214092618241,0.42857142857142855
baseline_price_only,10,25.0,23,21,0.004790216986492278,0.002977888843445357,0.001121225839954078,0.0036689911465382008,0.00185666300349128,0.7249312572187686,0.08253992384171274,0.5714285714285714
baseline_price_only,10,25.0,24,21,0.001281570464606582,-0.0005268145336625848,-0.00012366929220402654,0.0014052397568106083,-0.0004031452414585581,0.7233539993076669,0.034413657785606906,0.42857142857142855
baseline_price_only,10,25.0,25,21,0.006436698434823854,0.004684813865169725,0.0002819488754181428,0.00615474955940571,0.004402864989751583,0.700753827861651,0.0640688377939891,0.6190476190476191
baseline_price_only,10,25.0,26,21,0.0031031326718312883,0.0013526928876089587,0.001983973172972048,0.0011191594988592402,-0.000631280285363089,0.7001759136889317,0.03582951161712522,0.6190476190476191
baseline_price_only,10,25.0,27,21,-0.004970578374864115,-0.006545659591601974,-0.005226323188341125,0.0002557448134770099,-0.0013193364032608496,0.6300324866951437,0.04394912311421738,0.5238095238095238
baseline_price_only,10,25.0,28,21,0.0100480669044389,0.008259715458662217,0.004091996640013393,0.005956070264425504,0.004167718818648822,0.7153405783106724,0.06583041186937603,0.6666666666666666
baseline_price_only,10,25.0,29,21,-2.446871848744881e-05,-0.0018590284564407834,-0.00018081318580988033,0.000156344467322431,-0.0016782152706309034,0.7338238951813335,-0.01043738707963499,0.5714285714285714
baseline_price_only,10,25.0,30,21,0.003104007533892867,0.0012450142179216603,-0.0005373417532337936,0.0036413492871266626,0.001782355971155455,0.7435973263884826,0.051500777813445274,0.5714285714285714
baseline_price_only,10,25.0,31,21,-0.00026406807885784707,-0.0020159947507299267,-0.002941191615559908,0.00267712353670206,0.0009251968648299809,0.7007706687488314,0.06661601186178663,0.38095238095238093
baseline_price_only,10,25.0,32,21,0.006420541802088124,0.004659272342691743,0.0038151597773347467,0.0026053820247533763,0.0008441125653569964,0.7045077837585518,0.05053974342321042,0.6666666666666666
baseline_price_only,10,25.0,33,21,0.0015593053648209412,-0.0001675012658913846,0.0009624113452737141,0.000596894019547227,-0.0011299126111650986,0.6907226522849303,0.07822307092950224,0.5714285714285714
baseline_price_only,10,25.0,34,21,0.005585072217987282,0.003644067694326828,0.0033288908137654237,0.002256181404221858,0.00031517688056140566,0.7764018094641811,0.027935320875710087,0.6666666666666666
baseline_price_only,10,25.0,35,21,0.00487548777725669,0.0032172738059785,0.0020555603487393583,0.0028199274285173317,0.0011617134572391415,0.6632855885112762,0.051526067768105546,0.6666666666666666
baseline_price_only,10,25.0,36,21,-1.629690327714526e-05,-0.001838273569088139,5.930056756288299e-06,-2.2226960033433562e-05,-0.001844203625844427,0.7287906663243976,0.0392203322943565,0.42857142857142855
baseline_price_only,10,25.0,37,21,0.00556699266256776,0.0038382354930636014,0.0015394806418399286,0.004027512020727831,0.0022987548512236724,0.6915028678016635,0.09895105471994868,0.5714285714285714
baseline_price_only,10,25.0,38,21,0.007825403099675665,0.006026458797028449,0.0047276065416109484,0.0030977965580647167,0.0012988522554175015,0.7195777210588863,0.04900666738829767,0.7142857142857143
baseline_price_only,10,25.0,39,21,0.004476115983613645,0.002865546224761776,0.002217575099835167,0.002258540883778478,0.0006479711249266088,0.6442279035407475,0.06735829268409893,0.6666666666666666
baseline_price_only,10,25.0,40,21,0.001973430187300744,0.0002808920979836847,0.001631774066755353,0.0003416561205453903,-0.0013508819687716685,0.6770152357268239,0.03216854372424897,0.5714285714285714
baseline_price_only,10,25.0,41,21,0.004066032122825816,0.002444666169050281,0.0006575251687438164,0.003408506954082001,0.0017871410003064648,0.6485463815102143,0.0693170281001201,0.47619047619047616
baseline_price_only,10,25.0,42,21,0.003207035833402846,0.0013824579513807144,0.0012677781956104296,0.0019392576377924163,0.00011467975577028445,0.7298311528088528,0.07220695846492502,0.7142857142857143
baseline_price_only,10,25.0,43,21,0.007275964162959942,0.005465104456138385,0.0034020106708218096,0.003873953492138133,0.0020630937853165754,0.7243438827286232,0.05392087599095155,0.5714285714285714
baseline_price_only,10,25.0,44,21,0.0033353144155331992,0.0016557117220543473,0.002107030057191828,0.0012282843583413714,-0.0004513183351374804,0.6718410773915405,0.06863151446039174,0.6190476190476191
baseline_price_only,10,25.0,45,21,0.0051065062828123025,0.0033077708026915337,0.0015793289792690628,0.0035271773035432394,0.0017284418234224709,0.7194941920483073,0.07885370309453495,0.6190476190476191
baseline_price_only,10,25.0,46,21,-0.0021141651591742644,-0.0036946839719062844,-0.003721864379356755,0.0016076992201824914,2.7180407450471092e-05,0.6322075250928084,0.03257856405602192,0.47619047619047616
baseline_price_only,10,25.0,47,21,0.00046762139784379864,-0.0012737255726730133,-0.0029671469916500172,0.0034347683894938156,0.001693421418977004,0.6965387882067252,0.1201077560937186,0.42857142857142855
baseline_price_only,10,25.0,48,21,-0.0042271860762034125,-0.006100817092979892,-0.0020879434920750652,-0.002139242584128348,-0.004012873600904826,0.7494524067105911,0.01656794900536151,0.38095238095238093
baseline_price_only,10,25.0,49,21,0.0007847586632185268,-0.0009775733792860937,-0.0021462520871210165,0.0029310107503395435,0.0011686787078349233,0.7049328170018482,0.052329262259657644,0.2857142857142857
baseline_price_only,10,25.0,50,21,0.006562603309318629,0.004738712885977851,0.0036374142014117994,0.0029251891079068305,0.0011012986845660515,0.7295561693363116,0.01875493092594915,0.6666666666666666
baseline_price_only,10,25.0,51,21,-0.00749469647492944,-0.009070736334618277,-0.007639377194338988,0.0001446807194095462,-0.0014313591402792907,0.6304159438755347,0.05713709860535408,0.47619047619047616
baseline_price_only,10,25.0,52,21,0.008324462421562855,0.006608717489064818,0.003231153362481197,0.005093309059081655,0.0033775641265836216,0.6862979729992142,0.0820895595811874,0.5238095238095238
baseline_price_only,10,25.0,53,21,0.004833755486972778,0.0033110164720625604,0.0025330837605012846,0.0023006717264714934,0.0007779327115612765,0.6090956059640869,0.050102512931596135,0.6666666666666666
baseline_price_only,10,25.0,54,21,0.000305216642015647,-0.0010624987685132544,-0.0022871934964378378,0.0025924101384534864,0.0012246947279245838,0.5470861642115609,0.029747830037290663,0.47619047619047616
baseline_price_only,10,25.0,55,21,0.0020813561439532616,0.000353995836103619,0.0009568563563791383,0.0011244997875741226,-0.0006028605202755196,0.6909441231398568,0.055231827918735155,0.47619047619047616
baseline_price_only,10,25.0,56,21,0.0014160701489712088,-3.635518707180875e-05,0.0006549583330752823,0.0007611118158959271,-0.0006913135201470911,0.5809701344172074,0.04727084726908847,0.5238095238095238
baseline_price_only,10,25.0,57,21,0.0004910903339456124,-0.0010208124705965434,-0.00012223530069944093,0.0006133256346450536,-0.0008985771698971028,0.6047611218168624,0.07267019045636615,0.47619047619047616
baseline_price_only,10,25.0,58,21,-0.0027450928058937616,-0.004428829112661433,-0.0016981109955417054,-0.001046981810352057,-0.002730718117119727,0.6734945227070683,0.05132154118796666,0.38095238095238093
baseline_price_only,10,25.0,59,21,0.0021468631121017764,0.00036767444410296156,0.003463785158297863,-0.001316922046196086,-0.0030961107141949016,0.7116754671995261,0.05593110705478366,0.47619047619047616
baseline_price_only,10,25.0,60,21,0.0027658055074146408,0.0009305787681942712,-0.0007827318260163719,0.0035485373334310133,0.0017133105942106423,0.7340906956881482,0.06298702748767974,0.42857142857142855
baseline_price_only,10,25.0,61,21,0.004653703756889192,0.002843023309082364,0.002896837654455842,0.0017568661024333504,-5.381434537347762e-05,0.7242721791227309,-0.0158648221423403,0.7142857142857143
baseline_price_only,10,25.0,62,21,-0.014891122930236932,-0.01664462869931509,-0.012117818243784065,-0.00277330468645287,-0.004526810455531026,0.7014023076312628,-0.05559499016968714,0.3333333333333333
baseline_price_only,10,25.0,63,21,0.010631924960721463,0.008996568793253681,0.005819301870032935,0.00481262309068853,0.003177266923220748,0.6541424669871126,0.056806971063290954,0.6666666666666666
baseline_price_only,10,25.0,64,21,0.015823465976572734,0.013837206054567836,0.0072907837427713075,0.00853268223380143,0.006546422311796527,0.7945039688019606,0.11485835592885558,0.7619047619047619
baseline_price_only,10,25.0,65,21,0.0036168105888306832,0.0019734674487049846,0.001318214640675903,0.0022985959481547804,0.0006552528080290825,0.6573372560502794,0.061219557151770375,0.5238095238095238
baseline_price_only,10,25.0,66,21,0.0017658627853481147,7.344377495324239e-05,0.0009786929888283113,0.0007871697965198035,-0.0009052492138750686,0.6769676041579487,0.07926337176471993,0.6190476190476191
baseline_price_only,10,25.0,67,21,-0.0007626528573729125,-0.002516113940635608,0.00032130356279992,-0.0010839564201728321,-0.002837417503435528,0.7013844333050783,0.005218165174444327,0.5238095238095238
baseline_price_only,10,25.0,68,21,0.007236197849513583,0.005268603804872699,0.004706776245767743,0.0025294216037458415,0.0005618275591049567,0.7870376178563541,0.009591310093800499,0.7619047619047619
baseline_price_only,10,25.0,69,21,0.004800494778745386,0.0031520313398158404,0.0022582988805321023,0.0025421958982132843,0.0008937324592837379,0.6593853755718188,0.07779912419356418,0.47619047619047616
baseline_price_only,10,25.0,70,21,0.004894261792559128,0.003267972212381523,0.0005636516200005992,0.004330610172558528,0.0027043205923809243,0.6505158320710418,0.06882996383694412,0.5238095238095238
baseline_price_only,10,25.0,71,21,0.001358926920950748,-0.0004410140282130131,0.0012489540680309524,0.00010997285291979512,-0.0016899680962439655,0.7199763796655044,0.006812428528026882,0.5238095238095238
baseline_price_only,10,25.0,72,21,0.0021016610636524417,0.00019532269965192485,0.002171937528327753,-7.027646467531156e-05,-0.0019766148286758287,0.7625353456002069,0.010257031259251002,0.6190476190476191
baseline_price_only,10,25.0,73,21,0.0006755369950549893,-0.0011248108349744203,0.0004538266849976935,0.00022171031005729594,-0.0015786375199721141,0.7201391320117637,0.04457592079047691,0.42857142857142855
baseline_price_only,10,25.0,74,21,0.0014773638452235348,-0.00039514342774934705,0.002704596080657841,-0.0012272322354343074,-0.0030997395084071894,0.7490029091891529,-0.014574219354600456,0.6190476190476191
baseline_price_only,10,25.0,75,21,-0.00033657754302893005,-0.002103108293028451,-0.0008757035069422543,0.0005391259639133242,-0.0012274047860861969,0.7066122999998086,0.0447040269557975,0.38095238095238093
baseline_price_only,10,25.0,76,21,0.00029029251706691575,-0.0013426363084327374,0.00029057502428398514,-2.8250721706969485e-07,-0.0016332113327167223,0.6531715301998611,0.049090336223740906,0.38095238095238093
baseline_price_only,10,25.0,77,21,-0.003818377959519348,-0.005405520555552641,-0.003786422452507254,-3.1955507012093694e-05,-0.0016190981030453867,0.634857038413317,0.02708016686178105,0.47619047619047616
baseline_price_only,10,25.0,78,21,0.0049653136938833786,0.003084242902281059,0.005166563222075539,-0.0002012495281921608,-0.0020823203197944816,0.7524283166409281,0.0458635003990909,0.6190476190476191
baseline_price_only,10,25.0,79,21,-0.006180893783937042,-0.007899095794030093,-0.004860824748259307,-0.0013200690356777365,-0.003038271045770785,0.6872808040372198,-0.03271885617885746,0.38095238095238093
baseline_price_only,10,25.0,80,21,-8.981183701344483e-05,-0.002029720200971945,0.0001334584260409274,-0.00022327026305437288,-0.0021631786270128717,0.7759633455833997,-0.03363394672421294,0.5238095238095238
baseline_price_only,10,25.0,81,21,0.004091011700409228,0.002270586463683303,0.00256741376838518,0.0015235979320240484,-0.0002968273047018766,0.7281700946903698,0.048708942906443495,0.6190476190476191
baseline_price_only,10,25.0,82,21,-0.0012366245307446847,-0.00303945069585815,-0.0024381706113873708,0.0012015460806426863,-0.0006012800844707796,0.7211304660453864,0.023593565962831773,0.42857142857142855
baseline_price_only,10,25.0,83,21,0.002589634620803219,0.0007552430335337636,0.0014355968002289841,0.0011540378205742352,-0.0006803537666952206,0.7337566349077823,0.014003668366492137,0.5714285714285714
baseline_price_only,10,25.0,84,21,-0.0013321155270456355,-0.003201637288017186,-0.0012432295328331934,-8.888599421244241e-05,-0.0019584077551839927,0.74780870438862,0.02998598600123869,0.3333333333333333
baseline_price_only,10,25.0,85,21,0.0008314552654018891,-0.0007560804040363437,-0.00037188861883118076,0.0012033438842330702,-0.0003841917852051628,0.6350142677752931,0.0181382182755855,0.47619047619047616
baseline_price_only,10,25.0,86,21,0.0026640040929289555,0.0008895941107147429,0.0017937701682161282,0.0008702339247128275,-0.0009041760575013855,0.7097639928856851,0.005238219241296289,0.47619047619047616
baseline_price_only,10,25.0,87,21,0.004005500234010609,0.002324980433379723,0.002480534543422888,0.0015249656905877214,-0.0001555541100431649,0.6722079202523544,0.03834040657350328,0.5238095238095238
baseline_price_only,10,25.0,88,21,0.003962199737146472,0.0021153271705472427,0.0015776761796341989,0.0023845235575122724,0.0005376509909130438,0.7387490266396916,0.032977892122751776,0.6190476190476191
baseline_price_only,10,25.0,89,21,0.0017433471322212968,-4.404745038741105e-05,0.0018437978049112565,-0.00010045067268996003,-0.0018878452552986678,0.7149578330434831,0.016955645821668707,0.5714285714285714
baseline_price_only,10,25.0,90,21,-0.0002934408339509303,-0.0020450104765099186,-0.001200241452374314,0.0009068006184233835,-0.0008447690241356051,0.7006278570235953,0.05218454709354062,0.3333333333333333
baseline_price_only,10,25.0,91,21,0.004772390221062172,0.003091161216197017,0.004185396498689209,0.0005869937223729623,-0.0010942352824921916,0.6724916019460614,-0.021341500605449933,0.6666666666666666
baseline_price_only,10,25.0,92,21,0.0030022226214261104,0.0012134562459566115,0.0014013964946219982,0.0016008261268041118,-0.00018794024866538642,0.7155065501877994,0.022995962420228156,0.47619047619047616
baseline_price_only,10,25.0,93,21,0.0004149621797121931,-0.0013981698005445962,1.4035620939745594e-05,0.0004009265587724475,-0.001412205421484342,0.7252527921027154,0.0410886887653871,0.5238095238095238
baseline_price_only,10,25.0,94,21,0.00030242378237365264,-0.0014125817576266051,0.0011209288645548778,-0.0008185050821812251,-0.002533510622181483,0.686002216000103,0.015439008340399433,0.42857142857142855
baseline_price_only,10,25.0,95,21,-0.0009006371686488044,-0.0026989136873102927,0.0029420190040805824,-0.003842656172729386,-0.005640932691390875,0.7193106074645954,0.012775415623854078,0.47619047619047616
baseline_price_only,10,35.0,0,21,0.01266814166970773,0.009884428201083997,0.008932853072422265,0.0037352885972854657,0.0009515751286617331,0.7953467053210664,0.03870408863913136,0.8571428571428571
baseline_price_only,10,35.0,1,21,0.0028580772878795944,0.0006046219065483807,0.0008029028110496708,0.0020551744768299244,-0.00019828090450128968,0.643844394666061,0.08537097101020796,0.5238095238095238
baseline_price_only,10,35.0,2,21,-0.0046901175379556554,-0.006641292048191759,-0.004074511077241401,-0.0006156064607142532,-0.002566780970950357,0.5574784314960295,0.019998723992330724,0.3333333333333333
baseline_price_only,10,35.0,3,21,0.008330385085489958,0.005848571862703936,0.0037169589758910384,0.0046134261095989205,0.002131612886812898,0.7090894922245781,0.08856383625014427,0.6666666666666666
baseline_price_only,10,35.0,4,21,0.00428043853453005,0.0016138864157710588,-0.00030393047583275715,0.004584369010362806,0.0019178168916038157,0.7618720339311402,0.057161463563138865,0.42857142857142855
baseline_price_only,10,35.0,5,21,0.008054874360982737,0.0054518186685217395,0.004480737036203207,0.0035741373247795286,0.0009710816323185311,0.7437301978459994,0.01956922076473174,0.6666666666666666
baseline_price_only,10,35.0,6,21,0.0032264420734027773,0.0006598293307806347,0.002722394815317979,0.0005040472580847986,-0.002062565484537344,0.7333179264634693,-0.03859862246039501,0.42857142857142855
baseline_price_only,10,35.0,7,21,0.003654997467985833,0.001020661961046146,0.001020567034723144,0.0026344304332626884,9.492632300216566e-08,0.7526672876970534,0.07596975747447389,0.5714285714285714
baseline_price_only,10,35.0,8,21,-0.004093974066860147,-0.006645362705761872,-0.004663991409692929,0.0005700173428327829,-0.001981371296068943,0.7289681825433499,0.07160393760924216,0.3333333333333333
baseline_price_only,10,35.0,9,21,-0.0016511259335977618,-0.0038225933242824507,-0.0005198065564147652,-0.0011313193771829973,-0.0033027867678676846,0.6204192544813393,0.04813573419860017,0.3333333333333333
baseline_price_only,10,35.0,10,21,0.001771976572216858,-0.0009450707108900468,-0.0018190276205637447,0.003591004192780603,0.0008739569096736974,0.7762992237448303,0.09143602888592935,0.42857142857142855
baseline_price_only,10,35.0,11,21,0.0026676218670519092,-0.00011396821128599119,0.0006997281919094859,0.001967893675142424,-0.0008136964031954767,0.7947400223822575,0.08566005411324361,0.42857142857142855
baseline_price_only,10,35.0,12,21,0.009887367155503297,0.007705425772475388,0.003384075897207638,0.006503291258295664,0.004321349875267754,0.6234118237222601,0.08655700901471587,0.8095238095238095
baseline_price_only,10,35.0,13,21,0.0059616023578064085,0.003527614205791718,0.003172429641978799,0.0027891727158276085,0.0003551845638129197,0.6954251862899112,0.008658438474283173,0.5714285714285714
baseline_price_only,10,35.0,14,21,0.004288508695605592,0.001640792572345819,0.002431370801829119,0.0018571378937764723,-0.0007905782294832993,0.7564903209313634,0.04609935252612163,0.5238095238095238
baseline_price_only,10,35.0,15,21,-0.0014863104126187636,-0.0039713385598796865,-0.003549132683169119,0.0020628222705503553,-0.000422205876710567,0.7100080420745492,0.08825547959947365,0.42857142857142855
baseline_price_only,10,35.0,16,21,0.0056194237416130124,0.0030515394572641274,0.003326387730710409,0.002293036010902603,-0.0002748482734462808,0.7336812240996812,0.026263621283990367,0.6190476190476191
baseline_price_only,10,35.0,17,21,0.004525658131060848,0.0017382562559864775,0.0008605811477029214,0.0036650769833579274,0.0008776751082835565,0.7964005357355343,0.030061966168605278,0.47619047619047616
baseline_price_only,10,35.0,18,21,0.0030065200158765496,0.0004217300946968102,0.001961584923945794,0.0010449350919307541,-0.0015398548292489848,0.7385114060513539,0.027929681591809034,0.5714285714285714
baseline_price_only,10,35.0,19,21,-0.0007800572734345531,-0.0030822347518657672,-0.0027430326738841163,0.0019629754004495637,-0.00033920207798165204,0.6577649938374902,0.11681750379801456,0.5238095238095238
baseline_price_only,10,35.0,20,21,-0.0009963218872968646,-0.0034341395906907577,-7.291388491234595e-05,-0.0009234080023845184,-0.0033612257057784125,0.6965193438268267,-0.0067878370327014315,0.47619047619047616
baseline_price_only,10,35.0,21,21,0.005088956773512165,0.0026536649565118524,0.0038659122700270606,0.0012230445034851053,-0.0012122473135152082,0.6957976620000895,0.058769081464742405,0.5714285714285714
baseline_price_only,10,35.0,22,21,0.0004731550480206918,-0.0019923589772671444,-0.00034692225578738595,0.0008200773038080778,-0.0016454367214797576,0.704432578653667,0.02150214092618241,0.42857142857142855
baseline_price_only,10,35.0,23,21,0.004790216986492278,0.0022529575862265884,0.001121225839954078,0.0036689911465382008,0.0011317317462725101,0.7249312572187686,0.08253992384171274,0.5714285714285714
baseline_price_only,10,35.0,24,21,0.001281570464606582,-0.0012501685329702518,-0.00012366929220402654,0.0014052397568106083,-0.001126499240766225,0.7233539993076669,0.034413657785606906,0.42857142857142855
baseline_price_only,10,35.0,25,21,0.006436698434823854,0.003984060037308075,0.0002819488754181428,0.00615474955940571,0.0037021111618899313,0.700753827861651,0.0640688377939891,0.5714285714285714
baseline_price_only,10,35.0,26,21,0.0031031326718312883,0.0006525169739200265,0.001983973172972048,0.0011191594988592402,-0.0013314561990520207,0.7001759136889317,0.03582951161712522,0.5714285714285714
baseline_price_only,10,35.0,27,21,-0.004970578374864115,-0.007175692078297118,-0.005226323188341125,0.0002557448134770099,-0.0019493688899559934,0.6300324866951437,0.04394912311421738,0.5238095238095238
baseline_price_only,10,35.0,28,21,0.0100480669044389,0.007544374880351545,0.004091996640013393,0.005956070264425504,0.0034523782403381503,0.7153405783106724,0.06583041186937603,0.6190476190476191
baseline_price_only,10,35.0,29,21,-2.446871848744881e-05,-0.002592852351622118,-0.00018081318580988033,0.000156344467322431,-0.0024120391658122363,0.7338238951813335,-0.01043738707963499,0.5714285714285714
baseline_price_only,10,35.0,30,21,0.003104007533892867,0.0005014168915331779,-0.0005373417532337936,0.0036413492871266626,0.0010387586447669717,0.7435973263884826,0.051500777813445274,0.5714285714285714
baseline_price_only,10,35.0,31,21,-0.00026406807885784707,-0.0027167654194787567,-0.002941191615559908,0.00267712353670206,0.00022442619608114994,0.7007706687488314,0.06661601186178663,0.38095238095238093
baseline_price_only,10,35.0,32,21,0.006420541802088124,0.00395476455893319,0.0038151597773347467,0.0026053820247533763,0.00013960478159844402,0.7045077837585518,0.05053974342321042,0.6666666666666666
baseline_price_only,10,35.0,33,21,0.0015593053648209412,-0.0008582239181763139,0.0009624113452737141,0.000596894019547227,-0.0018206352634500284,0.6907226522849303,0.07822307092950224,0.47619047619047616
baseline_price_only,10,35.0,34,21,0.005585072217987282,0.0028676658848626477,0.0033288908137654237,0.002256181404221858,-0.0004612249289027751,0.7764018094641811,0.027935320875710087,0.6190476190476191
baseline_price_only,10,35.0,35,21,0.00487548777725669,0.002553988217467223,0.0020555603487393583,0.0028199274285173317,0.0004984278687278651,0.6632855885112762,0.051526067768105546,0.6190476190476191
baseline_price_only,10,35.0,36,21,-1.629690327714526e-05,-0.002567064235412538,5.930056756288299e-06,-2.2226960033433562e-05,-0.002572994292168825,0.7287906663243976,0.0392203322943565,0.38095238095238093
baseline_price_only,10,35.0,37,21,0.00556699266256776,0.0031467326252619375,0.0015394806418399286,0.004027512020727831,0.00160725198342201,0.6915028678016635,0.09895105471994868,0.5714285714285714
baseline_price_only,10,35.0,38,21,0.007825403099675665,0.005306881075969563,0.0047276065416109484,0.0030977965580647167,0.0005792745343586141,0.7195777210588863,0.04900666738829767,0.7142857142857143
baseline_price_only,10,35.0,39,21,0.004476115983613645,0.0022213183212210284,0.002217575099835167,0.002258540883778478,3.7432213858612906e-06,0.6442279035407475,0.06735829268409893,0.6666666666666666
baseline_price_only,10,35.0,40,21,0.001973430187300744,-0.0003961231377431395,0.001631774066755353,0.0003416561205453903,-0.002027897204498493,0.6770152357268239,0.03216854372424897,0.5714285714285714
baseline_price_only,10,35.0,41,21,0.004066032122825816,0.001796119787540065,0.0006575251687438164,0.003408506954082001,0.0011385946187962494,0.6485463815102143,0.0693170281001201,0.47619047619047616
baseline_price_only,10,35.0,42,21,0.003207035833402846,0.0006526267985718615,0.0012677781956104296,0.0019392576377924163,-0.0006151513970385683,0.7298311528088528,0.07220695846492502,0.7142857142857143
baseline_price_only,10,35.0,43,21,0.007275964162959942,0.004740760573409762,0.0034020106708218096,0.003873953492138133,0.0013387499025879516,0.7243438827286232,0.05392087599095155,0.5714285714285714
baseline_price_only,10,35.0,44,21,0.0033353144155331992,0.0009838706446628068,0.002107030057191828,0.0012282843583413714,-0.0011231594125290208,0.6718410773915405,0.06863151446039174,0.5714285714285714
baseline_price_only,10,35.0,45,21,0.0051065062828123025,0.002588276610643226,0.0015793289792690628,0.0035271773035432394,0.0010089476313741635,0.7194941920483073,0.07885370309453495,0.6190476190476191
baseline_price_only,10,35.0,46,21,-0.0021141651591742644,-0.004326891496999092,-0.003721864379356755,0.0016076992201824914,-0.0006050271176423376,0.6322075250928084,0.03257856405602192,0.47619047619047616
baseline_price_only,10,35.0,47,21,0.00046762139784379864,-0.001970264360879738,-0.0029671469916500172,0.0034347683894938156,0.0009968826307702788,0.6965387882067252,0.1201077560937186,0.38095238095238093
baseline_price_only,10,35.0,48,21,-0.0042271860762034125,-0.0068502694996904825,-0.0020879434920750652,-0.002139242584128348,-0.004762326007615417,0.7494524067105911,0.01656794900536151,0.3333333333333333
baseline_price_only,10,35.0,49,21,0.0007847586632185268,-0.0016825061962879408,-0.0021462520871210165,0.0029310107503395435,0.00046374589083307576,0.7049328170018482,0.052329262259657644,0.2857142857142857
baseline_price_only,10,35.0,50,21,0.006562603309318629,0.004009156716641539,0.0036374142014117994,0.0029251891079068305,0.00037174251522973994,0.7295561693363116,0.01875493092594915,0.6666666666666666
baseline_price_only,10,35.0,51,21,-0.00749469647492944,-0.00970115227849381,-0.007639377194338988,0.0001446807194095462,-0.002061775084154826,0.6304159438755347,0.05713709860535408,0.47619047619047616
baseline_price_only,10,35.0,52,21,0.008324462421562855,0.005922419516065604,0.003231153362481197,0.005093309059081655,0.002691266153584407,0.6862979729992142,0.0820895595811874,0.5238095238095238
baseline_price_only,10,35.0,53,21,0.004833755486972778,0.0027019208660984733,0.0025330837605012846,0.0023006717264714934,0.00016883710559718957,0.6090956059640869,0.050102512931596135,0.6666666666666666
baseline_price_only,10,35.0,54,21,0.000305216642015647,-0.001609584932724815,-0.0022871934964378378,0.0025924101384534864,0.0006776085637130233,0.5470861642115609,0.029747830037290663,0.47619047619047616
baseline_price_only,10,35.0,55,21,0.0020813561439532616,-0.000336948287036238,0.0009568563563791383,0.0011244997875741226,-0.0012938046434153765,0.6909441231398568,0.055231827918735155,0.42857142857142855
baseline_price_only,10,35.0,56,21,0.0014160701489712088,-0.0006173253214890163,0.0006549583330752823,0.0007611118158959271,-0.0012722836545642987,0.5809701344172074,0.04727084726908847,0.5238095238095238
baseline_price_only,10,35.0,57,21,0.0004910903339456124,-0.0016255735924134071,-0.00012223530069944093,0.0006133256346450536,-0.001503338291713965,0.6047611218168624,0.07267019045636615,0.42857142857142855
baseline_price_only,10,35.0,58,21,-0.0027450928058937616,-0.0051023236353685015,-0.0016981109955417054,-0.001046981810352057,-0.003404212639826796,0.6734945227070683,0.05132154118796666,0.38095238095238093
baseline_price_only,10,35.0,59,21,0.0021468631121017764,-0.0003440010230965651,0.003463785158297863,-0.001316922046196086,-0.003807786181394427,0.7116754671995261,0.05593110705478366,0.42857142857142855
baseline_price_only,10,35.0,60,21,0.0027658055074146408,0.0001964880725061229,-0.0007827318260163719,0.0035485373334310133,0.0009792198985224946,0.7340906956881482,0.06298702748767974,0.3333333333333333
baseline_price_only,10,35.0,61,21,0.004653703756889192,0.0021187511299596336,0.002896837654455842,0.0017568661024333504,-0.0007780865244962083,0.7242721791227309,-0.0158648221423403,0.6190476190476191
baseline_price_only,10,35.0,62,21,-0.014891122930236932,-0.017346031006946348,-0.012117818243784065,-0.00277330468645287,-0.00522821276316229,0.7014023076312628,-0.05559499016968714,0.3333333333333333
baseline_price_only,10,35.0,63,21,0.010631924960721463,0.00834242632626657,0.005819301870032935,0.00481262309068853,0.0025231244562336345,0.6541424669871126,0.056806971063290954,0.6666666666666666
baseline_price_only,10,35.0,64,21,0.015823465976572734,0.013042702085765877,0.0072907837427713075,0.00853268223380143,0.005751918342994566,0.7945039688019606,0.11485835592885558,0.7619047619047619
baseline_price_only,10,35.0,65,21,0.0036168105888306832,0.0013161301926547058,0.001318214640675903,0.0022985959481547804,-2.084448021197272e-06,0.6573372560502794,0.061219557151770375,0.42857142857142855
baseline_price_only,10,35.0,66,21,0.0017658627853481147,-0.0006035238292047056,0.0009786929888283113,0.0007871697965198035,-0.001582216818033017,0.6769676041579487,0.07926337176471993,0.5238095238095238
baseline_price_only,10,35.0,67,21,-0.0007626528573729125,-0.0032174983739406866,0.00032130356279992,-0.0010839564201728321,-0.003538801936740606,0.7013844333050783,0.005218165174444327,0.47619047619047616
baseline_price_only,10,35.0,68,21,0.007236197849513583,0.004481566187016346,0.004706776245767743,0.0025294216037458415,-0.0002252100587513976,0.7870376178563541,0.009591310093800499,0.7619047619047619
baseline_price_only,10,35.0,69,21,0.004800494778745386,0.0024926459642440205,0.0022582988805321023,0.0025421958982132843,0.0002343470837119196,0.6593853755718188,0.07779912419356418,0.47619047619047616
baseline_price_only,10,35.0,70,21,0.004894261792559128,0.002617456380310481,0.0005636516200005992,0.004330610172558528,0.0020538047603098817,0.6505158320710418,0.06882996383694412,0.5238095238095238
baseline_price_only,10,35.0,71,21,0.001358926920950748,-0.0011609904078785183,0.0012489540680309524,0.00010997285291979512,-0.002409944475909471,0.7199763796655044,0.006812428528026882,0.5238095238095238
baseline_price_only,10,35.0,72,21,0.0021016610636524417,-0.0005672126459482814,0.002171937528327753,-7.027646467531156e-05,-0.002739150174276035,0.7625353456002069,0.010257031259251002,0.5238095238095238
baseline_price_only,10,35.0,73,21,0.0006755369950549893,-0.0018449499669861834,0.0004538266849976935,0.00022171031005729594,-0.0022987766519838772,0.7201391320117637,0.04457592079047691,0.42857142857142855
baseline_price_only,10,35.0,74,21,0.0014773638452235348,-0.0011441463369385005,0.002704596080657841,-0.0012272322354343074,-0.0038487424175963425,0.7490029091891529,-0.014574219354600456,0.6190476190476191
baseline_price_only,10,35.0,75,21,-0.00033657754302893005,-0.0028097205930282605,-0.0008757035069422543,0.0005391259639133242,-0.0019340170860860056,0.7066122999998086,0.0447040269557975,0.38095238095238093
baseline_price_only,10,35.0,76,21,0.00029029251706691575,-0.001995807838632598,0.00029057502428398514,-2.8250721706969485e-07,-0.002286382862916583,0.6531715301998611,0.049090336223740906,0.38095238095238093
baseline_price_only,10,35.0,77,21,-0.003818377959519348,-0.006040377593965958,-0.003786422452507254,-3.1955507012093694e-05,-0.002253955141458703,0.634857038413317,0.02708016686178105,0.47619047619047616
baseline_price_only,10,35.0,78,21,0.0049653136938833786,0.002331814585640131,0.005166563222075539,-0.0002012495281921608,-0.00283474863643541,0.7524283166409281,0.0458635003990909,0.6190476190476191
baseline_price_only,10,35.0,79,21,-0.006180893783937042,-0.008586376598067312,-0.004860824748259307,-0.0013200690356777365,-0.0037255518498080045,0.6872808040372198,-0.03271885617885746,0.2857142857142857
baseline_price_only,10,35.0,80,21,-8.981183701344483e-05,-0.0028056835465553437,0.0001334584260409274,-0.00022327026305437288,-0.0029391419725962715,0.7759633455833997,-0.03363394672421294,0.5238095238095238
baseline_price_only,10,35.0,81,21,0.004091011700409228,0.0015424163689929337,0.00256741376838518,0.0015235979320240484,-0.0010249973993922464,0.7281700946903698,0.048708942906443495,0.5714285714285714
baseline_price_only,10,35.0,82,21,-0.0012366245307446847,-0.003760581161903536,-0.0024381706113873708,0.0012015460806426863,-0.0013224105505161654,0.7211304660453864,0.023593565962831773,0.42857142857142855
baseline_price_only,10,35.0,83,21,0.002589634620803219,2.1486398625981637e-05,0.0014355968002289841,0.0011540378205742352,-0.001414110401603003,0.7337566349077823,0.014003668366492137,0.47619047619047616
baseline_price_only,10,35.0,84,21,-0.0013321155270456355,-0.003949445992405808,-0.0012432295328331934,-8.888599421244241e-05,-0.0027062164595726126,0.74780870438862,0.02998598600123869,0.3333333333333333
baseline_price_only,10,35.0,85,21,0.0008314552654018891,-0.0013910946718116368,-0.00037188861883118076,0.0012033438842330702,-0.0010192060529804557,0.6350142677752931,0.0181382182755855,0.47619047619047616
baseline_price_only,10,35.0,86,21,0.0026640040929289555,0.00017983011782905708,0.0017937701682161282,0.0008702339247128275,-0.0016139400503870707,0.7097639928856851,0.005238219241296289,0.42857142857142855
baseline_price_only,10,35.0,87,21,0.004005500234010609,0.0016527725131273688,0.002480534543422888,0.0015249656905877214,-0.0008277620302955195,0.6722079202523544,0.03834040657350328,0.5238095238095238
baseline_price_only,10,35.0,88,21,0.003962199737146472,0.0013765781439075513,0.0015776761796341989,0.0023845235575122724,-0.00020109803572664815,0.7387490266396916,0.032977892122751776,0.5714285714285714
baseline_price_only,10,35.0,89,21,0.0017433471322212968,-0.0007590052834308943,0.0018437978049112565,-0.00010045067268996003,-0.0026028030883421516,0.7149578330434831,0.016955645821668707,0.5238095238095238
baseline_price_only,10,35.0,90,21,-0.0002934408339509303,-0.002745638333533514,-0.001200241452374314,0.0009068006184233835,-0.0015453968811591997,0.7006278570235953,0.05218454709354062,0.3333333333333333
baseline_price_only,10,35.0,91,21,0.004772390221062172,0.002418669614250956,0.004185396498689209,0.0005869937223729623,-0.001766726884438253,0.6724916019460614,-0.021341500605449933,0.6190476190476191
baseline_price_only,10,35.0,92,21,0.0030022226214261104,0.0004979496957688117,0.0014013964946219982,0.0016008261268041118,-0.000903446798853186,0.7155065501877994,0.022995962420228156,0.42857142857142855
baseline_price_only,10,35.0,93,21,0.0004149621797121931,-0.002123422592647311,1.4035620939745594e-05,0.0004009265587724475,-0.002137458213587056,0.7252527921027154,0.0410886887653871,0.5238095238095238
baseline_price_only,10,35.0,94,21,0.00030242378237365264,-0.002098583973626708,0.0011209288645548778,-0.0008185050821812251,-0.003219512838181586,0.686002216000103,0.015439008340399433,0.38095238095238093
baseline_price_only,10,35.0,95,21,-0.0009006371686488044,-0.0034182242947748886,0.0029420190040805824,-0.003842656172729386,-0.006360243298855469,0.7193106074645954,0.012775415623854078,0.47619047619047616
baseline_price_only,20,10.0,0,21,0.010695326222184214,0.009971160547384263,0.008932853072422265,0.0017624731497619488,0.0010383074749619951,0.7241656747999536,0.03870408863913136,0.9047619047619048
baseline_price_only,20,10.0,1,21,0.0012589830902718557,0.0006535251874956874,0.0008029028110496708,0.0004560802792221857,-0.00014937762355398247,0.6054579027761685,0.08537097101020796,0.5238095238095238
baseline_price_only,20,10.0,2,21,-0.003929228242630074,-0.0045227728014319195,-0.004074511077241401,0.00014528283461132693,-0.00044826172419051895,0.5935445588018456,0.019998723992330724,0.38095238095238093
baseline_price_only,20,10.0,3,21,0.006813408832336941,0.006137508797832365,0.0037169589758910384,0.0030964498564459027,0.0024205498219413263,0.6759000345045763,0.08856383625014427,0.7142857142857143
baseline_price_only,20,10.0,4,21,0.0017945575897861967,0.0011088336767164006,-0.00030393047583275715,0.0020984880656189538,0.001412764152549157,0.6857239130697966,0.057161463563138865,0.5238095238095238
baseline_price_only,20,10.0,5,21,0.0060988801918137586,0.0054236289560037265,0.004480737036203207,0.001618143155610551,0.0009428919198005183,0.6752512358100328,0.01956922076473174,0.6190476190476191
baseline_price_only,20,10.0,6,21,0.0033543108195508748,0.0026804070523830407,0.002722394815317979,0.0006319160042328956,-4.1987762934938054e-05,0.6739037671678333,-0.03859862246039501,0.6190476190476191
baseline_price_only,20,10.0,7,21,0.001963946647404801,0.001285038859469614,0.001020567034723144,0.0009433796126816575,0.00026447182474647035,0.6789077879351871,0.07596975747447389,0.6666666666666666
baseline_price_only,20,10.0,8,21,-0.002917238029078538,-0.0035296316320341838,-0.004663991409692929,0.001746753380614391,0.0011343597776587461,0.6123936029556445,0.07160393760924216,0.47619047619047616
baseline_price_only,20,10.0,9,21,-0.0005992685451061449,-0.001243405212529786,-0.0005198065564147652,-7.946198869137929e-05,-0.0007235986561150206,0.6441366674236415,0.04813573419860017,0.42857142857142855
baseline_price_only,20,10.0,10,21,0.0004122951311589508,-0.00025700664967133566,-0.0018190276205637447,0.002231322751722696,0.0015620209708924091,0.6693017808302866,0.09143602888592935,0.47619047619047616
baseline_price_only,20,10.0,11,21,0.0015322453233576848,0.0008325046776054732,0.0006997281919094859,0.0008325171314481993,0.00013277648569598753,0.6997406457522118,0.08566005411324361,0.47619047619047616
baseline_price_only,20,10.0,12,21,0.008269891818753362,0.007679851178230133,0.003384075897207638,0.004885815921545724,0.004295775281022495,0.5900406405232287,0.08655700901471587,0.7619047619047619
baseline_price_only,20,10.0,13,21,0.004967325626016555,0.004333711433377923,0.003172429641978799,0.0017948959840377564,0.0011612817913991237,0.6336141926386327,0.008658438474283173,0.7142857142857143
baseline_price_only,20,10.0,14,21,0.004321673552850204,0.003681572350756861,0.002431370801829119,0.0018903027510210845,0.0012502015489277423,0.6401012020933416,0.04609935252612163,0.47619047619047616
baseline_price_only,20,10.0,15,21,-0.0017966498209445016,-0.0024089111935241877,-0.003549132683169119,0.0017524828622246167,0.0011402214896449317,0.6122613725796849,0.08825547959947365,0.5714285714285714
baseline_price_only,20,10.0,16,21,0.004525684731237473,0.003861076907132447,0.003326387730710409,0.0011992970005270643,0.0005346891764220382,0.6646078241050261,0.026263621283990367,0.7142857142857143
baseline_price_only,20,10.0,17,21,0.004055658576413116,0.0033477926675258875,0.0008605811477029214,0.003195077428710193,0.0024872115198229655,0.7078659088872271,0.030061966168605278,0.5714285714285714
baseline_price_only,20,10.0,18,21,0.002947480528265008,0.002277582913239512,0.001961584923945794,0.0009858956043192128,0.0003159979892937168,0.6698976150254962,0.027929681591809034,0.5714285714285714
baseline_price_only,20,10.0,19,21,-0.0013880599347081022,-0.002017288773993691,-0.0027430326738841163,0.0013549727391760139,0.0007257438998904249,0.629228839285589,0.11681750379801456,0.5238095238095238
baseline_price_only,20,10.0,20,21,-2.8455287020835323e-05,-0.0006526240553390793,-7.291388491234595e-05,4.445859789151076e-05,-0.0005797101704267335,0.6241687683182443,-0.0067878370327014315,0.6190476190476191
baseline_price_only,20,10.0,21,21,0.005148685303329633,0.004511883610436212,0.0038659122700270606,0.0012827730333025739,0.0006459713404091512,0.6368016928934228,0.058769081464742405,0.7142857142857143
baseline_price_only,20,10.0,22,21,0.0004611264434769373,-0.0001985332742253682,-0.00034692225578738595,0.0008080486992643239,0.00014838898156201854,0.6596597177023054,0.02150214092618241,0.38095238095238093
baseline_price_only,20,10.0,23,21,0.003823644142886629,0.0032036127538891826,0.001121225839954078,0.00270241830293255,0.0020823869139351037,0.6200313889974461,0.08253992384171274,0.7142857142857143
baseline_price_only,20,10.0,24,21,0.001266301393522411,0.0006186063021400347,-0.00012366929220402654,0.0013899706857264371,0.0007422755943440616,0.6476950913823757,0.034413657785606906,0.5714285714285714
baseline_price_only,20,10.0,25,21,0.0033632112420109088,0.0027497227641859016,0.0002819488754181428,0.003081262366592765,0.002467773888767759,0.6134884778250063,0.0640688377939891,0.6666666666666666
baseline_price_only,20,10.0,26,21,0.002425052656318756,0.0017844071460504823,0.001983973172972048,0.0004410794833467086,-0.00019956602692156516,0.6406455102682738,0.03582951161712522,0.5714285714285714
baseline_price_only,20,10.0,27,21,-0.0028525892165330393,-0.003453848999094386,-0.005226323188341125,0.002373733971808086,0.0017724741892467394,0.6012597825613464,0.04394912311421738,0.5238095238095238
baseline_price_only,20,10.0,28,21,0.007280515324632551,0.006594412245249044,0.004091996640013393,0.003188518684619158,0.0025024156052356507,0.6861030793835073,0.06583041186937603,0.6666666666666666
baseline_price_only,20,10.0,29,21,-0.0008425363166633159,-0.001492714273000294,-0.00018081318580988033,-0.0006617231308534359,-0.0013119010871904132,0.6501779563369772,-0.01043738707963499,0.5714285714285714
baseline_price_only,20,10.0,30,21,0.0017460699487383009,0.001083414181856232,-0.0005373417532337936,0.0022834117019720945,0.0016207559350900264,0.6626557668820674,0.051500777813445274,0.5714285714285714
baseline_price_only,20,10.0,31,21,-0.0009798091171688088,-0.001632952480803675,-0.002941191615559908,0.0019613824983910986,0.0013082391347562328,0.653143363634866,0.06661601186178663,0.47619047619047616
baseline_price_only,20,10.0,32,21,0.005383841638032917,0.004769271242555146,0.0038151597773347467,0.0015686818606981715,0.0009541114652203984,0.6145703954777726,0.05053974342321042,0.8095238095238095
baseline_price_only,20,10.0,33,21,0.0012791392374023477,0.000714216566496485,0.0009624113452737141,0.0003167278921286336,-0.00024819477877722926,0.5649226709058627,0.07822307092950224,0.47619047619047616
baseline_price_only,20,10.0,34,21,0.004791613598095753,0.004155256801193064,0.0033288908137654237,0.0014627227843303306,0.0008263659874276412,0.6363567969026893,0.027935320875710087,0.7142857142857143
baseline_price_only,20,10.0,35,21,0.0032168327908133946,0.0026275901430752213,0.0020555603487393583,0.001161272442074036,0.0005720297943358625,0.5892426477381736,0.051526067768105546,0.6666666666666666
baseline_price_only,20,10.0,36,21,0.00037858074489442457,-0.0002765511255553217,5.930056756288299e-06,0.0003726506881381359,-0.0002824811823116095,0.6551318704497453,0.0392203322943565,0.5238095238095238
baseline_price_only,20,10.0,37,21,0.004273681459754714,0.003667582370546621,0.0015394806418399286,0.0027342008179147845,0.0021281017287066916,0.6060990892080929,0.09895105471994868,0.5714285714285714
baseline_price_only,20,10.0,38,21,0.006000589157668021,0.005328410253859224,0.0047276065416109484,0.0012729826160570712,0.0006008037122482756,0.6721789038087959,0.04900666738829767,0.7619047619047619
baseline_price_only,20,10.0,39,21,0.0036332319125517406,0.0030560019857861446,0.002217575099835167,0.0014156568127165728,0.0008384268859509772,0.5772299267655956,0.06735829268409893,0.7142857142857143
baseline_price_only,20,10.0,40,21,0.0019203241557957597,0.0013408457331957778,0.001631774066755353,0.000288550089040406,-0.0002909283335595754,0.5794784225999814,0.03216854372424897,0.5238095238095238
baseline_price_only,20,10.0,41,21,0.0026580763498696117,0.0020309219193654407,0.0006575251687438164,0.002000551181125796,0.0013733967506216246,0.6271544305041707,0.0693170281001201,0.5714285714285714
baseline_price_only,20,10.0,42,21,0.0032621217304070545,0.002589479762441355,0.0012677781956104296,0.001994343534796625,0.0013217015668309244,0.6726419679657005,0.07220695846492502,0.7619047619047619
baseline_price_only,20,10.0,43,21,0.00574122734155563,0.005076262022263862,0.0034020106708218096,0.0023392166707338195,0.001674251351442053,0.6649653192917668,0.05392087599095155,0.6666666666666666
baseline_price_only,20,10.0,44,21,0.0026261405081626364,0.0019923148423433884,0.002107030057191828,0.0005191104509708077,-0.0001147152148484399,0.6338256658192473,0.06863151446039174,0.6190476190476191
baseline_price_only,20,10.0,45,21,0.0031292434405456996,0.002488074501389135,0.0015793289792690628,0.0015499144612766374,0.0009087455221200724,0.6411689391565648,0.07885370309453495,0.7142857142857143
baseline_price_only,20,10.0,46,21,-0.0029016971953817723,-0.003478633519034493,-0.003721864379356755,0.0008201671839749822,0.0002432308603222641,0.5769363236527176,0.03257856405602192,0.42857142857142855
baseline_price_only,20,10.0,47,21,-0.00024626765737891865,-0.000868572536381149,-0.0029671469916500172,0.0027208793342710985,0.002098574455268869,0.6223048790022309,0.1201077560937186,0.42857142857142855
baseline_price_only,20,10.0,48,21,-0.000943255245272595,-0.0015972954640117733,-0.0020879434920750652,0.0011446882468024702,0.0004906480280632922,0.6540402187391783,0.01656794900536151,0.5238095238095238
baseline_price_only,20,10.0,49,21,0.0009733693280964611,0.0003187591223064318,-0.0021462520871210165,0.003119621415217478,0.0024650112094274485,0.6546102057900295,0.052329262259657644,0.42857142857142855
baseline_price_only,20,10.0,50,21,0.0066983330033568034,0.006007465818923173,0.0036374142014117994,0.0030609188019450036,0.0023700516175113743,0.6908671844336294,0.01875493092594915,0.6190476190476191
baseline_price_only,20,10.0,51,21,-0.007233758555147346,-0.00780477582997649,-0.007639377194338988,0.00040561863919164054,-0.00016539863563750309,0.571017274829144,0.05713709860535408,0.38095238095238093
baseline_price_only,20,10.0,52,21,0.007322694638349901,0.006695918153968752,0.003231153362481197,0.004091541275868703,0.0034647647914875547,0.6267764843811472,0.0820895595811874,0.6190476190476191
baseline_price_only,20,10.0,53,21,0.004484653658416566,0.0038750684231696497,0.0025330837605012846,0.001951569897915282,0.0013419846626683666,0.6095852352469151,0.050102512931596135,0.7619047619047619
baseline_price_only,20,10.0,54,21,-0.0009415785383448807,-0.0015259269803920537,-0.0022871934964378378,0.0013456149580929578,0.0007612665160457847,0.584348442047173,0.029747830037290663,0.47619047619047616
baseline_price_only,20,10.0,55,21,0.0026309907637224565,0.0019823604156401697,0.0009568563563791383,0.0016741344073433178,0.0010255040592610312,0.6486303480822867,0.055231827918735155,0.5714285714285714
baseline_price_only,20,10.0,56,21,0.0009918601815648432,0.00040395667138007466,0.0006549583330752823,0.0003369018484895612,-0.0002510016616952073,0.5879035101847685,0.04727084726908847,0.5714285714285714
baseline_price_only,20,10.0,57,21,0.000385542848022621,-0.00021413680319521373,-0.00012223530069944093,0.0005077781487220619,-9.190150249577322e-05,0.599679651217835,0.07267019045636615,0.42857142857142855
baseline_price_only,20,10.0,58,21,-0.0006758621578551255,-0.001298627554784983,-0.0016981109955417054,0.0010222488376865802,0.00039948344075672263,0.6227653969298572,0.05132154118796666,0.42857142857142855
baseline_price_only,20,10.0,59,21,0.003405135449501096,0.002742048703153206,0.003463785158297863,-5.8649708796766926e-05,-0.0007217364551446567,0.6630867463478898,0.05593110705478366,0.5238095238095238
baseline_price_only,20,10.0,60,21,0.000846371992993553,0.0002764876345204141,-0.0007827318260163719,0.0016291038190099248,0.0010592194605367855,0.569884358473139,0.06298702748767974,0.47619047619047616
baseline_price_only,20,10.0,61,21,0.002853499169530432,0.0022554867084854996,0.002896837654455842,-4.333848492540967e-05,-0.000641350945970342,0.5980124610449322,-0.0158648221423403,0.7142857142857143
baseline_price_only,20,10.0,62,21,-0.014030264705026404,-0.01463926482535371,-0.012117818243784065,-0.0019124464612423422,-0.002521446581569649,0.6090001203273075,-0.05559499016968714,0.38095238095238093
baseline_price_only,20,10.0,63,21,0.009613651353834058,0.009040662360545206,0.005819301870032935,0.0037943494838011253,0.0032213604905122735,0.5729889932888506,0.056806971063290954,0.6190476190476191
baseline_price_only,20,10.0,64,21,0.01282201192060845,0.012112953775269655,0.0072907837427713075,0.005531228177837141,0.004822170032498345,0.7090581453387953,0.11485835592885558,0.7619047619047619
baseline_price_only,20,10.0,65,21,0.0037106614988057472,0.003062206973634982,0.001318214640675903,0.002392446858129844,0.0017439923329590791,0.6484545251707649,0.061219557151770375,0.6666666666666666
baseline_price_only,20,10.0,66,21,0.0015946466125796792,0.0009934475748349717,0.0009786929888283113,0.0006159536237513683,1.475458600666012e-05,0.6011990377447076,0.07926337176471993,0.7142857142857143
baseline_price_only,20,10.0,67,21,0.0008960477211116104,0.00028519392874909704,0.00032130356279992,0.0005747441583116903,-3.61096340508227e-05,0.6108537923625131,0.005218165174444327,0.5238095238095238
baseline_price_only,20,10.0,68,21,0.0051897063146321195,0.004498123087889615,0.004706776245767743,0.00048293006886437624,-0.00020865315787812764,0.6915832267425038,0.009591310093800499,0.8095238095238095
baseline_price_only,20,10.0,69,21,0.004676947922356704,0.004053430451247169,0.0022582988805321023,0.0024186490418246017,0.0017951315707150676,0.6235174711095341,0.07779912419356418,0.5714285714285714
baseline_price_only,20,10.0,70,21,0.002684886399310064,0.002058237371510527,0.0005636516200005992,0.002121234779309464,0.0014945857515099273,0.6266490277995368,0.06882996383694412,0.5238095238095238
baseline_price_only,20,10.0,71,21,0.0007646825046333276,0.0001302592949671323,0.0012489540680309524,-0.0004842715633976246,-0.0011186947730638204,0.6344232096661953,0.006812428528026882,0.6190476190476191
baseline_price_only,20,10.0,72,21,0.0027818885789782635,0.0021333774144527726,0.002171937528327753,0.0006099510506505101,-3.856011387498094e-05,0.648511164525491,0.010257031259251002,0.7142857142857143
baseline_price_only,20,10.0,73,21,0.000707471528019856,8.497881479694215e-05,0.0004538266849976935,0.0002536448430221624,-0.0003688478702007511,0.6224927132229137,0.04457592079047691,0.47619047619047616
baseline_price_only,20,10.0,74,21,0.0023809878328982176,0.0017012702858799392,0.002704596080657841,-0.0003236082477596246,-0.0010033257947779028,0.679717547018278,-0.014574219354600456,0.6190476190476191
baseline_price_only,20,10.0,75,21,1.5053075146537215e-05,-0.0006151682850440718,-0.0008757035069422543,0.0008907565820887915,0.00026053522189818277,0.6302213601906088,0.0447040269557975,0.42857142857142855
baseline_price_only,20,10.0,76,21,0.0005352534039726,-9.438782912399413e-05,0.00029057502428398514,0.00024467837968861466,-0.0003849628534079796,0.629641233096594,0.049090336223740906,0.47619047619047616
baseline_price_only,20,10.0,77,21,-0.0034382151388839995,-0.0040399782523196275,-0.003786422452507254,0.00034820731362325574,-0.0002535557998123741,0.6017631134356298,0.02708016686178105,0.42857142857142855
baseline_price_only,20,10.0,78,21,0.00641962466053928,0.005743263642822091,0.005166563222075539,0.001253061438463739,0.0005767004207465508,0.6763610177171885,0.0458635003990909,0.6666666666666666
baseline_price_only,20,10.0,79,21,-0.005499180949947194,-0.006108046746198918,-0.004860824748259307,-0.0006383562016878887,-0.0012472219979396113,0.6088657962517232,-0.03271885617885746,0.2857142857142857
baseline_price_only,20,10.0,80,21,-8.620978604892829e-05,-0.0007954331464560081,0.0001334584260409274,-0.00021966821208985502,-0.0009288915724969361,0.7092233604070807,-0.03363394672421294,0.6190476190476191
baseline_price_only,20,10.0,81,21,0.0027901736657396712,0.0021211930706027623,0.00256741376838518,0.00022275989735449098,-0.00044622069778241767,0.6689805951369084,0.048708942906443495,0.6666666666666666
baseline_price_only,20,10.0,82,21,-0.0020674396098011127,-0.002692889490434288,-0.0024381706113873708,0.0003707310015862582,-0.0002547188790469171,0.6254498806331753,0.023593565962831773,0.42857142857142855
baseline_price_only,20,10.0,83,21,0.001861497170425707,0.0011918966947476993,0.0014355968002289841,0.0004259003701967227,-0.00024370010548128504,0.6696004756780078,0.014003668366492137,0.5238095238095238
baseline_price_only,20,10.0,84,21,-0.001363652524257954,-0.0020331837664225335,-0.0012432295328331934,-0.0001204229914247605,-0.00078995423358934,0.6695312421645792,0.02998598600123869,0.38095238095238093
baseline_price_only,20,10.0,85,21,0.0002931224396413266,-0.0003008006994520008,-0.00037188861883118076,0.0006650110584725075,7.108791937918015e-05,0.5939231390933274,0.0181382182755855,0.5238095238095238
baseline_price_only,20,10.0,86,21,0.0026302028226662133,0.0019394374341955988,0.0017937701682161282,0.0008364326544500857,0.00014566726597947086,0.6907653884706147,0.005238219241296289,0.7142857142857143
baseline_price_only,20,10.0,87,21,0.00325452694187583,0.002610989164621108,0.002480534543422888,0.0007739923984529434,0.00013045462119822094,0.6435377772547224,0.03834040657350328,0.6666666666666666
baseline_price_only,20,10.0,88,21,0.002813147196630163,0.002167207686297582,0.0015776761796341989,0.0012354710169959642,0.0005895315066633827,0.6459395103325811,0.032977892122751776,0.6666666666666666
baseline_price_only,20,10.0,89,21,0.0021686494630310826,0.001529511238075885,0.0018437978049112565,0.0003248516581198259,-0.00031428656683537166,0.6391382249551976,0.016955645821668707,0.6666666666666666
baseline_price_only,20,10.0,90,21,-0.0003770490956111415,-0.0010206800451857258,-0.001200241452374314,0.0008231923567631723,0.00017956140718858812,0.6436309495745842,0.05218454709354062,0.42857142857142855
baseline_price_only,20,10.0,91,21,0.004636824342146675,0.003997803284179961,0.004185396498689209,0.00045142784345746567,-0.00018759321450924853,0.639021057966714,-0.021341500605449933,0.7619047619047619
baseline_price_only,20,10.0,92,21,0.0027515573421574456,0.002083607603676761,0.0014013964946219982,0.0013501608475354474,0.0006822111090547629,0.6679497384806843,0.022995962420228156,0.5714285714285714
baseline_price_only,20,10.0,93,21,0.0006993160385868607,5.069216526016088e-05,1.4035620939745594e-05,0.000685280417647115,3.665654432041512e-05,0.6486238733266998,0.0410886887653871,0.5238095238095238
baseline_price_only,20,10.0,94,21,0.001386861971814222,0.0007240388960188953,0.0011209288645548778,0.0002659331072593441,-0.00039688996853598247,0.6628230757953263,0.015439008340399433,0.6190476190476191
baseline_price_only,20,10.0,95,21,0.0021162203972529946,0.0014389118747538268,0.0029420190040805824,-0.0008257986068275864,-0.0015031071293267549,0.6773085224991687,0.012775415623854078,0.5714285714285714
baseline_price_only,20,15.0,0,21,0.010695326222184214,0.009609077709984282,0.008932853072422265,0.0017624731497619488,0.0006762246375620185,0.7241656747999536,0.03870408863913136,0.9047619047619048
baseline_price_only,20,15.0,1,21,0.0012589830902718557,0.000350796236107603,0.0008029028110496708,0.0004560802792221857,-0.00045210657494206723,0.6054579027761685,0.08537097101020796,0.5238095238095238
baseline_price_only,20,15.0,2,21,-0.003929228242630074,-0.004819545080832842,-0.004074511077241401,0.00014528283461132693,-0.0007450340035914419,0.5935445588018456,0.019998723992330724,0.38095238095238093
baseline_price_only,20,15.0,3,21,0.006813408832336941,0.005799558780580076,0.0037169589758910384,0.0030964498564459027,0.002082599804689038,0.6759000345045763,0.08856383625014427,0.7142857142857143
baseline_price_only,20,15.0,4,21,0.0017945575897861967,0.000765971720181502,-0.00030393047583275715,0.0020984880656189538,0.001069902196014259,0.6857239130697966,0.057161463563138865,0.47619047619047616
baseline_price_only,20,15.0,5,21,0.0060988801918137586,0.005086003338098709,0.004480737036203207,0.001618143155610551,0.0006052663018955019,0.6752512358100328,0.01956922076473174,0.6190476190476191
baseline_price_only,20,15.0,6,21,0.0033543108195508748,0.0023434551687991243,0.002722394815317979,0.0006319160042328956,-0.0003789396465188546,0.6739037671678333,-0.03859862246039501,0.6190476190476191
baseline_price_only,20,15.0,7,21,0.001963946647404801,0.0009455849655020202,0.001020567034723144,0.0009433796126816575,-7.498206922112338e-05,0.6789077879351871,0.07596975747447389,0.6666666666666666
baseline_price_only,20,15.0,8,21,-0.002917238029078538,-0.003835828433512006,-0.004663991409692929,0.001746753380614391,0.0008281629761809234,0.6123936029556445,0.07160393760924216,0.47619047619047616
baseline_price_only,20,15.0,9,21,-0.0005992685451061449,-0.001565473546241607,-0.0005198065564147652,-7.946198869137929e-05,-0.0010456669898268416,0.6441366674236415,0.04813573419860017,0.42857142857142855
baseline_price_only,20,15.0,10,21,0.0004122951311589508,-0.000591657540086479,-0.0018190276205637447,0.002231322751722696,0.0012273700804772668,0.6693017808302866,0.09143602888592935,0.47619047619047616
baseline_price_only,20,15.0,11,21,0.0015322453233576848,0.000482634354729367,0.0006997281919094859,0.0008325171314481993,-0.00021709383718011838,0.6997406457522118,0.08566005411324361,0.47619047619047616
baseline_price_only,20,15.0,12,21,0.008269891818753362,0.007384830857968518,0.003384075897207638,0.004885815921545724,0.004000754960760881,0.5900406405232287,0.08655700901471587,0.7619047619047619
baseline_price_only,20,15.0,13,21,0.004967325626016555,0.004016904337058607,0.003172429641978799,0.0017948959840377564,0.0008444746950798073,0.6336141926386327,0.008658438474283173,0.7142857142857143
baseline_price_only,20,15.0,14,21,0.004321673552850204,0.00336152174971019,0.002431370801829119,0.0018903027510210845,0.0009301509478810714,0.6401012020933416,0.04609935252612163,0.47619047619047616
baseline_price_only,20,15.0,15,21,-0.0017966498209445016,-0.0027150418798140294,-0.003549132683169119,0.0017524828622246167,0.000834090803355089,0.6122613725796849,0.08825547959947365,0.47619047619047616
baseline_price_only,20,15.0,16,21,0.004525684731237473,0.0035287729950799337,0.003326387730710409,0.0011992970005270643,0.0002023852643695251,0.6646078241050261,0.026263621283990367,0.7142857142857143
baseline_price_only,20,15.0,17,21,0.004055658576413116,0.002993859713082274,0.0008605811477029214,0.003195077428710193,0.0021332785653793524,0.7078659088872271,0.030061966168605278,0.5714285714285714
baseline_price_only,20,15.0,18,21,0.002947480528265008,0.0019426341057267639,0.001961584923945794,0.0009858956043192128,-1.8950818219030815e-05,0.6698976150254962,0.027929681591809034,0.5714285714285714
baseline_price_only,20,15.0,19,21,-0.0013880599347081022,-0.0023319031936364846,-0.0027430326738841163,0.0013549727391760139,0.00041112948024763066,0.629228839285589,0.11681750379801456,0.5238095238095238
baseline_price_only,20,15.0,20,21,-2.8455287020835323e-05,-0.0009647084394982017,-7.291388491234595e-05,4.445859789151076e-05,-0.0008917945545858558,0.6241687683182443,-0.0067878370327014315,0.47619047619047616
baseline_price_only,20,15.0,21,21,0.005148685303329633,0.0041934827639895,0.0038659122700270606,0.0012827730333025739,0.0003275704939624396,0.6368016928934228,0.058769081464742405,0.7142857142857143
baseline_price_only,20,15.0,22,21,0.0004611264434769373,-0.0005283631330765207,-0.00034692225578738595,0.0008080486992643239,-0.00018144087728913437,0.6596597177023054,0.02150214092618241,0.38095238095238093
baseline_price_only,20,15.0,23,21,0.003823644142886629,0.002893597059390459,0.001121225839954078,0.00270241830293255,0.0017723712194363812,0.6200313889974461,0.08253992384171274,0.7142857142857143
baseline_price_only,20,15.0,24,21,0.001266301393522411,0.0002947587564488467,-0.00012366929220402654,0.0013899706857264371,0.00041842804865287376,0.6476950913823757,0.034413657785606906,0.5238095238095238
baseline_price_only,20,15.0,25,21,0.0033632112420109088,0.0024429785252733987,0.0002819488754181428,0.003081262366592765,0.0021610296498552556,0.6134884778250063,0.0640688377939891,0.6190476190476191
baseline_price_only,20,15.0,26,21,0.002425052656318756,0.0014640843909163458,0.001983973172972048,0.0004410794833467086,-0.0005198887820557019,0.6406455102682738,0.03582951161712522,0.5714285714285714
baseline_price_only,20,15.0,27,21,-0.0028525892165330393,-0.0037544788903750596,-0.005226323188341125,0.002373733971808086,0.0014718442979660658,0.6012597825613464,0.04394912311421738,0.5238095238095238
baseline_price_only,20,15.0,28,21,0.007280515324632551,0.006251360705557289,0.004091996640013393,0.003188518684619158,0.0021593640655438963,0.6861030793835073,0.06583041186937603,0.6190476190476191
baseline_price_only,20,15.0,29,21,-0.0008425363166633159,-0.0018178032511687817,-0.00018081318580988033,-0.0006617231308534359,-0.0016369900653589013,0.6501779563369772,-0.01043738707963499,0.5714285714285714
baseline_price_only,20,15.0,30,21,0.0017460699487383009,0.0007520862984151991,-0.0005373417532337936,0.0022834117019720945,0.0012894280516489935,0.6626557668820674,0.051500777813445274,0.5714285714285714
baseline_price_only,20,15.0,31,21,-0.0009798091171688088,-0.0019595241626211074,-0.002941191615559908,0.0019613824983910986,0.0009816674529388,0.653143363634866,0.06661601186178663,0.47619047619047616
baseline_price_only,20,15.0,32,21,0.005383841638032917,0.00446198604481626,0.0038151597773347467,0.0015686818606981715,0.0006468262674815125,0.6145703954777726,0.05053974342321042,0.8095238095238095
baseline_price_only,20,15.0,33,21,0.0012791392374023477,0.0004317552310435538,0.0009624113452737141,0.0003167278921286336,-0.0005306561142301603,0.5649226709058627,0.07822307092950224,0.47619047619047616
baseline_price_only,20,15.0,34,21,0.004791613598095753,0.003837078402741719,0.0033288908137654237,0.0014627227843303306,0.0005081875889762966,0.6363567969026893,0.027935320875710087,0.7142857142857143
baseline_price_only,20,15.0,35,21,0.0032168327908133946,0.0023329688192061343,0.0020555603487393583,0.001161272442074036,0.00027740847046677587,0.5892426477381736,0.051526067768105546,0.6666666666666666
baseline_price_only,20,15.0,36,21,0.00037858074489442457,-0.0006041170607801936,5.930056756288299e-06,0.0003726506881381359,-0.0006100471175364818,0.6551318704497453,0.0392203322943565,0.47619047619047616
baseline_price_only,20,15.0,37,21,0.004273681459754714,0.0033645328259425743,0.0015394806418399286,0.0027342008179147845,0.0018250521841026448,0.6060990892080929,0.09895105471994868,0.5714285714285714
baseline_price_only,20,15.0,38,21,0.006000589157668021,0.004992320801954826,0.0047276065416109484,0.0012729826160570712,0.0002647142603438776,0.6721789038087959,0.04900666738829767,0.7619047619047619
baseline_price_only,20,15.0,39,21,0.0036332319125517406,0.0027673870224033466,0.002217575099835167,0.0014156568127165728,0.0005498119225681794,0.5772299267655956,0.06735829268409893,0.7142857142857143
baseline_price_only,20,15.0,40,21,0.0019203241557957597,0.001051106521895787,0.001631774066755353,0.000288550089040406,-0.0005806675448595663,0.5794784225999814,0.03216854372424897,0.5238095238095238
baseline_price_only,20,15.0,41,21,0.0026580763498696117,0.0017173447041133562,0.0006575251687438164,0.002000551181125796,0.0010598195353695393,0.6271544305041707,0.0693170281001201,0.5714285714285714
baseline_price_only,20,15.0,42,21,0.0032621217304070545,0.0022531587784585037,0.0012677781956104296,0.001994343534796625,0.000985380582848074,0.6726419679657005,0.07220695846492502,0.7619047619047619
baseline_price_only,20,15.0,43,21,0.00574122734155563,0.004743779362617979,0.0034020106708218096,0.0023392166707338195,0.001341768691796169,0.6649653192917668,0.05392087599095155,0.6666666666666666
baseline_price_only,20,15.0,44,21,0.0026261405081626364,0.0016754020094337646,0.002107030057191828,0.0005191104509708077,-0.00043162804775806316,0.6338256658192473,0.06863151446039174,0.6190476190476191
baseline_price_only,20,15.0,45,21,0.0031292434405456996,0.0021674900318108528,0.0015793289792690628,0.0015499144612766374,0.0005881610525417901,0.6411689391565648,0.07885370309453495,0.7142857142857143
baseline_price_only,20,15.0,46,21,-0.0029016971953817723,-0.0037671016808608496,-0.003721864379356755,0.0008201671839749822,-4.523730150409448e-05,0.5769363236527176,0.03257856405602192,0.42857142857142855
baseline_price_only,20,15.0,47,21,-0.00024626765737891865,-0.0011797249758822644,-0.0029671469916500172,0.0027208793342710985,0.001787422015767753,0.6223048790022309,0.1201077560937186,0.42857142857142855
baseline_price_only,20,15.0,48,21,-0.000943255245272595,-0.0019243155733813621,-0.0020879434920750652,0.0011446882468024702,0.00016362791869370288,0.6540402187391783,0.01656794900536151,0.5238095238095238
baseline_price_only,20,15.0,49,21,0.0009733693280964611,-8.54598058858257e-06,-0.0021462520871210165,0.003119621415217478,0.002137706106532434,0.6546102057900295,0.052329262259657644,0.42857142857142855
baseline_price_only,20,15.0,50,21,0.0066983330033568034,0.0056620322267063585,0.0036374142014117994,0.0030609188019450036,0.0020246180252945596,0.6908671844336294,0.01875493092594915,0.6190476190476191
baseline_price_only,20,15.0,51,21,-0.007233758555147346,-0.008090284467391065,-0.007639377194338988,0.00040561863919164054,-0.00045090727305207554,0.571017274829144,0.05713709860535408,0.38095238095238093
baseline_price_only,20,15.0,52,21,0.007322694638349901,0.006382529911778179,0.003231153362481197,0.004091541275868703,0.003151376549296981,0.6267764843811472,0.0820895595811874,0.6190476190476191
baseline_price_only,20,15.0,53,21,0.004484653658416566,0.003570275805546193,0.0025330837605012846,0.001951569897915282,0.0010371920450449091,0.6095852352469151,0.050102512931596135,0.7619047619047619
baseline_price_only,20,15.0,54,21,-0.0009415785383448807,-0.0018181012014156397,-0.0022871934964378378,0.0013456149580929578,0.0004690922950221983,0.584348442047173,0.029747830037290663,0.47619047619047616
baseline_price_only,20,15.0,55,21,0.0026309907637224565,0.001658045241599027,0.0009568563563791383,0.0016741344073433178,0.0007011888852198879,0.6486303480822867,0.055231827918735155,0.5714285714285714
baseline_price_only,20,15.0,56,21,0.0009918601815648432,0.00011000491628769084,0.0006549583330752823,0.0003369018484895612,-0.0005449534167875911,0.5879035101847685,0.04727084726908847,0.5714285714285714
baseline_price_only,20,15.0,57,21,0.000385542848022621,-0.0005139766288041318,-0.00012223530069944093,0.0005077781487220619,-0.0003917413281046906,0.599679651217835,0.07267019045636615,0.42857142857142855
baseline_price_only,20,15.0,58,21,-0.0006758621578551255,-0.0016100102532499115,-0.0016981109955417054,0.0010222488376865802,8.810074229179385e-05,0.6227653969298572,0.05132154118796666,0.42857142857142855
baseline_price_only,20,15.0,59,21,0.003405135449501096,0.0024105053299792616,0.003463785158297863,-5.8649708796766926e-05,-0.0010532798283186017,0.6630867463478898,0.05593110705478366,0.47619047619047616
baseline_price_only,20,15.0,60,21,0.000846371992993553,-8.454544716156029e-06,-0.0007827318260163719,0.0016291038190099248,0.0007742772813002161,0.569884358473139,0.06298702748767974,0.47619047619047616
baseline_price_only,20,15.0,61,21,0.002853499169530432,0.001956480477963034,0.002896837654455842,-4.333848492540967e-05,-0.0009403571764928076,0.5980124610449322,-0.0158648221423403,0.7142857142857143
baseline_price_only,20,15.0,62,21,-0.014030264705026404,-0.014943764885517366,-0.012117818243784065,-0.0019124464612423422,-0.0028259466417333034,0.6090001203273075,-0.05559499016968714,0.38095238095238093
baseline_price_only,20,15.0,63,21,0.009613651353834058,0.008754167863900783,0.005819301870032935,0.0037943494838011253,0.0029348659938678483,0.5729889932888506,0.056806971063290954,0.6190476190476191
baseline_price_only,20,15.0,64,21,0.01282201192060845,0.011758424702600257,0.0072907837427713075,0.005531228177837141,0.004467640959828948,0.7090581453387953,0.11485835592885558,0.7619047619047619
baseline_price_only,20,15.0,65,21,0.0037106614988057472,0.0027379797110496,0.001318214640675903,0.002392446858129844,0.0014197650703736968,0.6484545251707649,0.061219557151770375,0.6666666666666666
baseline_price_only,20,15.0,66,21,0.0015946466125796792,0.0006928480559626184,0.0009786929888283113,0.0006159536237513683,-0.0002858449328656934,0.6011990377447076,0.07926337176471993,0.7142857142857143
baseline_price_only,20,15.0,67,21,0.0008960477211116104,-2.0232967432159544e-05,0.00032130356279992,0.0005747441583116903,-0.0003415365302320792,0.6108537923625131,0.005218165174444327,0.5238095238095238
baseline_price_only,20,15.0,68,21,0.0051897063146321195,0.0041523314745183625,0.004706776245767743,0.00048293006886437624,-0.0005544447712493795,0.6915832267425038,0.009591310093800499,0.7619047619047619
baseline_price_only,20,15.0,69,21,0.004676947922356704,0.0037416717156924023,0.0022582988805321023,0.0024186490418246017,0.0014833728351603007,0.6235174711095341,0.07779912419356418,0.5714285714285714
baseline_price_only,20,15.0,70,21,0.002684886399310064,0.0017449128576107584,0.0005636516200005992,0.002121234779309464,0.001181261237610159,0.6266490277995368,0.06882996383694412,0.5238095238095238
baseline_price_only,20,15.0,71,21,0.0007646825046333276,-0.00018695230986596537,0.0012489540680309524,-0.0004842715633976246,-0.0014359063778969178,0.6344232096661953,0.006812428528026882,0.6190476190476191
baseline_price_only,20,15.0,72,21,0.0027818885789782635,0.001809121832190027,0.002171937528327753,0.0006099510506505101,-0.0003628156961377264,0.648511164525491,0.010257031259251002,0.6666666666666666
baseline_price_only,20,15.0,73,21,0.000707471528019856,-0.00022626754181451444,0.0004538266849976935,0.0002536448430221624,-0.0006800942268122079,0.6224927132229137,0.04457592079047691,0.47619047619047616
baseline_price_only,20,15.0,74,21,0.0023809878328982176,0.0013614115123708,0.002704596080657841,-0.0003236082477596246,-0.0013431845682870419,0.679717547018278,-0.014574219354600456,0.6190476190476191
baseline_price_only,20,15.0,75,21,1.5053075146537215e-05,-0.0009302789651393768,-0.0008757035069422543,0.0008907565820887915,-5.457545819712182e-05,0.6302213601906088,0.0447040269557975,0.42857142857142855
baseline_price_only,20,15.0,76,21,0.0005352534039726,-0.000409208445672291,0.00029057502428398514,0.00024467837968861466,-0.0006997834699562765,0.629641233096594,0.049090336223740906,0.47619047619047616
baseline_price_only,20,15.0,77,21,-0.0034382151388839995,-0.004340859809037443,-0.003786422452507254,0.00034820731362325574,-0.0005544373565301885,0.6017631134356298,0.02708016686178105,0.42857142857142855
baseline_price_only,20,15.0,78,21,0.00641962466053928,0.005405083133963497,0.005166563222075539,0.001253061438463739,0.00023851991188795655,0.6763610177171885,0.0458635003990909,0.6666666666666666
baseline_price_only,20,15.0,79,21,-0.005499180949947194,-0.00641247964432478,-0.004860824748259307,-0.0006383562016878887,-0.001551654896065473,0.6088657962517232,-0.03271885617885746,0.2857142857142857
baseline_price_only,20,15.0,80,21,-8.620978604892829e-05,-0.0011500448266595488,0.0001334584260409274,-0.00021966821208985502,-0.0012835032527004765,0.7092233604070807,-0.03363394672421294,0.6190476190476191
baseline_price_only,20,15.0,81,21,0.0027901736657396712,0.001786702773034309,0.00256741376838518,0.00022275989735449098,-0.0007807109953508719,0.6689805951369084,0.048708942906443495,0.6190476190476191
baseline_price_only,20,15.0,82,21,-0.0020674396098011127,-0.0030056144307508753,-0.0024381706113873708,0.0003707310015862582,-0.0005674438193635047,0.6254498806331753,0.023593565962831773,0.42857142857142855
baseline_price_only,20,15.0,83,21,0.001861497170425707,0.0008570964569086953,0.0014355968002289841,0.0004259003701967227,-0.0005785003433202889,0.6696004756780078,0.014003668366492137,0.5238095238095238
baseline_price_only,20,15.0,84,21,-0.001363652524257954,-0.0023679493875048228,-0.0012432295328331934,-0.0001204229914247605,-0.0011247198546716294,0.6695312421645792,0.02998598600123869,0.38095238095238093
baseline_price_only,20,15.0,85,21,0.0002931224396413266,-0.0005977622689986647,-0.00037188861883118076,0.0006650110584725075,-0.00022587365016748362,0.5939231390933274,0.0181382182755855,0.47619047619047616
baseline_price_only,20,15.0,86,21,0.0026302028226662133,0.0015940547399602909,0.0017937701682161282,0.0008364326544500857,-0.00019971542825583674,0.6907653884706147,0.005238219241296289,0.7142857142857143
baseline_price_only,20,15.0,87,21,0.00325452694187583,0.0022892202759937476,0.002480534543422888,0.0007739923984529434,-0.00019131426742914027,0.6435377772547224,0.03834040657350328,0.6666666666666666
baseline_price_only,20,15.0,88,21,0.002813147196630163,0.0018442379311312913,0.0015776761796341989,0.0012354710169959642,0.0002665617514970922,0.6459395103325811,0.032977892122751776,0.6666666666666666
baseline_price_only,20,15.0,89,21,0.0021686494630310826,0.0012099421255982864,0.0018437978049112565,0.0003248516581198259,-0.0006338556793129701,0.6391382249551976,0.016955645821668707,0.6666666666666666
baseline_price_only,20,15.0,90,21,-0.0003770490956111415,-0.0013424955199730182,-0.001200241452374314,0.0008231923567631723,-0.00014225406759870398,0.6436309495745842,0.05218454709354062,0.38095238095238093
baseline_price_only,20,15.0,91,21,0.004636824342146675,0.0036782927551966033,0.004185396498689209,0.00045142784345746567,-0.0005071037434926054,0.639021057966714,-0.021341500605449933,0.7142857142857143
baseline_price_only,20,15.0,92,21,0.0027515573421574456,0.0017496327344364187,0.0014013964946219982,0.0013501608475354474,0.0003482362398144208,0.6679497384806843,0.022995962420228156,0.5714285714285714
baseline_price_only,20,15.0,93,21,0.0006993160385868607,-0.0002736197714031896,1.4035620939745594e-05,0.000685280417647115,-0.00028765539234293467,0.6486238733266998,0.0410886887653871,0.5238095238095238
baseline_price_only,20,15.0,94,21,0.001386861971814222,0.0003926273581212325,0.0011209288645548778,0.0002659331072593441,-0.0007283015064336457,0.6628230757953263,0.015439008340399433,0.6190476190476191
baseline_price_only,20,15.0,95,21,0.0021162203972529946,0.0011002576135042427,0.0029420190040805824,-0.0008257986068275864,-0.0018417613905763399,0.6773085224991687,0.012775415623854078,0.5714285714285714
baseline_price_only,20,25.0,0,21,0.010695326222184214,0.00888491203518433,0.008932853072422265,0.0017624731497619488,-4.794103723793554e-05,0.7241656747999536,0.03870408863913136,0.9047619047619048
baseline_price_only,20,25.0,1,21,0.0012589830902718557,-0.0002546616666685654,0.0008029028110496708,0.0004560802792221857,-0.0010575644777182354,0.6054579027761685,0.08537097101020796,0.5238095238095238
baseline_price_only,20,25.0,2,21,-0.003929228242630074,-0.005413089639634687,-0.004074511077241401,0.00014528283461132693,-0.001338578562393287,0.5935445588018456,0.019998723992330724,0.38095238095238093
baseline_price_only,20,25.0,3,21,0.006813408832336941,0.005123658746075501,0.0037169589758910384,0.0030964498564459027,0.0014066997701844624,0.6759000345045763,0.08856383625014427,0.7142857142857143
baseline_price_only,20,25.0,4,21,0.0017945575897861967,8.024780711170557e-05,-0.00030393047583275715,0.0020984880656189538,0.00038417828294446256,0.6857239130697966,0.057161463563138865,0.47619047619047616
baseline_price_only,20,25.0,5,21,0.0060988801918137586,0.0044107521022886745,0.004480737036203207,0.001618143155610551,-6.998493391453076e-05,0.6752512358100328,0.01956922076473174,0.6190476190476191
baseline_price_only,20,25.0,6,21,0.0033543108195508748,0.001669551401631291,0.002722394815317979,0.0006319160042328956,-0.001052843413686688,0.6739037671678333,-0.03859862246039501,0.6190476190476191
baseline_price_only,20,25.0,7,21,0.001963946647404801,0.0002666771775668333,0.001020567034723144,0.0009433796126816575,-0.0007538898571563102,0.6789077879351871,0.07596975747447389,0.6666666666666666
baseline_price_only,20,25.0,8,21,-0.002917238029078538,-0.004448222036467651,-0.004663991409692929,0.001746753380614391,0.00021576937322527863,0.6123936029556445,0.07160393760924216,0.42857142857142855
baseline_price_only,20,25.0,9,21,-0.0005992685451061449,-0.0022096102136652486,-0.0005198065564147652,-7.946198869137929e-05,-0.0016898036572504831,0.6441366674236415,0.04813573419860017,0.42857142857142855
baseline_price_only,20,25.0,10,21,0.0004122951311589508,-0.0012609593209167652,-0.0018190276205637447,0.002231322751722696,0.0005580682996469794,0.6693017808302866,0.09143602888592935,0.38095238095238093
baseline_price_only,20,25.0,11,21,0.0015322453233576848,-0.0002171062910228444,0.0006997281919094859,0.0008325171314481993,-0.0009168344829323301,0.6997406457522118,0.08566005411324361,0.42857142857142855
baseline_price_only,20,25.0,12,21,0.008269891818753362,0.0067947902174452885,0.003384075897207638,0.004885815921545724,0.003410714320237652,0.5900406405232287,0.08655700901471587,0.7142857142857143
baseline_price_only,20,25.0,13,21,0.004967325626016555,0.003383290144419974,0.003172429641978799,0.0017948959840377564,0.00021086050244117457,0.6336141926386327,0.008658438474283173,0.7142857142857143
baseline_price_only,20,25.0,14,21,0.004321673552850204,0.00272142054761685,0.002431370801829119,0.0018903027510210845,0.0002900497457877296,0.6401012020933416,0.04609935252612163,0.47619047619047616
baseline_price_only,20,25.0,15,21,-0.0017966498209445016,-0.0033273032523937146,-0.003549132683169119,0.0017524828622246167,0.00022182943077540438,0.6122613725796849,0.08825547959947365,0.47619047619047616
baseline_price_only,20,25.0,16,21,0.004525684731237473,0.0028641651709749084,0.003326387730710409,0.0011992970005270643,-0.00046222255973550115,0.6646078241050261,0.026263621283990367,0.7142857142857143
baseline_price_only,20,25.0,17,21,0.004055658576413116,0.002285993804195047,0.0008605811477029214,0.003195077428710193,0.0014254126564921259,0.7078659088872271,0.030061966168605278,0.5238095238095238
baseline_price_only,20,25.0,18,21,0.002947480528265008,0.0012727364907012678,0.001961584923945794,0.0009858956043192128,-0.000688848433244527,0.6698976150254962,0.027929681591809034,0.5714285714285714
baseline_price_only,20,25.0,19,21,-0.0013880599347081022,-0.0029611320329220744,-0.0027430326738841163,0.0013549727391760139,-0.00021809935903795854,0.629228839285589,0.11681750379801456,0.5238095238095238
baseline_price_only,20,25.0,20,21,-2.8455287020835323e-05,-0.001588877207816446,-7.291388491234595e-05,4.445859789151076e-05,-0.0015159633229041,0.6241687683182443,-0.0067878370327014315,0.47619047619047616
baseline_price_only,20,25.0,21,21,0.005148685303329633,0.003556681071096076,0.0038659122700270606,0.0012827730333025739,-0.00030923119893098365,0.6368016928934228,0.058769081464742405,0.6666666666666666
baseline_price_only,20,25.0,22,21,0.0004611264434769373,-0.0011880228507788256,-0.00034692225578738595,0.0008080486992643239,-0.0008411005949914395,0.6596597177023054,0.02150214092618241,0.38095238095238093
baseline_price_only,20,25.0,23,21,0.003823644142886629,0.0022735656703930128,0.001121225839954078,0.00270241830293255,0.0011523398304389347,0.6200313889974461,0.08253992384171274,0.6666666666666666
baseline_price_only,20,25.0,24,21,0.001266301393522411,-0.0003529363349335282,-0.00012366929220402654,0.0013899706857264371,-0.00022926704272950192,0.6476950913823757,0.034413657785606906,0.5238095238095238
baseline_price_only,20,25.0,25,21,0.0033632112420109088,0.0018294900474483922,0.0002819488754181428,0.003081262366592765,0.0015475411720302494,0.6134884778250063,0.0640688377939891,0.6190476190476191
baseline_price_only,20,25.0,26,21,0.002425052656318756,0.0008234388806480716,0.001983973172972048,0.0004410794833467086,-0.001160534292323976,0.6406455102682738,0.03582951161712522,0.5714285714285714
baseline_price_only,20,25.0,27,21,-0.0028525892165330393,-0.004355738672936405,-0.005226323188341125,0.002373733971808086,0.0008705845154047202,0.6012597825613464,0.04394912311421738,0.5238095238095238
baseline_price_only,20,25.0,28,21,0.007280515324632551,0.005565257626173783,0.004091996640013393,0.003188518684619158,0.0014732609861603894,0.6861030793835073,0.06583041186937603,0.6190476190476191
baseline_price_only,20,25.0,29,21,-0.0008425363166633159,-0.0024679812075057597,-0.00018081318580988033,-0.0006617231308534359,-0.0022871680216958786,0.6501779563369772,-0.01043738707963499,0.5714285714285714
baseline_price_only,20,25.0,30,21,0.0017460699487383009,8.943053153313179e-05,-0.0005373417532337936,0.0022834117019720945,0.0006267722847669256,0.6626557668820674,0.051500777813445274,0.5714285714285714
baseline_price_only,20,25.0,31,21,-0.0009798091171688088,-0.0026126675262559745,-0.002941191615559908,0.0019613824983910986,0.00032852408930393395,0.653143363634866,0.06661601186178663,0.47619047619047616
baseline_price_only,20,25.0,32,21,0.005383841638032917,0.003847415649338486,0.0038151597773347467,0.0015686818606981715,3.2255872003739685e-05,0.6145703954777726,0.05053974342321042,0.7142857142857143
baseline_price_only,20,25.0,33,21,0.0012791392374023477,-0.00013316743986230902,0.0009624113452737141,0.0003167278921286336,-0.0010955787851360233,0.5649226709058627,0.07822307092950224,0.42857142857142855
baseline_price_only,20,25.0,34,21,0.004791613598095753,0.00320072160583903,0.0033288908137654237,0.0014627227843303306,-0.00012816920792639293,0.6363567969026893,0.027935320875710087,0.6666666666666666
baseline_price_only,20,25.0,35,21,0.0032168327908133946,0.0017437261714679606,0.0020555603487393583,0.001161272442074036,-0.00031183417727139763,0.5892426477381736,0.051526067768105546,0.5714285714285714
baseline_price_only,20,25.0,36,21,0.00037858074489442457,-0.0012592489312299392,5.930056756288299e-06,0.0003726506881381359,-0.0012651789879862274,0.6551318704497453,0.0392203322943565,0.47619047619047616
baseline_price_only,20,25.0,37,21,0.004273681459754714,0.002758433736734481,0.0015394806418399286,0.0027342008179147845,0.0012189530948945526,0.6060990892080929,0.09895105471994868,0.5714285714285714
baseline_price_only,20,25.0,38,21,0.006000589157668021,0.004320141898146031,0.0047276065416109484,0.0012729826160570712,-0.00040746464346491835,0.6721789038087959,0.04900666738829767,0.7619047619047619
baseline_price_only,20,25.0,39,21,0.0036332319125517406,0.0021901570956377506,0.002217575099835167,0.0014156568127165728,-2.7418004197416405e-05,0.5772299267655956,0.06735829268409893,0.6666666666666666
baseline_price_only,20,25.0,40,21,0.0019203241557957597,0.0004716280992958056,0.001631774066755353,0.000288550089040406,-0.0011601459674595478,0.5794784225999814,0.03216854372424897,0.42857142857142855
baseline_price_only,20,25.0,41,21,0.0026580763498696117,0.0010901902736091841,0.0006575251687438164,0.002000551181125796,0.00043266510486536747,0.6271544305041707,0.0693170281001201,0.5238095238095238
baseline_price_only,20,25.0,42,21,0.0032621217304070545,0.0015805168104928032,0.0012677781956104296,0.001994343534796625,0.0003127386148823737,0.6726419679657005,0.07220695846492502,0.7142857142857143
baseline_price_only,20,25.0,43,21,0.00574122734155563,0.004078814043326211,0.0034020106708218096,0.0023392166707338195,0.0006768033725044027,0.6649653192917668,0.05392087599095155,0.6666666666666666
baseline_price_only,20,25.0,44,21,0.0026261405081626364,0.0010415763436145166,0.002107030057191828,0.0005191104509708077,-0.0010654537135773108,0.6338256658192473,0.06863151446039174,0.5714285714285714
baseline_price_only,20,25.0,45,21,0.0031292434405456996,0.0015263210926542874,0.0015793289792690628,0.0015499144612766374,-5.300788661477491e-05,0.6411689391565648,0.07885370309453495,0.7142857142857143
baseline_price_only,20,25.0,46,21,-0.0029016971953817723,-0.004344038004513568,-0.003721864379356755,0.0008201671839749822,-0.0006221736251568122,0.5769363236527176,0.03257856405602192,0.42857142857142855
baseline_price_only,20,25.0,47,21,-0.00024626765737891865,-0.001802029854884495,-0.0029671469916500172,0.0027208793342710985,0.0011651171367655228,0.6223048790022309,0.1201077560937186,0.38095238095238093
baseline_price_only,20,25.0,48,21,-0.000943255245272595,-0.0025783557921205402,-0.0020879434920750652,0.0011446882468024702,-0.0004904123000454752,0.6540402187391783,0.01656794900536151,0.5238095238095238
baseline_price_only,20,25.0,49,21,0.0009733693280964611,-0.0006631561863786126,-0.0021462520871210165,0.003119621415217478,0.0014830959007424043,0.6546102057900295,0.052329262259657644,0.3333333333333333
baseline_price_only,20,25.0,50,21,0.0066983330033568034,0.004971165042272728,0.0036374142014117994,0.0030609188019450036,0.0013337508408609298,0.6908671844336294,0.01875493092594915,0.6190476190476191
baseline_price_only,20,25.0,51,21,-0.007233758555147346,-0.008661301742220207,-0.007639377194338988,0.00040561863919164054,-0.0010219245478812198,0.571017274829144,0.05713709860535408,0.38095238095238093
baseline_price_only,20,25.0,52,21,0.007322694638349901,0.005755753427397032,0.003231153362481197,0.004091541275868703,0.002524600064915834,0.6267764843811472,0.0820895595811874,0.6190476190476191
baseline_price_only,20,25.0,53,21,0.004484653658416566,0.0029606905702992776,0.0025330837605012846,0.001951569897915282,0.0004276068097979937,0.6095852352469151,0.050102512931596135,0.7142857142857143
baseline_price_only,20,25.0,54,21,-0.0009415785383448807,-0.0024024496434628113,-0.0022871934964378378,0.0013456149580929578,-0.00011525614702497429,0.584348442047173,0.029747830037290663,0.47619047619047616
baseline_price_only,20,25.0,55,21,0.0026309907637224565,0.0010094148935167395,0.0009568563563791383,0.0016741344073433178,5.255853713760115e-05,0.6486303480822867,0.055231827918735155,0.5714285714285714
baseline_price_only,20,25.0,56,21,0.0009918601815648432,-0.00047789859389707777,0.0006549583330752823,0.0003369018484895612,-0.0011328569269723602,0.5879035101847685,0.04727084726908847,0.5714285714285714
baseline_price_only,20,25.0,57,21,0.000385542848022621,-0.0011136562800219663,-0.00012223530069944093,0.0005077781487220619,-0.0009914209793225252,0.599679651217835,0.07267019045636615,0.38095238095238093
baseline_price_only,20,25.0,58,21,-0.0006758621578551255,-0.0022327756501797687,-0.0016981109955417054,0.0010222488376865802,-0.0005346646546380633,0.6227653969298572,0.05132154118796666,0.42857142857142855
baseline_price_only,20,25.0,59,21,0.003405135449501096,0.0017474185836313712,0.003463785158297863,-5.8649708796766926e-05,-0.0017163665746664912,0.6630867463478898,0.05593110705478366,0.38095238095238093
baseline_price_only,20,25.0,60,21,0.000846371992993553,-0.0005783389031892948,-0.0007827318260163719,0.0016291038190099248,0.00020439292282707698,0.569884358473139,0.06298702748767974,0.47619047619047616
baseline_price_only,20,25.0,61,21,0.002853499169530432,0.0013584680169181015,0.002896837654455842,-4.333848492540967e-05,-0.0015383696375377406,0.5980124610449322,-0.0158648221423403,0.7142857142857143
baseline_price_only,20,25.0,62,21,-0.014030264705026404,-0.015552765005844672,-0.012117818243784065,-0.0019124464612423422,-0.0034349467620606107,0.6090001203273075,-0.05559499016968714,0.38095238095238093
baseline_price_only,20,25.0,63,21,0.009613651353834058,0.008181178870611934,0.005819301870032935,0.0037943494838011253,0.002361877000578998,0.5729889932888506,0.056806971063290954,0.6190476190476191
baseline_price_only,20,25.0,64,21,0.01282201192060845,0.01104936655726146,0.0072907837427713075,0.005531228177837141,0.003758582814490153,0.7090581453387953,0.11485835592885558,0.7619047619047619
baseline_price_only,20,25.0,65,21,0.0037106614988057472,0.0020895251858788345,0.001318214640675903,0.002392446858129844,0.0007713105452029324,0.6484545251707649,0.061219557151770375,0.6666666666666666
baseline_price_only,20,25.0,66,21,0.0015946466125796792,9.16490182179101e-05,0.0009786929888283113,0.0006159536237513683,-0.0008870439706104011,0.6011990377447076,0.07926337176471993,0.7142857142857143
baseline_price_only,20,25.0,67,21,0.0008960477211116104,-0.0006310867597946728,0.00032130356279992,0.0005747441583116903,-0.0009523903225945926,0.6108537923625131,0.005218165174444327,0.5238095238095238
baseline_price_only,20,25.0,68,21,0.0051897063146321195,0.0034607482477758598,0.004706776245767743,0.00048293006886437624,-0.0012460279979918834,0.6915832267425038,0.009591310093800499,0.7142857142857143
baseline_price_only,20,25.0,69,21,0.004676947922356704,0.003118154244582867,0.0022582988805321023,0.0024186490418246017,0.0008598553640507661,0.6235174711095341,0.07779912419356418,0.5714285714285714
baseline_price_only,20,25.0,70,21,0.002684886399310064,0.0011182638298112212,0.0005636516200005992,0.002121234779309464,0.0005546122098106221,0.6266490277995368,0.06882996383694412,0.5238095238095238
baseline_price_only,20,25.0,71,21,0.0007646825046333276,-0.0008213755195321611,0.0012489540680309524,-0.0004842715633976246,-0.0020703295875631133,0.6344232096661953,0.006812428528026882,0.5714285714285714
baseline_price_only,20,25.0,72,21,0.0027818885789782635,0.0011606106676645361,0.002171937528327753,0.0006099510506505101,-0.0010113268606632175,0.648511164525491,0.010257031259251002,0.6190476190476191
baseline_price_only,20,25.0,73,21,0.000707471528019856,-0.000848760255037428,0.0004538266849976935,0.0002536448430221624,-0.0013025869400351217,0.6224927132229137,0.04457592079047691,0.47619047619047616
baseline_price_only,20,25.0,74,21,0.0023809878328982176,0.0006816939653525222,0.002704596080657841,-0.0003236082477596246,-0.00202290211530532,0.679717547018278,-0.014574219354600456,0.6190476190476191
baseline_price_only,20,25.0,75,21,1.5053075146537215e-05,-0.001560500325329985,-0.0008757035069422543,0.0008907565820887915,-0.0006847968183877303,0.6302213601906088,0.0447040269557975,0.42857142857142855
baseline_price_only,20,25.0,76,21,0.0005352534039726,-0.0010388496787688858,0.00029057502428398514,0.00024467837968861466,-0.0013294247030528705,0.629641233096594,0.049090336223740906,0.47619047619047616
baseline_price_only,20,25.0,77,21,-0.0034382151388839995,-0.004942622922473073,-0.003786422452507254,0.00034820731362325574,-0.0011562004699658185,0.6017631134356298,0.02708016686178105,0.38095238095238093
baseline_price_only,20,25.0,78,21,0.00641962466053928,0.004728722116246307,0.005166563222075539,0.001253061438463739,-0.0004378411058292322,0.6763610177171885,0.0458635003990909,0.6666666666666666
baseline_price_only,20,25.0,79,21,-0.005499180949947194,-0.007021345440576502,-0.004860824748259307,-0.0006383562016878887,-0.0021605206923171966,0.6088657962517232,-0.03271885617885746,0.2857142857142857
baseline_price_only,20,25.0,80,21,-8.620978604892829e-05,-0.0018592681870666298,0.0001334584260409274,-0.00021966821208985502,-0.001992726613107557,0.7092233604070807,-0.03363394672421294,0.5238095238095238
baseline_price_only,20,25.0,81,21,0.0027901736657396712,0.0011177221778974006,0.00256741376838518,0.00022275989735449098,-0.0014496915904877801,0.6689805951369084,0.048708942906443495,0.5714285714285714
baseline_price_only,20,25.0,82,21,-0.0020674396098011127,-0.0036310643113840503,-0.0024381706113873708,0.0003707310015862582,-0.0011928936999966795,0.6254498806331753,0.023593565962831773,0.42857142857142855
baseline_price_only,20,25.0,83,21,0.001861497170425707,0.00018749598123068775,0.0014355968002289841,0.0004259003701967227,-0.0012481008189982967,0.6696004756780078,0.014003668366492137,0.5238095238095238
baseline_price_only,20,25.0,84,21,-0.001363652524257954,-0.0030374806296694016,-0.0012432295328331934,-0.0001204229914247605,-0.0017942510968362083,0.6695312421645792,0.02998598600123869,0.38095238095238093
baseline_price_only,20,25.0,85,21,0.0002931224396413266,-0.0011916854080919917,-0.00037188861883118076,0.0006650110584725075,-0.0008197967892608108,0.5939231390933274,0.0181382182755855,0.42857142857142855
baseline_price_only,20,25.0,86,21,0.0026302028226662133,0.0009032893514896766,0.0017937701682161282,0.0008364326544500857,-0.0008904808167264514,0.6907653884706147,0.005238219241296289,0.6190476190476191
baseline_price_only,20,25.0,87,21,0.00325452694187583,0.0016456824987390252,0.002480534543422888,0.0007739923984529434,-0.0008348520446838628,0.6435377772547224,0.03834040657350328,0.5714285714285714
baseline_price_only,20,25.0,88,21,0.002813147196630163,0.0011982984207987099,0.0015776761796341989,0.0012354710169959642,-0.000379377758835489,0.6459395103325811,0.032977892122751776,0.6666666666666666
baseline_price_only,20,25.0,89,21,0.0021686494630310826,0.0005708039006430888,0.0018437978049112565,0.0003248516581198259,-0.001272993904268168,0.6391382249551976,0.016955645821668707,0.6666666666666666
baseline_price_only,20,25.0,90,21,-0.0003770490956111415,-0.001986126469547602,-0.001200241452374314,0.0008231923567631723,-0.0007858850171732883,0.6436309495745842,0.05218454709354062,0.38095238095238093
baseline_price_only,20,25.0,91,21,0.004636824342146675,0.00303927169722989,0.004185396498689209,0.00045142784345746567,-0.0011461248014593196,0.639021057966714,-0.021341500605449933,0.7142857142857143
baseline_price_only,20,25.0,92,21,0.0027515573421574456,0.0010816829959557344,0.0014013964946219982,0.0013501608475354474,-0.0003197134986662634,0.6679497384806843,0.022995962420228156,0.5714285714285714
baseline_price_only,20,25.0,93,21,0.0006993160385868607,-0.0009222436447298892,1.4035620939745594e-05,0.000685280417647115,-0.0009362792656696344,0.6486238733266998,0.0410886887653871,0.5238095238095238
baseline_price_only,20,25.0,94,21,0.001386861971814222,-0.00027019571767409413,0.0011209288645548778,0.0002659331072593441,-0.0013911245822289722,0.6628230757953263,0.015439008340399433,0.5714285714285714
baseline_price_only,20,25.0,95,21,0.0021162203972529946,0.00042294909100507435,0.0029420190040805824,-0.0008257986068275864,-0.002519069913075508,0.6773085224991687,0.012775415623854078,0.5714285714285714
baseline_price_only,20,35.0,0,21,0.010695326222184214,0.008160746360384377,0.008932853072422265,0.0017624731497619488,-0.0007721067120378889,0.7241656747999536,0.03870408863913136,0.9047619047619048
baseline_price_only,20,35.0,1,21,0.0012589830902718557,-0.0008601195694447344,0.0008029028110496708,0.0004560802792221857,-0.0016630223804944045,0.6054579027761685,0.08537097101020796,0.5238095238095238
baseline_price_only,20,35.0,2,21,-0.003929228242630074,-0.006006634198436535,-0.004074511077241401,0.00014528283461132693,-0.001932123121195133,0.5935445588018456,0.019998723992330724,0.38095238095238093
baseline_price_only,20,35.0,3,21,0.006813408832336941,0.004447758711570923,0.0037169589758910384,0.0030964498564459027,0.0007307997356798853,0.6759000345045763,0.08856383625014427,0.7142857142857143
baseline_price_only,20,35.0,4,21,0.0017945575897861967,-0.0006054761059580917,-0.00030393047583275715,0.0020984880656189538,-0.0003015456301253345,0.6857239130697966,0.057161463563138865,0.42857142857142855
baseline_price_only,20,35.0,5,21,0.0060988801918137586,0.0037355008664786437,0.004480737036203207,0.001618143155610551,-0.0007452361697245634,0.6752512358100328,0.01956922076473174,0.6190476190476191
baseline_price_only,20,35.0,6,21,0.0033543108195508748,0.0009956476344634574,0.002722394815317979,0.0006319160042328956,-0.0017267471808545206,0.6739037671678333,-0.03859862246039501,0.47619047619047616
baseline_price_only,20,35.0,7,21,0.001963946647404801,-0.00041223061036835376,0.001020567034723144,0.0009433796126816575,-0.0014327976450914976,0.6789077879351871,0.07596975747447389,0.5714285714285714
baseline_price_only,20,35.0,8,21,-0.002917238029078538,-0.005060615639423295,-0.004663991409692929,0.001746753380614391,-0.0003966242297303658,0.6123936029556445,0.07160393760924216,0.42857142857142855
baseline_price_only,20,35.0,9,21,-0.0005992685451061449,-0.002853746881088891,-0.0005198065564147652,-7.946198869137929e-05,-0.002333940324674125,0.6441366674236415,0.04813573419860017,0.42857142857142855
baseline_price_only,20,35.0,10,21,0.0004122951311589508,-0.0019302611017470521,-0.0018190276205637447,0.002231322751722696,-0.00011123348118330713,0.6693017808302866,0.09143602888592935,0.38095238095238093
baseline_price_only,20,35.0,11,21,0.0015322453233576848,-0.0009168469367750561,0.0006997281919094859,0.0008325171314481993,-0.0016165751286845418,0.6997406457522118,0.08566005411324361,0.42857142857142855
baseline_price_only,20,35.0,12,21,0.008269891818753362,0.00620474957692206,0.003384075897207638,0.004885815921545724,0.0028206736797144233,0.5900406405232287,0.08655700901471587,0.7142857142857143
baseline_price_only,20,35.0,13,21,0.004967325626016555,0.002749675951781341,0.003172429641978799,0.0017948959840377564,-0.0004227536901974582,0.6336141926386327,0.008658438474283173,0.7142857142857143
baseline_price_only,20,35.0,14,21,0.004321673552850204,0.0020813193455235073,0.002431370801829119,0.0018903027510210845,-0.000350051456305612,0.6401012020933416,0.04609935252612163,0.47619047619047616
baseline_price_only,20,35.0,15,21,-0.0017966498209445016,-0.0039395646249734,-0.003549132683169119,0.0017524828622246167,-0.00039043194180428067,0.6122613725796849,0.08825547959947365,0.47619047619047616
baseline_price_only,20,35.0,16,21,0.004525684731237473,0.0021995573468698818,0.003326387730710409,0.0011992970005270643,-0.001126830383840527,0.6646078241050261,0.026263621283990367,0.6666666666666666
baseline_price_only,20,35.0,17,21,0.004055658576413116,0.00157812789530782,0.0008605811477029214,0.003195077428710193,0.0007175467476048982,0.7078659088872271,0.030061966168605278,0.47619047619047616
baseline_price_only,20,35.0,18,21,0.002947480528265008,0.0006028388756757721,0.001961584923945794,0.0009858956043192128,-0.0013587460482700235,0.6698976150254962,0.027929681591809034,0.47619047619047616
baseline_price_only,20,35.0,19,21,-0.0013880599347081022,-0.003590360872207663,-0.0027430326738841163,0.0013549727391760139,-0.0008473281983235476,0.629228839285589,0.11681750379801456,0.42857142857142855
baseline_price_only,20,35.0,20,21,-2.8455287020835323e-05,-0.00221304597613469,-7.291388491234595e-05,4.445859789151076e-05,-0.0021401320912223442,0.6241687683182443,-0.0067878370327014315,0.42857142857142855
baseline_price_only,20,35.0,21,21,0.005148685303329633,0.002919879378202654,0.0038659122700270606,0.0012827730333025739,-0.0009460328918244061,0.6368016928934228,0.058769081464742405,0.6190476190476191
baseline_price_only,20,35.0,22,21,0.0004611264434769373,-0.0018476825684811318,-0.00034692225578738595,0.0008080486992643239,-0.001500760312693745,0.6596597177023054,0.02150214092618241,0.38095238095238093
baseline_price_only,20,35.0,23,21,0.003823644142886629,0.0016535342813955665,0.001121225839954078,0.00270241830293255,0.0005323084414414885,0.6200313889974461,0.08253992384171274,0.6666666666666666
baseline_price_only,20,35.0,24,21,0.001266301393522411,-0.0010006314263159043,-0.00012366929220402654,0.0013899706857264371,-0.0008769621341118779,0.6476950913823757,0.034413657785606906,0.5238095238095238
baseline_price_only,20,35.0,25,21,0.0033632112420109088,0.001216001569623386,0.0002819488754181428,0.003081262366592765,0.0009340526942052431,0.6134884778250063,0.0640688377939891,0.5714285714285714
baseline_price_only,20,35.0,26,21,0.002425052656318756,0.00018279337037979817,0.001983973172972048,0.0004410794833467086,-0.0018011798025922491,0.6406455102682738,0.03582951161712522,0.5714285714285714
baseline_price_only,20,35.0,27,21,-0.0028525892165330393,-0.004956998455497751,-0.005226323188341125,0.002373733971808086,0.00026932473284337413,0.6012597825613464,0.04394912311421738,0.5238095238095238
baseline_price_only,20,35.0,28,21,0.007280515324632551,0.004879154546790275,0.004091996640013393,0.003188518684619158,0.0007871579067768817,0.6861030793835073,0.06583041186937603,0.6190476190476191
baseline_price_only,20,35.0,29,21,-0.0008425363166633159,-0.0031181591638427364,-0.00018081318580988033,-0.0006617231308534359,-0.0029373459780328553,0.6501779563369772,-0.01043738707963499,0.5714285714285714
baseline_price_only,20,35.0,30,21,0.0017460699487383009,-0.0005732252353489356,-0.0005373417532337936,0.0022834117019720945,-3.5883482115141905e-05,0.6626557668820674,0.051500777813445274,0.5238095238095238
baseline_price_only,20,35.0,31,21,-0.0009798091171688088,-0.003265810889890839,-0.002941191615559908,0.0019613824983910986,-0.0003246192743309318,0.653143363634866,0.06661601186178663,0.47619047619047616
baseline_price_only,20,35.0,32,21,0.005383841638032917,0.0032328452538607135,0.0038151597773347467,0.0015686818606981715,-0.0005823145234740329,0.6145703954777726,0.05053974342321042,0.6190476190476191
baseline_price_only,20,35.0,33,21,0.0012791392374023477,-0.000698090110768172,0.0009624113452737141,0.0003167278921286336,-0.0016605014560418865,0.5649226709058627,0.07822307092950224,0.42857142857142855
baseline_price_only,20,35.0,34,21,0.004791613598095753,0.0025643648089363406,0.0033288908137654237,0.0014627227843303306,-0.0007645260048290825,0.6363567969026893,0.027935320875710087,0.6666666666666666
baseline_price_only,20,35.0,35,21,0.0032168327908133946,0.001154483523729787,0.0020555603487393583,0.001161272442074036,-0.0009010768250095712,0.5892426477381736,0.051526067768105546,0.5714285714285714
baseline_price_only,20,35.0,36,21,0.00037858074489442457,-0.001914380801679685,5.930056756288299e-06,0.0003726506881381359,-0.0019203108584359726,0.6551318704497453,0.0392203322943565,0.42857142857142855
baseline_price_only,20,35.0,37,21,0.004273681459754714,0.0021523346475263885,0.0015394806418399286,0.0027342008179147845,0.0006128540056864596,0.6060990892080929,0.09895105471994868,0.5714285714285714
baseline_price_only,20,35.0,38,21,0.006000589157668021,0.0036479629943372343,0.0047276065416109484,0.0012729826160570712,-0.0010796435472737143,0.6721789038087959,0.04900666738829767,0.6666666666666666
baseline_price_only,20,35.0,39,21,0.0036332319125517406,0.001612927168872155,0.002217575099835167,0.0014156568127165728,-0.0006046479309630122,0.5772299267655956,0.06735829268409893,0.6190476190476191
baseline_price_only,20,35.0,40,21,0.0019203241557957597,-0.00010785032330417554,0.001631774066755353,0.000288550089040406,-0.001739624390059529,0.5794784225999814,0.03216854372424897,0.42857142857142855
baseline_price_only,20,35.0,41,21,0.0026580763498696117,0.00046303584310501385,0.0006575251687438164,0.002000551181125796,-0.0001944893256388028,0.6271544305041707,0.0693170281001201,0.47619047619047616
baseline_price_only,20,35.0,42,21,0.0032621217304070545,0.0009078748425271026,0.0012677781956104296,0.001994343534796625,-0.0003599033530833269,0.6726419679657005,0.07220695846492502,0.6666666666666666
baseline_price_only,20,35.0,43,21,0.00574122734155563,0.0034138487240344454,0.0034020106708218096,0.0023392166707338195,1.1838053212635545e-05,0.6649653192917668,0.05392087599095155,0.6666666666666666
baseline_price_only,20,35.0,44,21,0.0026261405081626364,0.0004077506777952705,0.002107030057191828,0.0005191104509708077,-0.0016992793793965577,0.6338256658192473,0.06863151446039174,0.5238095238095238
baseline_price_only,20,35.0,45,21,0.0031292434405456996,0.0008851521534977228,0.0015793289792690628,0.0015499144612766374,-0.0006941768257713399,0.6411689391565648,0.07885370309453495,0.7142857142857143
baseline_price_only,20,35.0,46,21,-0.0029016971953817723,-0.004920974328166285,-0.003721864379356755,0.0008201671839749822,-0.00119910994880953,0.5769363236527176,0.03257856405602192,0.42857142857142855
baseline_price_only,20,35.0,47,21,-0.00024626765737891865,-0.0024243347338867263,-0.0029671469916500172,0.0027208793342710985,0.0005428122577632916,0.6223048790022309,0.1201077560937186,0.38095238095238093
baseline_price_only,20,35.0,48,21,-0.000943255245272595,-0.0032323960108597196,-0.0020879434920750652,0.0011446882468024702,-0.0011444525187846535,0.6540402187391783,0.01656794900536151,0.47619047619047616
baseline_price_only,20,35.0,49,21,0.0009733693280964611,-0.0013177663921686417,-0.0021462520871210165,0.003119621415217478,0.000828485694952375,0.6546102057900295,0.052329262259657644,0.3333333333333333
baseline_price_only,20,35.0,50,21,0.0066983330033568034,0.0042802978578391,0.0036374142014117994,0.0030609188019450036,0.0006428836564273004,0.6908671844336294,0.01875493092594915,0.6190476190476191
baseline_price_only,20,35.0,51,21,-0.007233758555147346,-0.00923231901704935,-0.007639377194338988,0.00040561863919164054,-0.0015929418227103637,0.571017274829144,0.05713709860535408,0.38095238095238093
baseline_price_only,20,35.0,52,21,0.007322694638349901,0.0051289769430158845,0.003231153362481197,0.004091541275868703,0.0018978235805346873,0.6267764843811472,0.0820895595811874,0.5714285714285714
baseline_price_only,20,35.0,53,21,0.004484653658416566,0.002351105335052363,0.0025330837605012846,0.001951569897915282,-0.0001819784254489212,0.6095852352469151,0.050102512931596135,0.6666666666666666
baseline_price_only,20,35.0,54,21,-0.0009415785383448807,-0.002986798085509986,-0.0022871934964378378,0.0013456149580929578,-0.0006996045890721477,0.584348442047173,0.029747830037290663,0.47619047619047616
baseline_price_only,20,35.0,55,21,0.0026309907637224565,0.0003607845454344528,0.0009568563563791383,0.0016741344073433178,-0.0005960718109446856,0.6486303480822867,0.055231827918735155,0.5714285714285714
baseline_price_only,20,35.0,56,21,0.0009918601815648432,-0.0010658021040818462,0.0006549583330752823,0.0003369018484895612,-0.0017207604371571284,0.5879035101847685,0.04727084726908847,0.5714285714285714
baseline_price_only,20,35.0,57,21,0.000385542848022621,-0.0017133359312398013,-0.00012223530069944093,0.0005077781487220619,-0.00159110063054036,0.599679651217835,0.07267019045636615,0.38095238095238093
baseline_price_only,20,35.0,58,21,-0.0006758621578551255,-0.002855541047109626,-0.0016981109955417054,0.0010222488376865802,-0.0011574300515679206,0.6227653969298572,0.05132154118796666,0.42857142857142855
baseline_price_only,20,35.0,59,21,0.003405135449501096,0.0010843318372834821,0.003463785158297863,-5.8649708796766926e-05,-0.002379453321014381,0.6630867463478898,0.05593110705478366,0.38095238095238093
baseline_price_only,20,35.0,60,21,0.000846371992993553,-0.001148223261662434,-0.0007827318260163719,0.0016291038190099248,-0.00036549143564606215,0.569884358473139,0.06298702748767974,0.47619047619047616
baseline_price_only,20,35.0,61,21,0.002853499169530432,0.000760455555873169,0.002896837654455842,-4.333848492540967e-05,-0.0021363820985826724,0.5980124610449322,-0.0158648221423403,0.7142857142857143
baseline_price_only,20,35.0,62,21,-0.014030264705026404,-0.01616176512617198,-0.012117818243784065,-0.0019124464612423422,-0.004043946882387918,0.6090001203273075,-0.05559499016968714,0.23809523809523808
baseline_price_only,20,35.0,63,21,0.009613651353834058,0.007608189877323083,0.005819301870032935,0.0037943494838011253,0.001788888007290147,0.5729889932888506,0.056806971063290954,0.6190476190476191
baseline_price_only,20,35.0,64,21,0.01282201192060845,0.010340308411922669,0.0072907837427713075,0.005531228177837141,0.003049524669151358,0.7090581453387953,0.11485835592885558,0.7142857142857143
baseline_price_only,20,35.0,65,21,0.0037106614988057472,0.0014410706607080697,0.001318214640675903,0.002392446858129844,0.00012285602003216732,0.6484545251707649,0.061219557151770375,0.6190476190476191
baseline_price_only,20,35.0,66,21,0.0015946466125796792,-0.000509550019526798,0.0009786929888283113,0.0006159536237513683,-0.0014882430083551091,0.6011990377447076,0.07926337176471993,0.7142857142857143
baseline_price_only,20,35.0,67,21,0.0008960477211116104,-0.0012419405521571858,0.00032130356279992,0.0005747441583116903,-0.0015632441149571053,0.6108537923625131,0.005218165174444327,0.5238095238095238
baseline_price_only,20,35.0,68,21,0.0051897063146321195,0.0027691650210333553,0.004706776245767743,0.00048293006886437624,-0.0019376112247343872,0.6915832267425038,0.009591310093800499,0.7142857142857143
baseline_price_only,20,35.0,69,21,0.004676947922356704,0.002494636773473334,0.0022582988805321023,0.0024186490418246017,0.00023633789294123195,0.6235174711095341,0.07779912419356418,0.5238095238095238
baseline_price_only,20,35.0,70,21,0.002684886399310064,0.0004916148020116844,0.0005636516200005992,0.002121234779309464,-7.203681798891496e-05,0.6266490277995368,0.06882996383694412,0.5238095238095238
baseline_price_only,20,35.0,71,21,0.0007646825046333276,-0.0014557987291983563,0.0012489540680309524,-0.0004842715633976246,-0.0027047527972293085,0.6344232096661953,0.006812428528026882,0.5714285714285714
baseline_price_only,20,35.0,72,21,0.0027818885789782635,0.0005120995031390449,0.002171937528327753,0.0006099510506505101,-0.0016598380251887084,0.648511164525491,0.010257031259251002,0.5714285714285714
baseline_price_only,20,35.0,73,21,0.000707471528019856,-0.0014712529682603423,0.0004538266849976935,0.0002536448430221624,-0.0019250796532580352,0.6224927132229137,0.04457592079047691,0.47619047619047616
baseline_price_only,20,35.0,74,21,0.0023809878328982176,1.976418334244138e-06,0.002704596080657841,-0.0003236082477596246,-0.0027026196623235973,0.679717547018278,-0.014574219354600456,0.6190476190476191
baseline_price_only,20,35.0,75,21,1.5053075146537215e-05,-0.002190721685520594,-0.0008757035069422543,0.0008907565820887915,-0.0013150181785783394,0.6302213601906088,0.0447040269557975,0.38095238095238093
baseline_price_only,20,35.0,76,21,0.0005352534039726,-0.0016684909118654789,0.00029057502428398514,0.00024467837968861466,-0.0019590659361494642,0.629641233096594,0.049090336223740906,0.47619047619047616
baseline_price_only,20,35.0,77,21,-0.0034382151388839995,-0.005544386035908703,-0.003786422452507254,0.00034820731362325574,-0.0017579635834014484,0.6017631134356298,0.02708016686178105,0.38095238095238093
baseline_price_only,20,35.0,78,21,0.00641962466053928,0.00405236109852912,0.005166563222075539,0.001253061438463739,-0.0011142021235464208,0.6763610177171885,0.0458635003990909,0.6190476190476191
baseline_price_only,20,35.0,79,21,-0.005499180949947194,-0.007630211236828226,-0.004860824748259307,-0.0006383562016878887,-0.0027693864885689197,0.6088657962517232,-0.03271885617885746,0.2857142857142857
baseline_price_only,20,35.0,80,21,-8.620978604892829e-05,-0.0025684915474737096,0.0001334584260409274,-0.00021966821208985502,-0.002701949973514637,0.7092233604070807,-0.03363394672421294,0.47619047619047616
baseline_price_only,20,35.0,81,21,0.0027901736657396712,0.00044874158276049134,0.00256741376838518,0.00022275989735449098,-0.002118672185624689,0.6689805951369084,0.048708942906443495,0.5238095238095238
baseline_price_only,20,35.0,82,21,-0.0020674396098011127,-0.004256514192017226,-0.0024381706113873708,0.0003707310015862582,-0.001818343580629855,0.6254498806331753,0.023593565962831773,0.42857142857142855
baseline_price_only,20,35.0,83,21,0.001861497170425707,-0.00048210449444732045,0.0014355968002289841,0.0004259003701967227,-0.0019177012946763044,0.6696004756780078,0.014003668366492137,0.47619047619047616
baseline_price_only,20,35.0,84,21,-0.001363652524257954,-0.00370701187183398,-0.0012432295328331934,-0.0001204229914247605,-0.002463782339000787,0.6695312421645792,0.02998598600123869,0.38095238095238093
baseline_price_only,20,35.0,85,21,0.0002931224396413266,-0.001785608547185319,-0.00037188861883118076,0.0006650110584725075,-0.001413719928354138,0.5939231390933274,0.0181382182755855,0.38095238095238093
baseline_price_only,20,35.0,86,21,0.0026302028226662133,0.0002125239630190618,0.0017937701682161282,0.0008364326544500857,-0.001581246205197066,0.6907653884706147,0.005238219241296289,0.6190476190476191
baseline_price_only,20,35.0,87,21,0.00325452694187583,0.0010021447214843026,0.002480534543422888,0.0007739923984529434,-0.0014783898219385854,0.6435377772547224,0.03834040657350328,0.47619047619047616
baseline_price_only,20,35.0,88,21,0.002813147196630163,0.0005523589104661289,0.0015776761796341989,0.0012354710169959642,-0.00102531726916807,0.6459395103325811,0.032977892122751776,0.6666666666666666
baseline_price_only,20,35.0,89,21,0.0021686494630310826,-6.833432431210854e-05,0.0018437978049112565,0.0003248516581198259,-0.001912132129223365,0.6391382249551976,0.016955645821668707,0.5714285714285714
baseline_price_only,20,35.0,90,21,-0.0003770490956111415,-0.002629757419122187,-0.001200241452374314,0.0008231923567631723,-0.0014295159667478722,0.6436309495745842,0.05218454709354062,0.3333333333333333
baseline_price_only,20,35.0,91,21,0.004636824342146675,0.002400250639263176,0.004185396498689209,0.00045142784345746567,-0.0017851458594260335,0.639021057966714,-0.021341500605449933,0.7142857142857143
baseline_price_only,20,35.0,92,21,0.0027515573421574456,0.0004137332574750502,0.0014013964946219982,0.0013501608475354474,-0.0009876632371469479,0.6679497384806843,0.022995962420228156,0.5238095238095238
baseline_price_only,20,35.0,93,21,0.0006993160385868607,-0.001570867518056589,1.4035620939745594e-05,0.000685280417647115,-0.0015849031389963343,0.6486238733266998,0.0410886887653871,0.5238095238095238
baseline_price_only,20,35.0,94,21,0.001386861971814222,-0.0009330187934694202,0.0011209288645548778,0.0002659331072593441,-0.002053947658024298,0.6628230757953263,0.015439008340399433,0.5238095238095238
baseline_price_only,20,35.0,95,21,0.0021162203972529946,-0.0002543594314940953,0.0029420190040805824,-0.0008257986068275864,-0.003196378435574677,0.6773085224991687,0.012775415623854078,0.47619047619047616
treatment_price_plus_fno,10,10.0,0,21,0.011320036432855538,0.010542748534391742,0.009277856923568611,0.0020421795092869267,0.0012648916108231292,0.7772878984637973,0.027296003058067116,0.9047619047619048
treatment_price_plus_fno,10,10.0,1,21,0.0022947021121417534,0.0016601070088408023,0.0007047652811810727,0.0015899368309606817,0.0009553417276597297,0.6345951033009515,0.03331638826584297,0.47619047619047616
treatment_price_plus_fno,10,10.0,2,21,-0.006471732865298938,-0.007086993651283809,-0.004135988831637815,-0.0023357440336611228,-0.002951004819645995,0.6152607859848707,-0.01165005003081144,0.38095238095238093
treatment_price_plus_fno,10,10.0,3,21,0.008274476249227131,0.007589133022554277,0.0038627941886461145,0.004411682060581016,0.0037263388339081618,0.6853432266728552,0.10890311466168169,0.7619047619047619
treatment_price_plus_fno,10,10.0,4,21,0.002553219560073818,0.0018955166003607898,-0.00022305233028935872,0.0027762718903631763,0.0021185689306501476,0.6577029597130283,0.07930595321152774,0.6666666666666666
treatment_price_plus_fno,10,10.0,5,21,0.007130044115201338,0.0064482203824653694,0.004576520580655539,0.0025535235345458007,0.0018716998018098326,0.6818237327359677,0.001192069140538599,0.6190476190476191
treatment_price_plus_fno,10,10.0,6,21,0.002812851045429035,0.0022031129972327206,0.00284055771690352,-2.7706671474484754e-05,-0.0006374447196707993,0.6097380481963145,0.0004729278020765719,0.5714285714285714
treatment_price_plus_fno,10,10.0,7,21,-0.0002611460131433968,-0.0009332067582513753,0.0009600259777668702,-0.0012211719909102673,-0.0018932327360182456,0.6720607451079783,0.02103653662067652,0.5714285714285714
treatment_price_plus_fno,10,10.0,8,21,-0.0034729451877057223,-0.004158592214253814,-0.004700027479439395,0.0012270822917336724,0.0005414352651855808,0.6856470265480914,0.09250811409127763,0.38095238095238093
treatment_price_plus_fno,10,10.0,9,21,-0.0001819829015127185,-0.0007048703466455819,-0.0005610364067509755,0.0003790535052382558,-0.00014383393989460778,0.5228874451328633,0.04730677569360188,0.5238095238095238
treatment_price_plus_fno,10,10.0,10,21,0.0011676238414181656,0.0005196084584894238,-0.0019364631386847432,0.003104086980102911,0.002456071597174168,0.648015382928742,0.09833051814767148,0.5238095238095238
treatment_price_plus_fno,10,10.0,11,21,0.0026114083976175686,0.0019452751262132339,0.0007325534021177543,0.0018788549954998149,0.0012127217240954784,0.6661332714043369,0.0742592078855307,0.5238095238095238
treatment_price_plus_fno,10,10.0,12,21,0.01093604666371927,0.010331321156394648,0.0034592321155040096,0.007476814548215264,0.0068720890408906395,0.6047255073246246,0.08310450411597686,0.7142857142857143
treatment_price_plus_fno,10,10.0,13,21,0.005132057843064642,0.004494090274660341,0.0032185694539755166,0.0019134883890891256,0.001275520820684824,0.6379675684043011,0.0018081465872406455,0.7142857142857143
treatment_price_plus_fno,10,10.0,14,21,0.00224334759795577,0.0015820136342411788,0.0024669701879322797,-0.00022362258997650993,-0.0008849565536911008,0.661333963714591,0.00806759605563274,0.5238095238095238
treatment_price_plus_fno,10,10.0,15,21,-0.0038072572758432893,-0.0044934422241726816,-0.003581612492582397,-0.0002256447832608912,-0.000911829731590284,0.6861849483293931,0.054910144781797815,0.42857142857142855
treatment_price_plus_fno,10,10.0,16,21,0.004462269293501973,0.003751562817504213,0.0033286012565400696,0.0011336680369619042,0.00042296156096414283,0.7107064759977609,0.01575806917874989,0.7142857142857143
treatment_price_plus_fno,10,10.0,17,21,0.004582774951836949,0.003807316391680944,0.0008823733073963284,0.0037004016444406227,0.0029249430842846146,0.7754585601560063,-0.0007227308607509934,0.6190476190476191
treatment_price_plus_fno,10,10.0,18,21,0.003509966586601095,0.0027385226651617254,0.001972612212777594,0.0015373543738235013,0.000765910452384132,0.771443921439369,0.04713846724912362,0.5714285714285714
treatment_price_plus_fno,10,10.0,19,21,0.0003292102120359276,-0.0003092654527260536,-0.0027490789096731288,0.003078289121709056,0.002439813456947075,0.6384756647619818,0.12533448866928762,0.5238095238095238
treatment_price_plus_fno,10,10.0,20,21,0.001194803099705929,0.000502995017660132,-0.00018642344928759973,0.0013812265489935287,0.0006894184669477318,0.6918080820457975,0.018588544570283607,0.47619047619047616
treatment_price_plus_fno,10,10.0,21,21,0.008722308829681549,0.008112859330489471,0.0038477307540611275,0.004874578075620422,0.0042651285764283425,0.6094494991920798,0.08494869596130099,0.7142857142857143
treatment_price_plus_fno,10,10.0,22,21,0.003143164044896928,0.0024622733107469382,-0.0004887204514563791,0.0036318844963533084,0.002950993762203318,0.6808907341499898,0.05594257468736244,0.47619047619047616
treatment_price_plus_fno,10,10.0,23,21,0.00740059978785331,0.0067434434093283065,0.00102680804940149,0.00637379173845182,0.005716635359926818,0.6571563785250032,0.10376941370480447,0.6666666666666666
treatment_price_plus_fno,10,10.0,24,21,0.0015744803510360644,0.0009410402179317061,-0.00016738212682761928,0.0017418624778636834,0.0011084223447593257,0.6334401331043571,0.06347233623419075,0.5714285714285714
treatment_price_plus_fno,10,10.0,25,21,0.0032051240937905445,0.0025278902554329813,0.00021251725769717936,0.002992606836093366,0.0023153729977358015,0.6772338383575645,0.08992878144159111,0.5714285714285714
treatment_price_plus_fno,10,10.0,26,21,0.0059270987244902954,0.005288428593827209,0.0019525501506506612,0.003974548573839634,0.003335878443176548,0.6386701306630863,0.059847542322121174,0.6666666666666666
treatment_price_plus_fno,10,10.0,27,21,-0.0032428547577042018,-0.003906436251586097,-0.005283604678942436,0.0020407499212382334,0.0013771684273563391,0.6635814938818938,0.03421663757605847,0.47619047619047616
treatment_price_plus_fno,10,10.0,28,21,0.008116071329989224,0.0074362084997549385,0.0040821891042611145,0.004033882225728112,0.0033540193954938245,0.6798628302342874,0.06866993967556742,0.6666666666666666
treatment_price_plus_fno,10,10.0,29,21,-0.0005722069877642565,-0.0012549063231091875,-0.0001814580127611842,-0.00039074897500307194,-0.001073448310348003,0.6826993353449309,-0.02272713926746603,0.5714285714285714
treatment_price_plus_fno,10,10.0,30,21,0.000459286838605135,-0.00022747295811890552,-0.0005336028089270499,0.000992889647532185,0.00030612985080814516,0.6867597967240401,0.05448884694887887,0.5238095238095238
treatment_price_plus_fno,10,10.0,31,21,-0.001331082223751461,-0.0020287748572126916,-0.0029076599554051378,0.0015765777316536752,0.0008788850981924444,0.6976926334612307,0.0938569312005914,0.42857142857142855
treatment_price_plus_fno,10,10.0,32,21,0.006976116306708206,0.006233161801165894,0.0038269063333961234,0.003149209973312083,0.0024062554677697708,0.7429545055423128,0.0678180320992416,0.6666666666666666
treatment_price_plus_fno,10,10.0,33,21,0.001745856389281011,0.0010079373131333554,0.0009477284839608934,0.0007981279053201175,6.020882917246222e-05,0.7379190761476554,0.07107310665850278,0.42857142857142855
treatment_price_plus_fno,10,10.0,34,21,0.005786548415358493,0.005095388235550773,0.0033583724431974983,0.0024281759721609944,0.0017370157923532747,0.6911601798077197,-0.013761699025077933,0.6666666666666666
treatment_price_plus_fno,10,10.0,35,21,0.004791939221189213,0.004109587039368031,0.002075929491047882,0.0027160097301413325,0.00203365754832015,0.6823521818211828,0.05165294488719811,0.7619047619047619
treatment_price_plus_fno,10,10.0,36,21,0.002767392278386064,0.0020719707089128943,-2.0548687242799155e-05,0.002787940965628863,0.0020925193961556935,0.6954215694731692,0.04799752593868093,0.5714285714285714
treatment_price_plus_fno,10,10.0,37,21,0.005951161009637127,0.005288326374209905,0.0014989751874852758,0.004452185822151853,0.003789351186724628,0.6628346354272241,0.1203042521255309,0.6190476190476191
treatment_price_plus_fno,10,10.0,38,21,0.0042715788958163844,0.003523350733346034,0.0047425078768981695,-0.0004709289810817858,-0.001219157143552135,0.7482281624703491,0.02716804846646007,0.5714285714285714
treatment_price_plus_fno,10,10.0,39,21,0.0037743996832400074,0.0031447543981415185,0.0022243504234463053,0.0015500492597937028,0.0009204039746952131,0.6296452850984895,0.04916736624452586,0.7142857142857143
treatment_price_plus_fno,10,10.0,40,21,0.001690608486292449,0.0010083655168107535,0.0016368398500060369,5.376863628641204e-05,-0.0006284743331952834,0.682242969481695,0.0007721359100497375,0.5714285714285714
treatment_price_plus_fno,10,10.0,41,21,0.002795512058859379,0.0021328896657693587,0.000643432387471487,0.002152079671387892,0.0014894572782978717,0.662622393090021,0.054829146108328036,0.42857142857142855
treatment_price_plus_fno,10,10.0,42,21,0.0013942234639421184,0.0006504749352232638,0.0013016957384125454,9.25277255295723e-05,-0.0006512208031892824,0.7437485287188548,0.028457042769126282,0.5238095238095238
treatment_price_plus_fno,10,10.0,43,21,0.007992098171573907,0.007210581206416842,0.003408693534472406,0.004583404637101504,0.003801887671944438,0.7815169651570664,0.06925109289176512,0.7619047619047619
treatment_price_plus_fno,10,10.0,44,21,0.004397211762989756,0.003667564333987778,0.0021216179360499876,0.002275593826939769,0.0015459463979377894,0.7296474290019797,0.043403603331887856,0.5238095238095238
treatment_price_plus_fno,10,10.0,45,21,0.002953657107937237,0.002286201123565984,0.0015437821655187953,0.0014098749424184417,0.0007424189580471886,0.6674559843712531,0.051340051345526834,0.6666666666666666
treatment_price_plus_fno,10,10.0,46,21,-0.003365879142420468,-0.004024207259757394,-0.003715407087723579,0.00034952794530311294,-0.00030880017203381316,0.6583281173369255,0.04614748759050045,0.38095238095238093
treatment_price_plus_fno,10,10.0,47,21,-0.00029860243222903075,-0.0010285462349508318,-0.003008503361890378,0.0027099009296613456,0.0019799571269395453,0.729943802721801,0.08655801413355647,0.42857142857142855
treatment_price_plus_fno,10,10.0,48,21,-0.004878735073749402,-0.005647843800643073,-0.0021038314018803563,-0.0027749036718690456,-0.0035440123987627178,0.7691087268936718,0.0215305665752671,0.38095238095238093
treatment_price_plus_fno,10,10.0,49,21,0.0008043374387039655,9.53929030221508e-05,-0.002168048399539465,0.0029723858382434305,0.0022634413025616157,0.7089445356818146,0.07897984635436277,0.38095238095238093
treatment_price_plus_fno,10,10.0,50,21,0.005498722415407574,0.004785101829655909,0.00363294418167653,0.0018657782337310443,0.0011521576479793787,0.7136205857516651,0.05025942214504125,0.5714285714285714
treatment_price_plus_fno,10,10.0,51,21,-0.007135716495052712,-0.007827524197559626,-0.007644191456537368,0.0005084749614846551,-0.00018333274102225744,0.6918077025069126,0.08311874849857086,0.2857142857142857
treatment_price_plus_fno,10,10.0,52,21,0.009788895927750677,0.009154702802494672,0.0032612243779234335,0.006527671549827242,0.005893478424571237,0.6341931252560058,0.08890750883437305,0.6190476190476191
treatment_price_plus_fno,10,10.0,53,21,0.00569960707058039,0.005033137067918162,0.0025474920379080813,0.003152115032672309,0.0024856450300100802,0.6664700026622288,0.037382223241251664,0.6666666666666666
treatment_price_plus_fno,10,10.0,54,21,-0.0009616613295193089,-0.0014976435343211246,-0.002266474135571088,0.001304812806051778,0.000768830601249963,0.5359822048018149,0.012407353998532019,0.5238095238095238
treatment_price_plus_fno,10,10.0,55,21,0.003630955275244094,0.00288918666389411,0.0009384048858027778,0.0026925503894413166,0.0019507817780913313,0.7417686113499846,0.04426272111109202,0.5714285714285714
treatment_price_plus_fno,10,10.0,56,21,0.0019738833635013597,0.0013404054576186017,0.000643416629293226,0.0013304667342081337,0.0006969888283253756,0.633477905882759,0.07309602510251541,0.5714285714285714
treatment_price_plus_fno,10,10.0,57,21,0.00015296484585432967,-0.000439585868504442,-0.00014433265728983722,0.0002972975031441664,-0.0002952532112146044,0.5925507143587709,0.09432559010460516,0.42857142857142855
treatment_price_plus_fno,10,10.0,58,21,-0.0004443369155825628,-0.0010634711204917289,-0.001683031934572472,0.0012386950189899092,0.0006195608140807434,0.6191342049091662,0.06627708914822367,0.2857142857142857
treatment_price_plus_fno,10,10.0,59,21,0.0025711260434564233,0.001826575553774831,0.003477984409131015,-0.0009068583656745913,-0.0016514088553561824,0.7445504896815922,0.029734448057435,0.42857142857142855
treatment_price_plus_fno,10,10.0,60,21,0.003244967249372776,0.0025488858741706936,-0.0007571603444698012,0.004002127593842578,0.003306046218640494,0.6960813752020828,0.09449585462212583,0.47619047619047616
treatment_price_plus_fno,10,10.0,61,21,0.003703364061094962,0.002998881314277723,0.0028981924873527514,0.0008051715737422098,0.00010068882692497248,0.7044827468172373,-0.04608043396297929,0.6666666666666666
treatment_price_plus_fno,10,10.0,62,21,-0.015051425787509792,-0.015738588721458006,-0.012103976758894417,-0.002947449028615376,-0.0036346119625635855,0.6871629339482099,-0.04160663194743095,0.42857142857142855
treatment_price_plus_fno,10,10.0,63,21,0.014107175853844542,0.013489918499400618,0.0057996746353013145,0.008307501218543227,0.007690243864099304,0.6172573544439229,0.05939637133237196,0.6666666666666666
treatment_price_plus_fno,10,10.0,64,21,0.015089678780176244,0.014428574125030826,0.00729891807163654,0.007790760708539705,0.007129656053394284,0.6611046551454203,0.1186041355007776,0.7142857142857143
treatment_price_plus_fno,10,10.0,65,21,0.005567320666989742,0.004919738806919492,0.001316493206478214,0.004250827460511529,0.0036032456004412784,0.6475818600702504,0.07613288572639822,0.5714285714285714
treatment_price_plus_fno,10,10.0,66,21,0.0028396274447254743,0.002268164505519599,0.0009941077526109858,0.0018455196921144893,0.001274056752908613,0.5714629392058762,0.09367610189827871,0.6666666666666666
treatment_price_plus_fno,10,10.0,67,21,-0.00029600680536512943,-0.0009344479056140676,0.00031087986938691306,-0.0006068866747520426,-0.0012453277750009803,0.6384411002489376,0.00913853805500342,0.5714285714285714
treatment_price_plus_fno,10,10.0,68,21,0.0063300328235159934,0.005634646580936624,0.004731639976919423,0.0015983928465965723,0.0009030066040172022,0.6953862425793704,0.021453088897590497,0.6190476190476191
treatment_price_plus_fno,10,10.0,69,21,0.004446629187900862,0.003759933524957994,0.002289652275044883,0.0021569769128559797,0.0014702812499131105,0.6866956629428687,0.05233101550267228,0.38095238095238093
treatment_price_plus_fno,10,10.0,70,21,0.005002072662439659,0.004376999362770795,0.0005562110372507807,0.00444586162518888,0.003820788325520014,0.6250732996688656,0.1014979786961223,0.6666666666666666
treatment_price_plus_fno,10,10.0,71,21,0.0017340837546542475,0.0010670939874927096,0.0012386285144815991,0.0004954552401726482,-0.00017153452698888958,0.6669897671615376,0.026514673790279896,0.5238095238095238
treatment_price_plus_fno,10,10.0,72,21,0.004305622836476986,0.0036757120806205296,0.00217990280039629,0.002125720036080695,0.00149580928022424,0.6299107558564551,0.03422824466101336,0.7142857142857143
treatment_price_plus_fno,10,10.0,73,21,6.82385406814623e-05,-0.0005994329706732496,0.00039994215115999015,-0.0003317036104785279,-0.0009993751218332397,0.6676715113547117,0.06972629032612145,0.47619047619047616
treatment_price_plus_fno,10,10.0,74,21,0.004108490374663416,0.0034123548772901193,0.0027109024086391037,0.0013975879660243125,0.0007014524686510149,0.6961354973732978,0.003601743501640477,0.6190476190476191
treatment_price_plus_fno,10,10.0,75,21,-0.00112276339662151,-0.0018007096371144527,-0.0008616884146461018,-0.00026107498197540824,-0.0009390212224683513,0.6779462404929432,0.04644185668760564,0.5238095238095238
treatment_price_plus_fno,10,10.0,76,21,-0.0005772344796884013,-0.001292483805816483,0.00029057502428398514,-0.0008678095039723868,-0.0015830588301004689,0.7152493261280819,0.030441960160018558,0.5238095238095238
treatment_price_plus_fno,10,10.0,77,21,-0.002124813406533414,-0.0027977718491208324,-0.00378120562732921,0.0016563922207957968,0.000983433778208378,0.6729584425874187,0.047070970778380065,0.38095238095238093
treatment_price_plus_fno,10,10.0,78,21,0.00649967064823083,0.00578989441041986,0.005166563222075539,0.001333107426155289,0.0006233311883443198,0.7097762378109691,0.02904727523071252,0.6190476190476191
treatment_price_plus_fno,10,10.0,79,21,-0.006058587178180893,-0.0067731662637703265,-0.004860824748259307,-0.0011977624299215855,-0.0019123415155110225,0.714579085589436,-0.0054684863895034744,0.38095238095238093
treatment_price_plus_fno,10,10.0,80,21,0.0007609877518372924,8.690580768969477e-06,0.00013226671334733782,0.0006287210384899539,-0.00012357613257836785,0.7522971710683221,-0.0027523732586852336,0.6190476190476191
treatment_price_plus_fno,10,10.0,81,21,0.002586911114287781,0.0019104781530910734,0.00256741376838518,1.9497345902602005e-05,-0.0006569356152941068,0.6764329611967087,0.04455185963852867,0.6190476190476191
treatment_price_plus_fno,10,10.0,82,21,-0.0017908915520313557,-0.0025015792305860375,-0.0024381706113873708,0.0006472790593560153,-6.340861919866666e-05,0.7106876785546812,0.01609958416986398,0.47619047619047616
treatment_price_plus_fno,10,10.0,83,21,-0.00010464166579948174,-0.0008429764962489248,0.0014355968002289841,-0.0015402384660284658,-0.0022785732964779094,0.7383348304494431,-0.017615861166497764,0.42857142857142855
treatment_price_plus_fno,10,10.0,84,21,-0.0007574260505672516,-0.0014860842364367766,-0.0012432295328331934,0.00048580348226594174,-0.00024285470360358385,0.7286581858695256,-0.0072185247622845615,0.47619047619047616
treatment_price_plus_fno,10,10.0,85,21,0.0006789489305741312,-1.6064580963925026e-05,-0.00037188861883118076,0.0010508375494053125,0.00035582403786725575,0.6950135115380567,0.033281539567921604,0.47619047619047616
treatment_price_plus_fno,10,10.0,86,21,0.0028131259290655923,0.002074459808491599,0.0017937701682161282,0.0010193557608494633,0.0002806896402754714,0.7386661205739917,0.006135314208957424,0.5238095238095238
treatment_price_plus_fno,10,10.0,87,21,0.00284985262422356,0.0021113032935515565,0.002480534543422888,0.0003693180808006726,-0.00036923124987133123,0.7385493306720039,0.03525534772502881,0.5714285714285714
treatment_price_plus_fno,10,10.0,88,21,0.002876328168799568,0.002142434864480824,0.0015776761796341989,0.00129865198916537,0.0005647586848466249,0.7338933043187448,0.049788610887517126,0.6190476190476191
treatment_price_plus_fno,10,10.0,89,21,0.005527297923632828,0.0048130926417036405,0.0018437978049112565,0.0036835001187215705,0.0029692948367923836,0.7142052819291873,0.06685268168632698,0.6666666666666666
treatment_price_plus_fno,10,10.0,90,21,0.0016030720235563438,0.0009405134384125362,-0.001200241452374314,0.0028033134759306586,0.0021407548907868505,0.6625585851438078,0.07052082255756027,0.47619047619047616
treatment_price_plus_fno,10,10.0,91,21,0.006320210587887776,0.005695637851731411,0.004185396498689209,0.002134814089198567,0.0015102413530422034,0.6245727361563637,0.021111852821059218,0.8095238095238095
treatment_price_plus_fno,10,10.0,92,21,0.007362980464224726,0.006748309967512747,0.0014013964946219982,0.005961583969602728,0.00534691347289075,0.6146704967119802,0.05068501388820041,0.7142857142857143
treatment_price_plus_fno,10,10.0,93,21,0.001993847492307491,0.0013121137552379338,1.4035620939745594e-05,0.001979811871367745,0.0012980781342981885,0.681733737069557,0.07556420508515077,0.47619047619047616
treatment_price_plus_fno,10,10.0,94,21,0.00027731086703738786,-0.00037008928743091076,0.0011209288645548778,-0.0008436179975174895,-0.0014910181519857883,0.6474001544682986,0.008855675054118937,0.42857142857142855
treatment_price_plus_fno,10,10.0,95,21,0.002323513618459528,0.001638048839450518,0.0029420190040805824,-0.0006185053856210546,-0.001303970164630064,0.6854647790090093,0.04638017787203189,0.5714285714285714
treatment_price_plus_fno,10,15.0,0,21,0.011320036432855538,0.010154104585159843,0.009277856923568611,0.0020421795092869267,0.0008762476615912305,0.7772878984637973,0.027296003058067116,0.9047619047619048
treatment_price_plus_fno,10,15.0,1,21,0.0022947021121417534,0.0013428094571903265,0.0007047652811810727,0.0015899368309606817,0.0006380441760092549,0.6345951033009515,0.03331638826584297,0.47619047619047616
treatment_price_plus_fno,10,15.0,2,21,-0.006471732865298938,-0.007394624044276243,-0.004135988831637815,-0.0023357440336611228,-0.003258635212638429,0.6152607859848707,-0.01165005003081144,0.38095238095238093
treatment_price_plus_fno,10,15.0,3,21,0.008274476249227131,0.007246461409217849,0.0038627941886461145,0.004411682060581016,0.003383667220571733,0.6853432266728552,0.10890311466168169,0.7142857142857143
treatment_price_plus_fno,10,15.0,4,21,0.002553219560073818,0.001566665120504275,-0.00022305233028935872,0.0027762718903631763,0.0017897174507936337,0.6577029597130283,0.07930595321152774,0.6190476190476191
treatment_price_plus_fno,10,15.0,5,21,0.007130044115201338,0.006107308516097388,0.004576520580655539,0.0025535235345458007,0.0015307879354418488,0.6818237327359677,0.001192069140538599,0.6190476190476191
treatment_price_plus_fno,10,15.0,6,21,0.002812851045429035,0.0018982439731345636,0.00284055771690352,-2.7706671474484754e-05,-0.0009423137437689566,0.6097380481963145,0.0004729278020765719,0.5714285714285714
treatment_price_plus_fno,10,15.0,7,21,-0.0002611460131433968,-0.001269237130805364,0.0009600259777668702,-0.0012211719909102673,-0.0022292631085722345,0.6720607451079783,0.02103653662067652,0.5714285714285714
treatment_price_plus_fno,10,15.0,8,21,-0.0034729451877057223,-0.004501415727527859,-0.004700027479439395,0.0012270822917336724,0.00019861175191153508,0.6856470265480914,0.09250811409127763,0.38095238095238093
treatment_price_plus_fno,10,15.0,9,21,-0.0001819829015127185,-0.0009663140692120137,-0.0005610364067509755,0.0003790535052382558,-0.0004052776624610396,0.5228874451328633,0.04730677569360188,0.5238095238095238
treatment_price_plus_fno,10,15.0,10,21,0.0011676238414181656,0.00019560076702505207,-0.0019364631386847432,0.003104086980102911,0.002132063905709797,0.648015382928742,0.09833051814767148,0.47619047619047616
treatment_price_plus_fno,10,15.0,11,21,0.0026114083976175686,0.0016122084905110649,0.0007325534021177543,0.0018788549954998149,0.00087965508839331,0.6661332714043369,0.0742592078855307,0.5238095238095238
treatment_price_plus_fno,10,15.0,12,21,0.01093604666371927,0.010028958402732336,0.0034592321155040096,0.007476814548215264,0.006569726287228328,0.6047255073246246,0.08310450411597686,0.7142857142857143
treatment_price_plus_fno,10,15.0,13,21,0.005132057843064642,0.00417510649045819,0.0032185694539755166,0.0019134883890891256,0.000956537036482673,0.6379675684043011,0.0018081465872406455,0.7142857142857143
treatment_price_plus_fno,10,15.0,14,21,0.00224334759795577,0.0012513466523838834,0.0024669701879322797,-0.00022362258997650993,-0.0012156235355483963,0.661333963714591,0.00806759605563274,0.5238095238095238
treatment_price_plus_fno,10,15.0,15,21,-0.0038072572758432893,-0.004836534698337378,-0.003581612492582397,-0.0002256447832608912,-0.0012549222057549807,0.6861849483293931,0.054910144781797815,0.42857142857142855
treatment_price_plus_fno,10,15.0,16,21,0.004462269293501973,0.003396209579505331,0.0033286012565400696,0.0011336680369619042,6.76083229652623e-05,0.7107064759977609,0.01575806917874989,0.6666666666666666
treatment_price_plus_fno,10,15.0,17,21,0.004582774951836949,0.0034195871116029404,0.0008823733073963284,0.0037004016444406227,0.0025372138042066123,0.7754585601560063,-0.0007227308607509934,0.6190476190476191
treatment_price_plus_fno,10,15.0,18,21,0.003509966586601095,0.0023528007044420424,0.001972612212777594,0.0015373543738235013,0.00038018849166444814,0.771443921439369,0.04713846724912362,0.5714285714285714
treatment_price_plus_fno,10,15.0,19,21,0.0003292102120359276,-0.0006285032851070448,-0.0027490789096731288,0.003078289121709056,0.0021205756245660824,0.6384756647619818,0.12533448866928762,0.5238095238095238
treatment_price_plus_fno,10,15.0,20,21,0.001194803099705929,0.00015709097663723333,-0.00018642344928759973,0.0013812265489935287,0.0003435144259248332,0.6918080820457975,0.018588544570283607,0.47619047619047616
treatment_price_plus_fno,10,15.0,21,21,0.008722308829681549,0.007808134580893432,0.0038477307540611275,0.004874578075620422,0.0039604038268323035,0.6094494991920798,0.08494869596130099,0.7142857142857143
treatment_price_plus_fno,10,15.0,22,21,0.003143164044896928,0.0021218279436719433,-0.0004887204514563791,0.0036318844963533084,0.0026105483951283223,0.6808907341499898,0.05594257468736244,0.47619047619047616
treatment_price_plus_fno,10,15.0,23,21,0.00740059978785331,0.0064148652200658055,0.00102680804940149,0.00637379173845182,0.005388057170664316,0.6571563785250032,0.10376941370480447,0.6666666666666666
treatment_price_plus_fno,10,15.0,24,21,0.0015744803510360644,0.0006243201513795291,-0.00016738212682761928,0.0017418624778636834,0.0007917022782071478,0.6334401331043571,0.06347233623419075,0.5714285714285714
treatment_price_plus_fno,10,15.0,25,21,0.0032051240937905445,0.0021892733362541984,0.00021251725769717936,0.002992606836093366,0.001976756078557019,0.6772338383575645,0.08992878144159111,0.5714285714285714
treatment_price_plus_fno,10,15.0,26,21,0.0059270987244902954,0.004969093528495665,0.0019525501506506612,0.003974548573839634,0.0030165433778450053,0.6386701306630863,0.059847542322121174,0.6666666666666666
treatment_price_plus_fno,10,15.0,27,21,-0.0032428547577042018,-0.0042382269985270435,-0.005283604678942436,0.0020407499212382334,0.0010453776804153921,0.6635814938818938,0.03421663757605847,0.47619047619047616
treatment_price_plus_fno,10,15.0,28,21,0.008116071329989224,0.007096277084637794,0.0040821891042611145,0.004033882225728112,0.0030140879803766812,0.6798628302342874,0.06866993967556742,0.6666666666666666
treatment_price_plus_fno,10,15.0,29,21,-0.0005722069877642565,-0.0015962559907816529,-0.0001814580127611842,-0.00039074897500307194,-0.0014147979780204688,0.6826993353449309,-0.02272713926746603,0.5238095238095238
treatment_price_plus_fno,10,15.0,30,21,0.000459286838605135,-0.0005708528564809249,-0.0005336028089270499,0.000992889647532185,-3.7250047553874694e-05,0.6867597967240401,0.05448884694887887,0.5238095238095238
treatment_price_plus_fno,10,15.0,31,21,-0.001331082223751461,-0.002377621173943308,-0.0029076599554051378,0.0015765777316536752,0.0005300387814618291,0.6976926334612307,0.0938569312005914,0.38095238095238093
treatment_price_plus_fno,10,15.0,32,21,0.006976116306708206,0.005861684548394737,0.0038269063333961234,0.003149209973312083,0.0020347782149986136,0.7429545055423128,0.0678180320992416,0.6666666666666666
treatment_price_plus_fno,10,15.0,33,21,0.001745856389281011,0.0006389777750595283,0.0009477284839608934,0.0007981279053201175,-0.00030875070890136545,0.7379190761476554,0.07107310665850278,0.42857142857142855
treatment_price_plus_fno,10,15.0,34,21,0.005786548415358493,0.004749808145646913,0.0033583724431974983,0.0024281759721609944,0.001391435702449415,0.6911601798077197,-0.013761699025077933,0.6666666666666666
treatment_price_plus_fno,10,15.0,35,21,0.004791939221189213,0.00376841094845744,0.002075929491047882,0.0027160097301413325,0.0016924814574095584,0.6823521818211828,0.05165294488719811,0.6666666666666666
treatment_price_plus_fno,10,15.0,36,21,0.002767392278386064,0.0017242599241763096,-2.0548687242799155e-05,0.002787940965628863,0.001744808611419109,0.6954215694731692,0.04799752593868093,0.5714285714285714
treatment_price_plus_fno,10,15.0,37,21,0.005951161009637127,0.004956909056496293,0.0014989751874852758,0.004452185822151853,0.003457933869011017,0.6628346354272241,0.1203042521255309,0.6190476190476191
treatment_price_plus_fno,10,15.0,38,21,0.0042715788958163844,0.00314923665211086,0.0047425078768981695,-0.0004709289810817858,-0.0015932712247873101,0.7482281624703491,0.02716804846646007,0.5714285714285714
treatment_price_plus_fno,10,15.0,39,21,0.0037743996832400074,0.0028299317555922736,0.0022243504234463053,0.0015500492597937028,0.0006055813321459682,0.6296452850984895,0.04916736624452586,0.7142857142857143
treatment_price_plus_fno,10,15.0,40,21,0.001690608486292449,0.0006672440320699061,0.0016368398500060369,5.376863628641204e-05,-0.0009695958179361307,0.682242969481695,0.0007721359100497375,0.5714285714285714
treatment_price_plus_fno,10,15.0,41,21,0.002795512058859379,0.0018015784692243476,0.000643432387471487,0.002152079671387892,0.0011581460817528609,0.662622393090021,0.054829146108328036,0.42857142857142855
treatment_price_plus_fno,10,15.0,42,21,0.0013942234639421184,0.0002786006708638361,0.0013016957384125454,9.25277255295723e-05,-0.0010230950675487094,0.7437485287188548,0.028457042769126282,0.5238095238095238
treatment_price_plus_fno,10,15.0,43,21,0.007992098171573907,0.00681982272383831,0.003408693534472406,0.004583404637101504,0.0034111291893659046,0.7815169651570664,0.06925109289176512,0.7619047619047619
treatment_price_plus_fno,10,15.0,44,21,0.004397211762989756,0.0033027406194867884,0.0021216179360499876,0.002275593826939769,0.0011811226834367995,0.7296474290019797,0.043403603331887856,0.5238095238095238
treatment_price_plus_fno,10,15.0,45,21,0.002953657107937237,0.001952473131380358,0.0015437821655187953,0.0014098749424184417,0.0004086909658615622,0.6674559843712531,0.051340051345526834,0.6666666666666666
treatment_price_plus_fno,10,15.0,46,21,-0.003365879142420468,-0.004353371318425856,-0.003715407087723579,0.00034952794530311294,-0.0006379642307022761,0.6583281173369255,0.04614748759050045,0.38095238095238093
treatment_price_plus_fno,10,15.0,47,21,-0.00029860243222903075,-0.0013935181363117324,-0.003008503361890378,0.0027099009296613456,0.0016149852255786458,0.729943802721801,0.08655801413355647,0.42857142857142855
treatment_price_plus_fno,10,15.0,48,21,-0.004878735073749402,-0.00603239816408991,-0.0021038314018803563,-0.0027749036718690456,-0.003928566762209553,0.7691087268936718,0.0215305665752671,0.38095238095238093
treatment_price_plus_fno,10,15.0,49,21,0.0008043374387039655,-0.00025907936481875675,-0.002168048399539465,0.0029723858382434305,0.0019089690347207089,0.7089445356818146,0.07897984635436277,0.38095238095238093
treatment_price_plus_fno,10,15.0,50,21,0.005498722415407574,0.004428291536780075,0.00363294418167653,0.0018657782337310443,0.0007953473551035458,0.7136205857516651,0.05025942214504125,0.5714285714285714
treatment_price_plus_fno,10,15.0,51,21,-0.007135716495052712,-0.008173428048813082,-0.007644191456537368,0.0005084749614846551,-0.0005292365922757129,0.6918077025069126,0.08311874849857086,0.2857142857142857
treatment_price_plus_fno,10,15.0,52,21,0.009788895927750677,0.00883760623986667,0.0032612243779234335,0.006527671549827242,0.005576381861943235,0.6341931252560058,0.08890750883437305,0.6190476190476191
treatment_price_plus_fno,10,15.0,53,21,0.00569960707058039,0.0046999020665870455,0.0025474920379080813,0.003152115032672309,0.0021524100286789646,0.6664700026622288,0.037382223241251664,0.6666666666666666
treatment_price_plus_fno,10,15.0,54,21,-0.0009616613295193089,-0.001765634636722032,-0.002266474135571088,0.001304812806051778,0.0005008394988490562,0.5359822048018149,0.012407353998532019,0.47619047619047616
treatment_price_plus_fno,10,15.0,55,21,0.003630955275244094,0.0025183023582191176,0.0009384048858027778,0.0026925503894413166,0.001579897472416339,0.7417686113499846,0.04426272111109202,0.5714285714285714
treatment_price_plus_fno,10,15.0,56,21,0.0019738833635013597,0.0010236665046772211,0.000643416629293226,0.0013304667342081337,0.00038024987538399596,0.633477905882759,0.07309602510251541,0.5714285714285714
treatment_price_plus_fno,10,15.0,57,21,0.00015296484585432967,-0.0007358612256838275,-0.00014433265728983722,0.0002972975031441664,-0.0005915285683939896,0.5925507143587709,0.09432559010460516,0.42857142857142855
treatment_price_plus_fno,10,15.0,58,21,-0.0004443369155825628,-0.001373038222946312,-0.001683031934572472,0.0012386950189899092,0.00030999371162616,0.6191342049091662,0.06627708914822367,0.2857142857142857
treatment_price_plus_fno,10,15.0,59,21,0.0025711260434564233,0.0014543003089340343,0.003477984409131015,-0.0009068583656745913,-0.0020236841001969796,0.7445504896815922,0.029734448057435,0.42857142857142855
treatment_price_plus_fno,10,15.0,60,21,0.003244967249372776,0.002200845186569652,-0.0007571603444698012,0.004002127593842578,0.002958005531039453,0.6960813752020828,0.09449585462212583,0.47619047619047616
treatment_price_plus_fno,10,15.0,61,21,0.003703364061094962,0.002646639940869105,0.0028981924873527514,0.0008051715737422098,-0.000251552546483646,0.7044827468172373,-0.04608043396297929,0.6190476190476191
treatment_price_plus_fno,10,15.0,62,21,-0.015051425787509792,-0.016082170188432107,-0.012103976758894417,-0.002947449028615376,-0.003978193429537691,0.6871629339482099,-0.04160663194743095,0.42857142857142855
treatment_price_plus_fno,10,15.0,63,21,0.014107175853844542,0.013181289822178657,0.0057996746353013145,0.008307501218543227,0.007381615186877343,0.6172573544439229,0.05939637133237196,0.6666666666666666
treatment_price_plus_fno,10,15.0,64,21,0.015089678780176244,0.014098021797458116,0.00729891807163654,0.007790760708539705,0.006799103725821575,0.6611046551454203,0.1186041355007776,0.7142857142857143
treatment_price_plus_fno,10,15.0,65,21,0.005567320666989742,0.004595947876884366,0.001316493206478214,0.004250827460511529,0.003279454670406153,0.6475818600702504,0.07613288572639822,0.5714285714285714
treatment_price_plus_fno,10,15.0,66,21,0.0028396274447254743,0.0019824330359166607,0.0009941077526109858,0.0018455196921144893,0.0009883252833056747,0.5714629392058762,0.09367610189827871,0.6666666666666666
treatment_price_plus_fno,10,15.0,67,21,-0.00029600680536512943,-0.0012536684557385362,0.00031087986938691306,-0.0006068866747520426,-0.0015645483251254487,0.6384411002489376,0.00913853805500342,0.5714285714285714
treatment_price_plus_fno,10,15.0,68,21,0.0063300328235159934,0.005286953459646939,0.004731639976919423,0.0015983928465965723,0.0005553134827275162,0.6953862425793704,0.021453088897590497,0.6190476190476191
treatment_price_plus_fno,10,15.0,69,21,0.004446629187900862,0.0034165856934865587,0.002289652275044883,0.0021569769128559797,0.0011269334184416764,0.6866956629428687,0.05233101550267228,0.38095238095238093
treatment_price_plus_fno,10,15.0,70,21,0.005002072662439659,0.004064462712936362,0.0005562110372507807,0.00444586162518888,0.003508251675685581,0.6250732996688656,0.1014979786961223,0.6666666666666666
treatment_price_plus_fno,10,15.0,71,21,0.0017340837546542475,0.000733599103911941,0.0012386285144815991,0.0004954552401726482,-0.0005050294105696584,0.6669897671615376,0.026514673790279896,0.47619047619047616
treatment_price_plus_fno,10,15.0,72,21,0.004305622836476986,0.0033607567026923022,0.00217990280039629,0.002125720036080695,0.0011808539022960121,0.6299107558564551,0.03422824466101336,0.6190476190476191
treatment_price_plus_fno,10,15.0,73,21,6.82385406814623e-05,-0.0009332687263506051,0.00039994215115999015,-0.0003317036104785279,-0.0013332108775105957,0.6676715113547117,0.06972629032612145,0.42857142857142855
treatment_price_plus_fno,10,15.0,74,21,0.004108490374663416,0.0030642871286034705,0.0027109024086391037,0.0013975879660243125,0.0003533847199643659,0.6961354973732978,0.003601743501640477,0.6190476190476191
treatment_price_plus_fno,10,15.0,75,21,-0.00112276339662151,-0.002139682757360925,-0.0008616884146461018,-0.00026107498197540824,-0.0012779943427148224,0.6779462404929432,0.04644185668760564,0.5238095238095238
treatment_price_plus_fno,10,15.0,76,21,-0.0005772344796884013,-0.001650108468880525,0.00029057502428398514,-0.0008678095039723868,-0.0019406834931645096,0.7152493261280819,0.030441960160018558,0.5238095238095238
treatment_price_plus_fno,10,15.0,77,21,-0.002124813406533414,-0.003134251070414541,-0.00378120562732921,0.0016563922207957968,0.0006469545569146688,0.6729584425874187,0.047070970778380065,0.38095238095238093
treatment_price_plus_fno,10,15.0,78,21,0.00649967064823083,0.005435006291514376,0.005166563222075539,0.001333107426155289,0.00026844306943883537,0.7097762378109691,0.02904727523071252,0.6190476190476191
treatment_price_plus_fno,10,15.0,79,21,-0.006058587178180893,-0.0071304558065650465,-0.004860824748259307,-0.0011977624299215855,-0.0022696310583057394,0.714579085589436,-0.0054684863895034744,0.38095238095238093
treatment_price_plus_fno,10,15.0,80,21,0.0007609877518372924,-0.00036745800476519093,0.00013226671334733782,0.0006287210384899539,-0.0004997247181125293,0.7522971710683221,-0.0027523732586852336,0.6190476190476191
treatment_price_plus_fno,10,15.0,81,21,0.002586911114287781,0.0015722616724927183,0.00256741376838518,1.9497345902602005e-05,-0.000995152095892461,0.6764329611967087,0.04455185963852867,0.6190476190476191
treatment_price_plus_fno,10,15.0,82,21,-0.0017908915520313557,-0.0028569230698633785,-0.0024381706113873708,0.0006472790593560153,-0.0004187524584760065,0.7106876785546812,0.01609958416986398,0.47619047619047616
treatment_price_plus_fno,10,15.0,83,21,-0.00010464166579948174,-0.0012121439114736467,0.0014355968002289841,-0.0015402384660284658,-0.0026477407117026304,0.7383348304494431,-0.017615861166497764,0.38095238095238093
treatment_price_plus_fno,10,15.0,84,21,-0.0007574260505672516,-0.0018504133293715402,-0.0012432295328331934,0.00048580348226594174,-0.0006071837965383462,0.7286581858695256,-0.0072185247622845615,0.42857142857142855
treatment_price_plus_fno,10,15.0,85,21,0.0006789489305741312,-0.00036357133673295373,-0.00037188861883118076,0.0010508375494053125,8.317282098227504e-06,0.6950135115380567,0.033281539567921604,0.47619047619047616
treatment_price_plus_fno,10,15.0,86,21,0.0028131259290655923,0.0017051267482046037,0.0017937701682161282,0.0010193557608494633,-8.864342001152451e-05,0.7386661205739917,0.006135314208957424,0.5238095238095238
treatment_price_plus_fno,10,15.0,87,21,0.00284985262422356,0.0017420286282155539,0.002480534543422888,0.0003693180808006726,-0.0007385059152073333,0.7385493306720039,0.03525534772502881,0.5714285714285714
treatment_price_plus_fno,10,15.0,88,21,0.002876328168799568,0.0017754882123214514,0.0015776761796341989,0.00129865198916537,0.0001978120326872525,0.7338933043187448,0.049788610887517126,0.5714285714285714
treatment_price_plus_fno,10,15.0,89,21,0.005527297923632828,0.004455990000739048,0.0018437978049112565,0.0036835001187215705,0.0026121921958277895,0.7142052819291873,0.06685268168632698,0.6190476190476191
treatment_price_plus_fno,10,15.0,90,21,0.0016030720235563438,0.0006092341458406324,-0.001200241452374314,0.0028033134759306586,0.0018094755982149466,0.6625585851438078,0.07052082255756027,0.47619047619047616
treatment_price_plus_fno,10,15.0,91,21,0.006320210587887776,0.005383351483653232,0.004185396498689209,0.002134814089198567,0.0011979549849640216,0.6245727361563637,0.021111852821059218,0.8095238095238095
treatment_price_plus_fno,10,15.0,92,21,0.007362980464224726,0.006440974719156757,0.0014013964946219982,0.005961583969602728,0.005039578224534759,0.6146704967119802,0.05068501388820041,0.7142857142857143
treatment_price_plus_fno,10,15.0,93,21,0.001993847492307491,0.0009712468867031551,1.4035620939745594e-05,0.001979811871367745,0.0009572112657634098,0.681733737069557,0.07556420508515077,0.47619047619047616
treatment_price_plus_fno,10,15.0,94,21,0.00027731086703738786,-0.0006937893646650598,0.0011209288645548778,-0.0008436179975174895,-0.0018147182292199376,0.6474001544682986,0.008855675054118937,0.42857142857142855
treatment_price_plus_fno,10,15.0,95,21,0.002323513618459528,0.0012953164499460124,0.0029420190040805824,-0.0006185053856210546,-0.0016467025541345688,0.6854647790090093,0.04638017787203189,0.5714285714285714
treatment_price_plus_fno,10,25.0,0,21,0.011320036432855538,0.009376816686696047,0.009277856923568611,0.0020421795092869267,9.895976312743312e-05,0.7772878984637973,0.027296003058067116,0.9047619047619048
treatment_price_plus_fno,10,25.0,1,21,0.0022947021121417534,0.000708214353889375,0.0007047652811810727,0.0015899368309606817,3.4490727083029484e-06,0.6345951033009515,0.03331638826584297,0.47619047619047616
treatment_price_plus_fno,10,25.0,2,21,-0.006471732865298938,-0.008009884830261113,-0.004135988831637815,-0.0023357440336611228,-0.0038738959986233,0.6152607859848707,-0.01165005003081144,0.38095238095238093
treatment_price_plus_fno,10,25.0,3,21,0.008274476249227131,0.006561118182544993,0.0038627941886461145,0.004411682060581016,0.002698323993898878,0.6853432266728552,0.10890311466168169,0.7142857142857143
treatment_price_plus_fno,10,25.0,4,21,0.002553219560073818,0.0009089621607912467,-0.00022305233028935872,0.0027762718903631763,0.001132014491080606,0.6577029597130283,0.07930595321152774,0.5714285714285714
treatment_price_plus_fno,10,25.0,5,21,0.007130044115201338,0.0054254847833614195,0.004576520580655539,0.0025535235345458007,0.0008489642027058812,0.6818237327359677,0.001192069140538599,0.6190476190476191
treatment_price_plus_fno,10,25.0,6,21,0.002812851045429035,0.0012885059249382487,0.00284055771690352,-2.7706671474484754e-05,-0.0015520517919652712,0.6097380481963145,0.0004729278020765719,0.5238095238095238
treatment_price_plus_fno,10,25.0,7,21,-0.0002611460131433968,-0.0019412978759133423,0.0009600259777668702,-0.0012211719909102673,-0.0029013238536802124,0.6720607451079783,0.02103653662067652,0.5714285714285714
treatment_price_plus_fno,10,25.0,8,21,-0.0034729451877057223,-0.00518706275407595,-0.004700027479439395,0.0012270822917336724,-0.0004870352746365562,0.6856470265480914,0.09250811409127763,0.38095238095238093
treatment_price_plus_fno,10,25.0,9,21,-0.0001819829015127185,-0.0014892015143448773,-0.0005610364067509755,0.0003790535052382558,-0.0009281651075939026,0.5228874451328633,0.04730677569360188,0.5238095238095238
treatment_price_plus_fno,10,25.0,10,21,0.0011676238414181656,-0.00045241461590368883,-0.0019364631386847432,0.003104086980102911,0.0014840485227810547,0.648015382928742,0.09833051814767148,0.47619047619047616
treatment_price_plus_fno,10,25.0,11,21,0.0026114083976175686,0.0009460752191067271,0.0007325534021177543,0.0018788549954998149,0.00021352181698897297,0.6661332714043369,0.0742592078855307,0.5238095238095238
treatment_price_plus_fno,10,25.0,12,21,0.01093604666371927,0.009424232895407711,0.0034592321155040096,0.007476814548215264,0.0059650007799037005,0.6047255073246246,0.08310450411597686,0.7142857142857143
treatment_price_plus_fno,10,25.0,13,21,0.005132057843064642,0.0035371389220538894,0.0032185694539755166,0.0019134883890891256,0.0003185694680783722,0.6379675684043011,0.0018081465872406455,0.6666666666666666
treatment_price_plus_fno,10,25.0,14,21,0.00224334759795577,0.0005900126886692921,0.0024669701879322797,-0.00022362258997650993,-0.0018769574992629874,0.661333963714591,0.00806759605563274,0.5238095238095238
treatment_price_plus_fno,10,25.0,15,21,-0.0038072572758432893,-0.005522719646666771,-0.003581612492582397,-0.0002256447832608912,-0.001941107154084374,0.6861849483293931,0.054910144781797815,0.42857142857142855
treatment_price_plus_fno,10,25.0,16,21,0.004462269293501973,0.0026855031035075715,0.0033286012565400696,0.0011336680369619042,-0.0006430981530324987,0.7107064759977609,0.01575806917874989,0.6190476190476191
treatment_price_plus_fno,10,25.0,17,21,0.004582774951836949,0.002644128551446934,0.0008823733073963284,0.0037004016444406227,0.0017617552440506055,0.7754585601560063,-0.0007227308607509934,0.5714285714285714
treatment_price_plus_fno,10,25.0,18,21,0.003509966586601095,0.0015813567830026726,0.001972612212777594,0.0015373543738235013,-0.0003912554297749209,0.771443921439369,0.04713846724912362,0.5714285714285714
treatment_price_plus_fno,10,25.0,19,21,0.0003292102120359276,-0.0012669789498690276,-0.0027490789096731288,0.003078289121709056,0.0014820999598041012,0.6384756647619818,0.12533448866928762,0.47619047619047616
treatment_price_plus_fno,10,25.0,20,21,0.001194803099705929,-0.0005347171054085643,-0.00018642344928759973,0.0013812265489935287,-0.00034829365612096415,0.6918080820457975,0.018588544570283607,0.42857142857142855
treatment_price_plus_fno,10,25.0,21,21,0.008722308829681549,0.00719868508170135,0.0038477307540611275,0.004874578075620422,0.0033509543276402246,0.6094494991920798,0.08494869596130099,0.6666666666666666
treatment_price_plus_fno,10,25.0,22,21,0.003143164044896928,0.0014409372095219542,-0.0004887204514563791,0.0036318844963533084,0.0019296576609783335,0.6808907341499898,0.05594257468736244,0.47619047619047616
treatment_price_plus_fno,10,25.0,23,21,0.00740059978785331,0.005757708841540803,0.00102680804940149,0.00637379173845182,0.004730900792139312,0.6571563785250032,0.10376941370480447,0.6666666666666666
treatment_price_plus_fno,10,25.0,24,21,0.0015744803510360644,-9.119981724828555e-06,-0.00016738212682761928,0.0017418624778636834,0.00015826214510279048,0.6334401331043571,0.06347233623419075,0.47619047619047616
treatment_price_plus_fno,10,25.0,25,21,0.0032051240937905445,0.0015120394978966334,0.00021251725769717936,0.002992606836093366,0.0012995222401994543,0.6772338383575645,0.08992878144159111,0.5714285714285714
treatment_price_plus_fno,10,25.0,26,21,0.0059270987244902954,0.004330423397832579,0.0019525501506506612,0.003974548573839634,0.002377873247181918,0.6386701306630863,0.059847542322121174,0.6666666666666666
treatment_price_plus_fno,10,25.0,27,21,-0.0032428547577042018,-0.004901808492408937,-0.005283604678942436,0.0020407499212382334,0.000381796186533498,0.6635814938818938,0.03421663757605847,0.47619047619047616
treatment_price_plus_fno,10,25.0,28,21,0.008116071329989224,0.006416414254403507,0.0040821891042611145,0.004033882225728112,0.002334225150142393,0.6798628302342874,0.06866993967556742,0.6190476190476191
treatment_price_plus_fno,10,25.0,29,21,-0.0005722069877642565,-0.002278955326126584,-0.0001814580127611842,-0.00039074897500307194,-0.0020974973133653994,0.6826993353449309,-0.02272713926746603,0.5238095238095238
treatment_price_plus_fno,10,25.0,30,21,0.000459286838605135,-0.0012576126532049645,-0.0005336028089270499,0.000992889647532185,-0.0007240098442779148,0.6867597967240401,0.05448884694887887,0.5238095238095238
treatment_price_plus_fno,10,25.0,31,21,-0.001331082223751461,-0.0030753138074045383,-0.0029076599554051378,0.0015765777316536752,-0.00016765385199940216,0.6976926334612307,0.0938569312005914,0.3333333333333333
treatment_price_plus_fno,10,25.0,32,21,0.006976116306708206,0.005118730042852426,0.0038269063333961234,0.003149209973312083,0.001291823709456301,0.7429545055423128,0.0678180320992416,0.6666666666666666
treatment_price_plus_fno,10,25.0,33,21,0.001745856389281011,-9.89413010881276e-05,0.0009477284839608934,0.0007981279053201175,-0.0010466697850490207,0.7379190761476554,0.07107310665850278,0.42857142857142855
treatment_price_plus_fno,10,25.0,34,21,0.005786548415358493,0.0040586479658391945,0.0033583724431974983,0.0024281759721609944,0.0007002755226416951,0.6911601798077197,-0.013761699025077933,0.5714285714285714
treatment_price_plus_fno,10,25.0,35,21,0.004791939221189213,0.0030860587666362562,0.002075929491047882,0.0027160097301413325,0.0010101292755883755,0.6823521818211828,0.05165294488719811,0.5714285714285714
treatment_price_plus_fno,10,25.0,36,21,0.002767392278386064,0.0010288383547031408,-2.0548687242799155e-05,0.002787940965628863,0.0010493870419459395,0.6954215694731692,0.04799752593868093,0.5714285714285714
treatment_price_plus_fno,10,25.0,37,21,0.005951161009637127,0.00429407442106907,0.0014989751874852758,0.004452185822151853,0.0027950992335837926,0.6628346354272241,0.1203042521255309,0.6190476190476191
treatment_price_plus_fno,10,25.0,38,21,0.0042715788958163844,0.002401008489640511,0.0047425078768981695,-0.0004709289810817858,-0.0023414993872576586,0.7482281624703491,0.02716804846646007,0.47619047619047616
treatment_price_plus_fno,10,25.0,39,21,0.0037743996832400074,0.002200286470493784,0.0022243504234463053,0.0015500492597937028,-2.406395295252122e-05,0.6296452850984895,0.04916736624452586,0.7142857142857143
treatment_price_plus_fno,10,25.0,40,21,0.001690608486292449,-1.4998937411789012e-05,0.0016368398500060369,5.376863628641204e-05,-0.0016518387874178257,0.682242969481695,0.0007721359100497375,0.5238095238095238
treatment_price_plus_fno,10,25.0,41,21,0.002795512058859379,0.0011389560761343271,0.000643432387471487,0.002152079671387892,0.0004955236886628395,0.662622393090021,0.054829146108328036,0.38095238095238093
treatment_price_plus_fno,10,25.0,42,21,0.0013942234639421184,-0.00046514785785501864,0.0013016957384125454,9.25277255295723e-05,-0.0017668435962675645,0.7437485287188548,0.028457042769126282,0.47619047619047616
treatment_price_plus_fno,10,25.0,43,21,0.007992098171573907,0.006038305758681244,0.003408693534472406,0.004583404637101504,0.0026296122242088376,0.7815169651570664,0.06925109289176512,0.7619047619047619
treatment_price_plus_fno,10,25.0,44,21,0.004397211762989756,0.002573093190484808,0.0021216179360499876,0.002275593826939769,0.0004514752544348199,0.7296474290019797,0.043403603331887856,0.47619047619047616
treatment_price_plus_fno,10,25.0,45,21,0.002953657107937237,0.0012850171470091048,0.0015437821655187953,0.0014098749424184417,-0.00025876501850969084,0.6674559843712531,0.051340051345526834,0.6666666666666666
treatment_price_plus_fno,10,25.0,46,21,-0.003365879142420468,-0.005011699435762781,-0.003715407087723579,0.00034952794530311294,-0.001296292348039201,0.6583281173369255,0.04614748759050045,0.38095238095238093
treatment_price_plus_fno,10,25.0,47,21,-0.00029860243222903075,-0.0021234619390335338,-0.003008503361890378,0.0027099009296613456,0.0008850414228568435,0.729943802721801,0.08655801413355647,0.42857142857142855
treatment_price_plus_fno,10,25.0,48,21,-0.004878735073749402,-0.006801506890983582,-0.0021038314018803563,-0.0027749036718690456,-0.004697675489103224,0.7691087268936718,0.0215305665752671,0.38095238095238093
treatment_price_plus_fno,10,25.0,49,21,0.0008043374387039655,-0.0009680239005005709,-0.002168048399539465,0.0029723858382434305,0.0012000244990388936,0.7089445356818146,0.07897984635436277,0.38095238095238093
treatment_price_plus_fno,10,25.0,50,21,0.005498722415407574,0.00371467095102841,0.00363294418167653,0.0018657782337310443,8.172676935188103e-05,0.7136205857516651,0.05025942214504125,0.5714285714285714
treatment_price_plus_fno,10,25.0,51,21,-0.007135716495052712,-0.008865235751319993,-0.007644191456537368,0.0005084749614846551,-0.001221044294782626,0.6918077025069126,0.08311874849857086,0.2857142857142857
treatment_price_plus_fno,10,25.0,52,21,0.009788895927750677,0.008203413114610663,0.0032612243779234335,0.006527671549827242,0.004942188736687229,0.6341931252560058,0.08890750883437305,0.6190476190476191
treatment_price_plus_fno,10,25.0,53,21,0.00569960707058039,0.004033432063924817,0.0025474920379080813,0.003152115032672309,0.0014859400260167366,0.6664700026622288,0.037382223241251664,0.6666666666666666
treatment_price_plus_fno,10,25.0,54,21,-0.0009616613295193089,-0.0023016168415238465,-0.002266474135571088,0.001304812806051778,-3.514270595275962e-05,0.5359822048018149,0.012407353998532019,0.42857142857142855
treatment_price_plus_fno,10,25.0,55,21,0.003630955275244094,0.0017765337468691328,0.0009384048858027778,0.0026925503894413166,0.0008381288610663543,0.7417686113499846,0.04426272111109202,0.5714285714285714
treatment_price_plus_fno,10,25.0,56,21,0.0019738833635013597,0.00039018859879446315,0.000643416629293226,0.0013304667342081337,-0.0002532280304987627,0.633477905882759,0.07309602510251541,0.5714285714285714
treatment_price_plus_fno,10,25.0,57,21,0.00015296484585432967,-0.0013284119400425963,-0.00014433265728983722,0.0002972975031441664,-0.0011840792827527593,0.5925507143587709,0.09432559010460516,0.42857142857142855
treatment_price_plus_fno,10,25.0,58,21,-0.0004443369155825628,-0.001992172427855477,-0.001683031934572472,0.0012386950189899092,-0.00030914049328300603,0.6191342049091662,0.06627708914822367,0.2857142857142857
treatment_price_plus_fno,10,25.0,59,21,0.0025711260434564233,0.000709749819252443,0.003477984409131015,-0.0009068583656745913,-0.002768234589878572,0.7445504896815922,0.029734448057435,0.42857142857142855
treatment_price_plus_fno,10,25.0,60,21,0.003244967249372776,0.0015047638113675685,-0.0007571603444698012,0.004002127593842578,0.0022619241558373697,0.6960813752020828,0.09449585462212583,0.42857142857142855
treatment_price_plus_fno,10,25.0,61,21,0.003703364061094962,0.0019421571940518678,0.0028981924873527514,0.0008051715737422098,-0.0009560352933008835,0.7044827468172373,-0.04608043396297929,0.6190476190476191
treatment_price_plus_fno,10,25.0,62,21,-0.015051425787509792,-0.01676933312238032,-0.012103976758894417,-0.002947449028615376,-0.0046653563634859,0.6871629339482099,-0.04160663194743095,0.38095238095238093
treatment_price_plus_fno,10,25.0,63,21,0.014107175853844542,0.012564032467734734,0.0057996746353013145,0.008307501218543227,0.006764357832433419,0.6172573544439229,0.05939637133237196,0.6666666666666666
treatment_price_plus_fno,10,25.0,64,21,0.015089678780176244,0.013436917142312694,0.00729891807163654,0.007790760708539705,0.006137999070676152,0.6611046551454203,0.1186041355007776,0.7142857142857143
treatment_price_plus_fno,10,25.0,65,21,0.005567320666989742,0.003948366016814117,0.001316493206478214,0.004250827460511529,0.002631872810335902,0.6475818600702504,0.07613288572639822,0.5238095238095238
treatment_price_plus_fno,10,25.0,66,21,0.0028396274447254743,0.0014109700967107838,0.0009941077526109858,0.0018455196921144893,0.00041686234409979856,0.5714629392058762,0.09367610189827871,0.6190476190476191
treatment_price_plus_fno,10,25.0,67,21,-0.00029600680536512943,-0.0018921095559874732,0.00031087986938691306,-0.0006068866747520426,-0.0022029894253743866,0.6384411002489376,0.00913853805500342,0.5714285714285714
treatment_price_plus_fno,10,25.0,68,21,0.0063300328235159934,0.004591567217067568,0.004731639976919423,0.0015983928465965723,-0.0001400727598518545,0.6953862425793704,0.021453088897590497,0.6190476190476191
treatment_price_plus_fno,10,25.0,69,21,0.004446629187900862,0.0027298900305436904,0.002289652275044883,0.0021569769128559797,0.00044023775549880794,0.6866956629428687,0.05233101550267228,0.38095238095238093
treatment_price_plus_fno,10,25.0,70,21,0.005002072662439659,0.0034393894132674968,0.0005562110372507807,0.00444586162518888,0.0028831783760167144,0.6250732996688656,0.1014979786961223,0.6190476190476191
treatment_price_plus_fno,10,25.0,71,21,0.0017340837546542475,6.66093367504035e-05,0.0012386285144815991,0.0004954552401726482,-0.0011720191777311957,0.6669897671615376,0.026514673790279896,0.47619047619047616
treatment_price_plus_fno,10,25.0,72,21,0.004305622836476986,0.0027308459468358475,0.00217990280039629,0.002125720036080695,0.000550943146439558,0.6299107558564551,0.03422824466101336,0.6190476190476191
treatment_price_plus_fno,10,25.0,73,21,6.82385406814623e-05,-0.001600940237705317,0.00039994215115999015,-0.0003317036104785279,-0.002000882388865307,0.6676715113547117,0.06972629032612145,0.38095238095238093
treatment_price_plus_fno,10,25.0,74,21,0.004108490374663416,0.002368151631230172,0.0027109024086391037,0.0013975879660243125,-0.00034275077740893216,0.6961354973732978,0.003601743501640477,0.6190476190476191
treatment_price_plus_fno,10,25.0,75,21,-0.00112276339662151,-0.0028176289978538676,-0.0008616884146461018,-0.00026107498197540824,-0.0019559405832077653,0.6779462404929432,0.04644185668760564,0.47619047619047616
treatment_price_plus_fno,10,25.0,76,21,-0.0005772344796884013,-0.002365357795008607,0.00029057502428398514,-0.0008678095039723868,-0.002655932819292592,0.7152493261280819,0.030441960160018558,0.5238095238095238
treatment_price_plus_fno,10,25.0,77,21,-0.002124813406533414,-0.00380720951300196,-0.00378120562732921,0.0016563922207957968,-2.600388567275006e-05,0.6729584425874187,0.047070970778380065,0.38095238095238093
treatment_price_plus_fno,10,25.0,78,21,0.00649967064823083,0.004725230053703407,0.005166563222075539,0.001333107426155289,-0.000441333168372134,0.7097762378109691,0.02904727523071252,0.5714285714285714
treatment_price_plus_fno,10,25.0,79,21,-0.006058587178180893,-0.007845034892154483,-0.004860824748259307,-0.0011977624299215855,-0.0029842101438951755,0.714579085589436,-0.0054684863895034744,0.3333333333333333
treatment_price_plus_fno,10,25.0,80,21,0.0007609877518372924,-0.0011197551758335134,0.00013226671334733782,0.0006287210384899539,-0.0012520218891808512,0.7522971710683221,-0.0027523732586852336,0.5714285714285714
treatment_price_plus_fno,10,25.0,81,21,0.002586911114287781,0.0008958287112960097,0.00256741376838518,1.9497345902602005e-05,-0.0016715850570891704,0.6764329611967087,0.04455185963852867,0.6190476190476191
treatment_price_plus_fno,10,25.0,82,21,-0.0017908915520313557,-0.0035676107484180577,-0.0024381706113873708,0.0006472790593560153,-0.0011294401370306878,0.7106876785546812,0.01609958416986398,0.47619047619047616
treatment_price_plus_fno,10,25.0,83,21,-0.00010464166579948174,-0.0019504787419230899,0.0014355968002289841,-0.0015402384660284658,-0.003386075542152074,0.7383348304494431,-0.017615861166497764,0.38095238095238093
treatment_price_plus_fno,10,25.0,84,21,-0.0007574260505672516,-0.0025790715152410647,-0.0012432295328331934,0.00048580348226594174,-0.001335841982407872,0.7286581858695256,-0.0072185247622845615,0.42857142857142855
treatment_price_plus_fno,10,25.0,85,21,0.0006789489305741312,-0.0010585848482710099,-0.00037188861883118076,0.0010508375494053125,-0.0006866962294398292,0.6950135115380567,0.033281539567921604,0.47619047619047616
treatment_price_plus_fno,10,25.0,86,21,0.0028131259290655923,0.000966460627630612,0.0017937701682161282,0.0010193557608494633,-0.0008273095405855162,0.7386661205739917,0.006135314208957424,0.47619047619047616
treatment_price_plus_fno,10,25.0,87,21,0.00284985262422356,0.0010034792975435506,0.002480534543422888,0.0003693180808006726,-0.001477055245879337,0.7385493306720039,0.03525534772502881,0.5714285714285714
treatment_price_plus_fno,10,25.0,88,21,0.002876328168799568,0.0010415949080027065,0.0015776761796341989,0.00129865198916537,-0.0005360812716314924,0.7338933043187448,0.049788610887517126,0.5714285714285714
treatment_price_plus_fno,10,25.0,89,21,0.005527297923632828,0.003741784718809859,0.0018437978049112565,0.0036835001187215705,0.0018979869138986026,0.7142052819291873,0.06685268168632698,0.6190476190476191
treatment_price_plus_fno,10,25.0,90,21,0.0016030720235563438,-5.332443930317545e-05,-0.001200241452374314,0.0028033134759306586,0.001146917013071138,0.6625585851438078,0.07052082255756027,0.42857142857142855
treatment_price_plus_fno,10,25.0,91,21,0.006320210587887776,0.004758778747496867,0.004185396498689209,0.002134814089198567,0.0005733822488076576,0.6245727361563637,0.021111852821059218,0.7619047619047619
treatment_price_plus_fno,10,25.0,92,21,0.007362980464224726,0.005826304222444776,0.0014013964946219982,0.005961583969602728,0.004424907727822778,0.6146704967119802,0.05068501388820041,0.6190476190476191
treatment_price_plus_fno,10,25.0,93,21,0.001993847492307491,0.0002895131496335993,1.4035620939745594e-05,0.001979811871367745,0.00027547752869385334,0.681733737069557,0.07556420508515077,0.47619047619047616
treatment_price_plus_fno,10,25.0,94,21,0.00027731086703738786,-0.0013411895191333585,0.0011209288645548778,-0.0008436179975174895,-0.0024621183836882362,0.6474001544682986,0.008855675054118937,0.42857142857142855
treatment_price_plus_fno,10,25.0,95,21,0.002323513618459528,0.0006098516709370031,0.0029420190040805824,-0.0006185053856210546,-0.002332167333143578,0.6854647790090093,0.04638017787203189,0.5714285714285714
treatment_price_plus_fno,10,35.0,0,21,0.011320036432855538,0.008599528788232249,0.009277856923568611,0.0020421795092869267,-0.0006783281353363643,0.7772878984637973,0.027296003058067116,0.9047619047619048
treatment_price_plus_fno,10,35.0,1,21,0.0022947021121417534,7.361925058842357e-05,0.0007047652811810727,0.0015899368309606817,-0.0006311460305926485,0.6345951033009515,0.03331638826584297,0.47619047619047616
treatment_price_plus_fno,10,35.0,2,21,-0.006471732865298938,-0.008625145616245986,-0.004135988831637815,-0.0023357440336611228,-0.004489156784608171,0.6152607859848707,-0.01165005003081144,0.38095238095238093
treatment_price_plus_fno,10,35.0,3,21,0.008274476249227131,0.005875774955872139,0.0038627941886461145,0.004411682060581016,0.0020129807672260224,0.6853432266728552,0.10890311466168169,0.7142857142857143
treatment_price_plus_fno,10,35.0,4,21,0.002553219560073818,0.0002512592010782186,-0.00022305233028935872,0.0027762718903631763,0.0004743115313675773,0.6577029597130283,0.07930595321152774,0.5238095238095238
treatment_price_plus_fno,10,35.0,5,21,0.007130044115201338,0.0047436610506254515,0.004576520580655539,0.0025535235345458007,0.00016714046996991303,0.6818237327359677,0.001192069140538599,0.6190476190476191
treatment_price_plus_fno,10,35.0,6,21,0.002812851045429035,0.0006787678767419343,0.00284055771690352,-2.7706671474484754e-05,-0.0021617898401615856,0.6097380481963145,0.0004729278020765719,0.5238095238095238
treatment_price_plus_fno,10,35.0,7,21,-0.0002611460131433968,-0.00261335862102132,0.0009600259777668702,-0.0012211719909102673,-0.00357338459878819,0.6720607451079783,0.02103653662067652,0.47619047619047616
treatment_price_plus_fno,10,35.0,8,21,-0.0034729451877057223,-0.005872709780624042,-0.004700027479439395,0.0012270822917336724,-0.0011726823011846475,0.6856470265480914,0.09250811409127763,0.3333333333333333
treatment_price_plus_fno,10,35.0,9,21,-0.0001819829015127185,-0.0020120889594777386,-0.0005610364067509755,0.0003790535052382558,-0.0014510525527267658,0.5228874451328633,0.04730677569360188,0.5238095238095238
treatment_price_plus_fno,10,35.0,10,21,0.0011676238414181656,-0.0011004299988324308,-0.0019364631386847432,0.003104086980102911,0.0008360331398523131,0.648015382928742,0.09833051814767148,0.47619047619047616
treatment_price_plus_fno,10,35.0,11,21,0.0026114083976175686,0.0002799419477023908,0.0007325534021177543,0.0018788549954998149,-0.0004526114544153644,0.6661332714043369,0.0742592078855307,0.42857142857142855
treatment_price_plus_fno,10,35.0,12,21,0.01093604666371927,0.008819507388083086,0.0034592321155040096,0.007476814548215264,0.005360275272579077,0.6047255073246246,0.08310450411597686,0.7142857142857143
treatment_price_plus_fno,10,35.0,13,21,0.005132057843064642,0.0028991713536495886,0.0032185694539755166,0.0019134883890891256,-0.00031939810032592886,0.6379675684043011,0.0018081465872406455,0.6666666666666666
treatment_price_plus_fno,10,35.0,14,21,0.00224334759795577,-7.132127504529889e-05,0.0024669701879322797,-0.00022362258997650993,-0.002538291462977579,0.661333963714591,0.00806759605563274,0.47619047619047616
treatment_price_plus_fno,10,35.0,15,21,-0.0038072572758432893,-0.0062089045949961655,-0.003581612492582397,-0.0002256447832608912,-0.0026272921024137674,0.6861849483293931,0.054910144781797815,0.38095238095238093
treatment_price_plus_fno,10,35.0,16,21,0.004462269293501973,0.0019747966275098106,0.0033286012565400696,0.0011336680369619042,-0.0013538046290302596,0.7107064759977609,0.01575806917874989,0.5714285714285714
treatment_price_plus_fno,10,35.0,17,21,0.004582774951836949,0.001868669991290927,0.0008823733073963284,0.0037004016444406227,0.0009862966838945985,0.7754585601560063,-0.0007227308607509934,0.5238095238095238
treatment_price_plus_fno,10,35.0,18,21,0.003509966586601095,0.0008099128615633041,0.001972612212777594,0.0015373543738235013,-0.00116269935121429,0.771443921439369,0.04713846724912362,0.5714285714285714
treatment_price_plus_fno,10,35.0,19,21,0.0003292102120359276,-0.0019054546146310097,-0.0027490789096731288,0.003078289121709056,0.0008436242950421195,0.6384756647619818,0.12533448866928762,0.42857142857142855
treatment_price_plus_fno,10,35.0,20,21,0.001194803099705929,-0.001226525187454362,-0.00018642344928759973,0.0013812265489935287,-0.0010401017381667622,0.6918080820457975,0.018588544570283607,0.42857142857142855
treatment_price_plus_fno,10,35.0,21,21,0.008722308829681549,0.006589235582509271,0.0038477307540611275,0.004874578075620422,0.002741504828448144,0.6094494991920798,0.08494869596130099,0.6666666666666666
treatment_price_plus_fno,10,35.0,22,21,0.003143164044896928,0.0007600464753719637,-0.0004887204514563791,0.0036318844963533084,0.0012487669268283434,0.6808907341499898,0.05594257468736244,0.47619047619047616
treatment_price_plus_fno,10,35.0,23,21,0.00740059978785331,0.005100552463015799,0.00102680804940149,0.00637379173845182,0.004073744413614309,0.6571563785250032,0.10376941370480447,0.6666666666666666
treatment_price_plus_fno,10,35.0,24,21,0.0015744803510360644,-0.0006425601148291866,-0.00016738212682761928,0.0017418624778636834,-0.00047517798800156687,0.6334401331043571,0.06347233623419075,0.47619047619047616
treatment_price_plus_fno,10,35.0,25,21,0.0032051240937905445,0.0008348056595390685,0.00021251725769717936,0.002992606836093366,0.0006222884018418894,0.6772338383575645,0.08992878144159111,0.5238095238095238
treatment_price_plus_fno,10,35.0,26,21,0.0059270987244902954,0.0036917532671694934,0.0019525501506506612,0.003974548573839634,0.0017392031165188323,0.6386701306630863,0.059847542322121174,0.6666666666666666
treatment_price_plus_fno,10,35.0,27,21,-0.0032428547577042018,-0.005565389986290832,-0.005283604678942436,0.0020407499212382334,-0.00028178530734839543,0.6635814938818938,0.03421663757605847,0.47619047619047616
treatment_price_plus_fno,10,35.0,28,21,0.008116071329989224,0.005736551424169219,0.0040821891042611145,0.004033882225728112,0.0016543623199081058,0.6798628302342874,0.06866993967556742,0.6190476190476191
treatment_price_plus_fno,10,35.0,29,21,-0.0005722069877642565,-0.002961654661471515,-0.0001814580127611842,-0.00039074897500307194,-0.0027801966487103306,0.6826993353449309,-0.02272713926746603,0.5238095238095238
treatment_price_plus_fno,10,35.0,30,21,0.000459286838605135,-0.0019443724499290046,-0.0005336028089270499,0.000992889647532185,-0.0014107696410019547,0.6867597967240401,0.05448884694887887,0.47619047619047616
treatment_price_plus_fno,10,35.0,31,21,-0.001331082223751461,-0.003773006440865769,-0.0029076599554051378,0.0015765777316536752,-0.0008653464854606321,0.6976926334612307,0.0938569312005914,0.3333333333333333
treatment_price_plus_fno,10,35.0,32,21,0.006976116306708206,0.004375775537310113,0.0038269063333961234,0.003149209973312083,0.000548869203913989,0.7429545055423128,0.0678180320992416,0.6666666666666666
treatment_price_plus_fno,10,35.0,33,21,0.001745856389281011,-0.0008368603772357829,0.0009477284839608934,0.0007981279053201175,-0.0017845888611966764,0.7379190761476554,0.07107310665850278,0.38095238095238093
treatment_price_plus_fno,10,35.0,34,21,0.005786548415358493,0.0033674877860314736,0.0033583724431974983,0.0024281759721609944,9.115342833975096e-06,0.6911601798077197,-0.013761699025077933,0.5714285714285714
treatment_price_plus_fno,10,35.0,35,21,0.004791939221189213,0.0024037065848150747,0.002075929491047882,0.0027160097301413325,0.0003277770937671925,0.6823521818211828,0.05165294488719811,0.5714285714285714
treatment_price_plus_fno,10,35.0,36,21,0.002767392278386064,0.0003334167852299712,-2.0548687242799155e-05,0.002787940965628863,0.00035396547247277036,0.6954215694731692,0.04799752593868093,0.5714285714285714
treatment_price_plus_fno,10,35.0,37,21,0.005951161009637127,0.003631239785641844,0.0014989751874852758,0.004452185822151853,0.0021322645981565694,0.6628346354272241,0.1203042521255309,0.6190476190476191
treatment_price_plus_fno,10,35.0,38,21,0.0042715788958163844,0.0016527803271701618,0.0047425078768981695,-0.0004709289810817858,-0.0030897275497280075,0.7482281624703491,0.02716804846646007,0.47619047619047616
treatment_price_plus_fno,10,35.0,39,21,0.0037743996832400074,0.0015706411853952946,0.0022243504234463053,0.0015500492597937028,-0.0006537092380510108,0.6296452850984895,0.04916736624452586,0.6666666666666666
treatment_price_plus_fno,10,35.0,40,21,0.001690608486292449,-0.0006972419068934841,0.0016368398500060369,5.376863628641204e-05,-0.0023340817568995214,0.682242969481695,0.0007721359100497375,0.5238095238095238
treatment_price_plus_fno,10,35.0,41,21,0.002795512058859379,0.00047633368304430656,0.000643432387471487,0.002152079671387892,-0.00016709870442718135,0.662622393090021,0.054829146108328036,0.3333333333333333
treatment_price_plus_fno,10,35.0,42,21,0.0013942234639421184,-0.0012088963865738735,0.0013016957384125454,9.25277255295723e-05,-0.0025105921249864195,0.7437485287188548,0.028457042769126282,0.42857142857142855
treatment_price_plus_fno,10,35.0,43,21,0.007992098171573907,0.005256788793524177,0.003408693534472406,0.004583404637101504,0.0018480952590517715,0.7815169651570664,0.06925109289176512,0.6666666666666666
treatment_price_plus_fno,10,35.0,44,21,0.004397211762989756,0.0018434457614828284,0.0021216179360499876,0.002275593826939769,-0.0002781721745671593,0.7296474290019797,0.043403603331887856,0.47619047619047616
treatment_price_plus_fno,10,35.0,45,21,0.002953657107937237,0.0006175611626378514,0.0015437821655187953,0.0014098749424184417,-0.0009262210028809439,0.6674559843712531,0.051340051345526834,0.6666666666666666
treatment_price_plus_fno,10,35.0,46,21,-0.003365879142420468,-0.005670027553099707,-0.003715407087723579,0.00034952794530311294,-0.0019546204653761263,0.6583281173369255,0.04614748759050045,0.38095238095238093
treatment_price_plus_fno,10,35.0,47,21,-0.00029860243222903075,-0.002853405741755335,-0.003008503361890378,0.0027099009296613456,0.00015509762013504264,0.729943802721801,0.08655801413355647,0.42857142857142855
treatment_price_plus_fno,10,35.0,48,21,-0.004878735073749402,-0.007570615617877255,-0.0021038314018803563,-0.0027749036718690456,-0.005466784215996897,0.7691087268936718,0.0215305665752671,0.38095238095238093
treatment_price_plus_fno,10,35.0,49,21,0.0008043374387039655,-0.0016769684361823854,-0.002168048399539465,0.0029723858382434305,0.000491079963357079,0.7089445356818146,0.07897984635436277,0.38095238095238093
treatment_price_plus_fno,10,35.0,50,21,0.005498722415407574,0.003001050365276746,0.00363294418167653,0.0018657782337310443,-0.0006318938163997847,0.7136205857516651,0.05025942214504125,0.47619047619047616
treatment_price_plus_fno,10,35.0,51,21,-0.007135716495052712,-0.009557043453826904,-0.007644191456537368,0.0005084749614846551,-0.0019128519972895397,0.6918077025069126,0.08311874849857086,0.2857142857142857
treatment_price_plus_fno,10,35.0,52,21,0.009788895927750677,0.007569219989354657,0.0032612243779234335,0.006527671549827242,0.004307995611431223,0.6341931252560058,0.08890750883437305,0.6190476190476191
treatment_price_plus_fno,10,35.0,53,21,0.00569960707058039,0.0033669620612625886,0.0025474920379080813,0.003152115032672309,0.0008194700233545077,0.6664700026622288,0.037382223241251664,0.6666666666666666
treatment_price_plus_fno,10,35.0,54,21,-0.0009616613295193089,-0.002837599046325662,-0.002266474135571088,0.001304812806051778,-0.000571124910754574,0.5359822048018149,0.012407353998532019,0.42857142857142855
treatment_price_plus_fno,10,35.0,55,21,0.003630955275244094,0.001034765135519148,0.0009384048858027778,0.0026925503894413166,9.636024971636955e-05,0.7417686113499846,0.04426272111109202,0.5714285714285714
treatment_price_plus_fno,10,35.0,56,21,0.0019738833635013597,-0.0002432893070882959,0.000643416629293226,0.0013304667342081337,-0.0008867059363815218,0.633477905882759,0.07309602510251541,0.5714285714285714
treatment_price_plus_fno,10,35.0,57,21,0.00015296484585432967,-0.001920962654401368,-0.00014433265728983722,0.0002972975031441664,-0.0017766299971115301,0.5925507143587709,0.09432559010460516,0.42857142857142855
treatment_price_plus_fno,10,35.0,58,21,-0.0004443369155825628,-0.0026113066327646435,-0.001683031934572472,0.0012386950189899092,-0.0009282746981921718,0.6191342049091662,0.06627708914822367,0.2857142857142857
treatment_price_plus_fno,10,35.0,59,21,0.0025711260434564233,-3.480067042914849e-05,0.003477984409131015,-0.0009068583656745913,-0.0035127850795601636,0.7445504896815922,0.029734448057435,0.3333333333333333
treatment_price_plus_fno,10,35.0,60,21,0.003244967249372776,0.0008086824361654866,-0.0007571603444698012,0.004002127593842578,0.0015658427806352878,0.6960813752020828,0.09449585462212583,0.42857142857142855
treatment_price_plus_fno,10,35.0,61,21,0.003703364061094962,0.0012376744472346304,0.0028981924873527514,0.0008051715737422098,-0.0016605180401181208,0.7044827468172373,-0.04608043396297929,0.6190476190476191
treatment_price_plus_fno,10,35.0,62,21,-0.015051425787509792,-0.017456496056328527,-0.012103976758894417,-0.002947449028615376,-0.005352519297434111,0.6871629339482099,-0.04160663194743095,0.38095238095238093
treatment_price_plus_fno,10,35.0,63,21,0.014107175853844542,0.01194677511329081,0.0057996746353013145,0.008307501218543227,0.006147100477989498,0.6172573544439229,0.05939637133237196,0.6666666666666666
treatment_price_plus_fno,10,35.0,64,21,0.015089678780176244,0.012775812487167273,0.00729891807163654,0.007790760708539705,0.005476894415530734,0.6611046551454203,0.1186041355007776,0.7142857142857143
treatment_price_plus_fno,10,35.0,65,21,0.005567320666989742,0.0033007841567438663,0.001316493206478214,0.004250827460511529,0.0019842909502656523,0.6475818600702504,0.07613288572639822,0.5238095238095238
treatment_price_plus_fno,10,35.0,66,21,0.0028396274447254743,0.0008395071575049082,0.0009941077526109858,0.0018455196921144893,-0.0001546005951060776,0.5714629392058762,0.09367610189827871,0.6190476190476191
treatment_price_plus_fno,10,35.0,67,21,-0.00029600680536512943,-0.002530550656236411,0.00031087986938691306,-0.0006068866747520426,-0.0028414305256233246,0.6384411002489376,0.00913853805500342,0.5238095238095238
treatment_price_plus_fno,10,35.0,68,21,0.0063300328235159934,0.0038961809744881976,0.004731639976919423,0.0015983928465965723,-0.0008354590024312247,0.6953862425793704,0.021453088897590497,0.6190476190476191
treatment_price_plus_fno,10,35.0,69,21,0.004446629187900862,0.002043194367600822,0.002289652275044883,0.0021569769128559797,-0.0002464579074440607,0.6866956629428687,0.05233101550267228,0.38095238095238093
treatment_price_plus_fno,10,35.0,70,21,0.005002072662439659,0.002814316113598629,0.0005562110372507807,0.00444586162518888,0.0022581050763478498,0.6250732996688656,0.1014979786961223,0.6190476190476191
treatment_price_plus_fno,10,35.0,71,21,0.0017340837546542475,-0.0006003804304111341,0.0012386285144815991,0.0004954552401726482,-0.001839008944892733,0.6669897671615376,0.026514673790279896,0.47619047619047616
treatment_price_plus_fno,10,35.0,72,21,0.004305622836476986,0.0021009351909793924,0.00217990280039629,0.002125720036080695,-7.896760941689742e-05,0.6299107558564551,0.03422824466101336,0.6190476190476191
treatment_price_plus_fno,10,35.0,73,21,6.82385406814623e-05,-0.0022686117490600287,0.00039994215115999015,-0.0003317036104785279,-0.0026685539002200185,0.6676715113547117,0.06972629032612145,0.38095238095238093
treatment_price_plus_fno,10,35.0,74,21,0.004108490374663416,0.0016720161338568743,0.0027109024086391037,0.0013975879660243125,-0.0010388862747822299,0.6961354973732978,0.003601743501640477,0.5714285714285714
treatment_price_plus_fno,10,35.0,75,21,-0.00112276339662151,-0.0034955752383468105,-0.0008616884146461018,-0.00026107498197540824,-0.002633886823700709,0.6779462404929432,0.04644185668760564,0.42857142857142855
treatment_price_plus_fno,10,35.0,76,21,-0.0005772344796884013,-0.003080607121136687,0.00029057502428398514,-0.0008678095039723868,-0.0033711821454206732,0.7152493261280819,0.030441960160018558,0.5238095238095238
treatment_price_plus_fno,10,35.0,77,21,-0.002124813406533414,-0.0044801679555893795,-0.00378120562732921,0.0016563922207957968,-0.0006989623282601687,0.6729584425874187,0.047070970778380065,0.38095238095238093
treatment_price_plus_fno,10,35.0,78,21,0.00649967064823083,0.004015453815892437,0.005166563222075539,0.001333107426155289,-0.0011511094061831036,0.7097762378109691,0.02904727523071252,0.5714285714285714
treatment_price_plus_fno,10,35.0,79,21,-0.006058587178180893,-0.008559613977743918,-0.004860824748259307,-0.0011977624299215855,-0.0036987892294846106,0.714579085589436,-0.0054684863895034744,0.3333333333333333
treatment_price_plus_fno,10,35.0,80,21,0.0007609877518372924,-0.001872052346901835,0.00013226671334733782,0.0006287210384899539,-0.0020043190602491738,0.7522971710683221,-0.0027523732586852336,0.5714285714285714
treatment_price_plus_fno,10,35.0,81,21,0.002586911114287781,0.00021939575009930124,0.00256741376838518,1.9497345902602005e-05,-0.0023480180182858788,0.6764329611967087,0.04455185963852867,0.5714285714285714
treatment_price_plus_fno,10,35.0,82,21,-0.0017908915520313557,-0.004278298426972739,-0.0024381706113873708,0.0006472790593560153,-0.0018401278155853688,0.7106876785546812,0.01609958416986398,0.42857142857142855
treatment_price_plus_fno,10,35.0,83,21,-0.00010464166579948174,-0.002688813572372532,0.0014355968002289841,-0.0015402384660284658,-0.004124410372601517,0.7383348304494431,-0.017615861166497764,0.3333333333333333
treatment_price_plus_fno,10,35.0,84,21,-0.0007574260505672516,-0.0033077297011105907,-0.0012432295328331934,0.00048580348226594174,-0.002064500168277397,0.7286581858695256,-0.0072185247622845615,0.2857142857142857
treatment_price_plus_fno,10,35.0,85,21,0.0006789489305741312,-0.0017535983598090665,-0.00037188861883118076,0.0010508375494053125,-0.0013817097409778857,0.6950135115380567,0.033281539567921604,0.42857142857142855
treatment_price_plus_fno,10,35.0,86,21,0.0028131259290655923,0.0002277945070566199,0.0017937701682161282,0.0010193557608494633,-0.001565975661159508,0.7386661205739917,0.006135314208957424,0.47619047619047616
treatment_price_plus_fno,10,35.0,87,21,0.00284985262422356,0.00026492996687154676,0.002480534543422888,0.0003693180808006726,-0.002215604576551341,0.7385493306720039,0.03525534772502881,0.47619047619047616
treatment_price_plus_fno,10,35.0,88,21,0.002876328168799568,0.00030770160368396156,0.0015776761796341989,0.00129865198916537,-0.0012699745759502373,0.7338933043187448,0.049788610887517126,0.5238095238095238
treatment_price_plus_fno,10,35.0,89,21,0.005527297923632828,0.003027579436880672,0.0018437978049112565,0.0036835001187215705,0.0011837816319694152,0.7142052819291873,0.06685268168632698,0.6190476190476191
treatment_price_plus_fno,10,35.0,90,21,0.0016030720235563438,-0.0007158830244469837,-0.001200241452374314,0.0028033134759306586,0.0004843584279273305,0.6625585851438078,0.07052082255756027,0.42857142857142855
treatment_price_plus_fno,10,35.0,91,21,0.006320210587887776,0.004134206011340504,0.004185396498689209,0.002134814089198567,-5.119048734870608e-05,0.6245727361563637,0.021111852821059218,0.7619047619047619
treatment_price_plus_fno,10,35.0,92,21,0.007362980464224726,0.005211633725732796,0.0014013964946219982,0.005961583969602728,0.0038102372311107978,0.6146704967119802,0.05068501388820041,0.5714285714285714
treatment_price_plus_fno,10,35.0,93,21,0.001993847492307491,-0.00039222058743595804,1.4035620939745594e-05,0.001979811871367745,-0.0004062562083757039,0.681733737069557,0.07556420508515077,0.47619047619047616
treatment_price_plus_fno,10,35.0,94,21,0.00027731086703738786,-0.001988589673601657,0.0011209288645548778,-0.0008436179975174895,-0.003109518538156535,0.6474001544682986,0.008855675054118937,0.38095238095238093
treatment_price_plus_fno,10,35.0,95,21,0.002323513618459528,-7.561310807200571e-05,0.0029420190040805824,-0.0006185053856210546,-0.0030176321121525873,0.6854647790090093,0.04638017787203189,0.5714285714285714
treatment_price_plus_fno,20,10.0,0,21,0.010278426529452458,0.009598358290266836,0.009277856923568611,0.0010005696058838468,0.00032050136669822506,0.6800682391856215,0.027296003058067116,0.8571428571428571
treatment_price_plus_fno,20,10.0,1,21,0.002551789214491622,0.001964845355223669,0.0007047652811810727,0.0018470239333105494,0.0012600800740425952,0.5869438592679533,0.03331638826584297,0.47619047619047616
treatment_price_plus_fno,20,10.0,2,21,-0.004551998600226696,-0.005131014414192309,-0.004135988831637815,-0.00041600976858888146,-0.000995025582554495,0.579015813965613,-0.01165005003081144,0.3333333333333333
treatment_price_plus_fno,20,10.0,3,21,0.007346177792680565,0.006719243995753894,0.0038627941886461145,0.0034833836040344514,0.0028564498071077795,0.626933796926671,0.10890311466168169,0.7142857142857143
treatment_price_plus_fno,20,10.0,4,21,0.002027941683738807,0.001434237193912785,-0.00022305233028935872,0.0022509940140281654,0.0016572895242021437,0.5937044898260216,0.07930595321152774,0.6190476190476191
treatment_price_plus_fno,20,10.0,5,21,0.005833568515528821,0.005191414599856249,0.004576520580655539,0.0012570479348732826,0.0006148940192007112,0.6421539156725717,0.001192069140538599,0.6666666666666666
treatment_price_plus_fno,20,10.0,6,21,0.003422396471089964,0.0028812773763194693,0.00284055771690352,0.0005818387541864445,4.071965941594966e-05,0.5411190947704949,0.0004729278020765719,0.5714285714285714
treatment_price_plus_fno,20,10.0,7,21,0.00033319859723445454,-0.0002461650187520418,0.0009600259777668702,-0.0006268273805324154,-0.001206190996518912,0.5793636159864968,0.02103653662067652,0.5714285714285714
treatment_price_plus_fno,20,10.0,8,21,-0.0033885854862853635,-0.003996086619201747,-0.004700027479439395,0.001311441993154031,0.000703940860237648,0.6075011329163832,0.09250811409127763,0.38095238095238093
treatment_price_plus_fno,20,10.0,9,21,0.0002968287542548854,-0.00021286927816517478,-0.0005610364067509755,0.0008578651610058611,0.0003481671285858002,0.5096980324200605,0.04730677569360188,0.5238095238095238
treatment_price_plus_fno,20,10.0,10,21,-0.0014912078542120514,-0.0021105779515202183,-0.0019364631386847432,0.000445255284472693,-0.0001741148128354742,0.6193700973081673,0.09833051814767148,0.38095238095238093
treatment_price_plus_fno,20,10.0,11,21,0.001887507169397244,0.0012619525205351597,0.0007325534021177543,0.0011549537672794904,0.0005293991184174057,0.6255546488620846,0.0742592078855307,0.5238095238095238
treatment_price_plus_fno,20,10.0,12,21,0.008420857877735404,0.007871366948927276,0.0034592321155040096,0.004961625762231396,0.004412134833423267,0.5494909288081284,0.08310450411597686,0.7619047619047619
treatment_price_plus_fno,20,10.0,13,21,0.005207073916629011,0.0045997508085142535,0.0032185694539755166,0.001988504462653495,0.001381181354538737,0.6073231081147578,0.0018081465872406455,0.7619047619047619
treatment_price_plus_fno,20,10.0,14,21,0.0026645194623939536,0.0020809951733821784,0.0024669701879322797,0.00019754927446167416,-0.00038597501455010156,0.5835242890117757,0.00806759605563274,0.5238095238095238
treatment_price_plus_fno,20,10.0,15,21,-0.0029107165387487624,-0.003510802466835203,-0.003581612492582397,0.0006708959538336356,7.081002574719418e-05,0.6000859280864412,0.054910144781797815,0.5238095238095238
treatment_price_plus_fno,20,10.0,16,21,0.004074548423291536,0.0034356376153297083,0.0033286012565400696,0.0007459471667514662,0.00010703635878963849,0.6389108079618279,0.01575806917874989,0.8095238095238095
treatment_price_plus_fno,20,10.0,17,21,0.0032036502665727926,0.002534340914578554,0.0008823733073963284,0.0023212769591764645,0.0016519676071822258,0.6693093519942388,-0.0007227308607509934,0.5714285714285714
treatment_price_plus_fno,20,10.0,18,21,0.003399148366964683,0.0027433079935863885,0.001972612212777594,0.0014265361541870893,0.0007706957808087941,0.6558403733782951,0.04713846724912362,0.5714285714285714
treatment_price_plus_fno,20,10.0,19,21,-0.001108388214499811,-0.0016660022750513406,-0.0027490789096731288,0.0016406906951733167,0.0010830766346217873,0.5576140605515295,0.12533448866928762,0.6190476190476191
treatment_price_plus_fno,20,10.0,20,21,0.0011715475501771423,0.0005705587275019513,-0.00018642344928759973,0.0013579709994647419,0.0007569821767895509,0.6009888226751915,0.018588544570283607,0.47619047619047616
treatment_price_plus_fno,20,10.0,21,21,0.006970063520491224,0.006403060716662018,0.0038477307540611275,0.003122332766430098,0.0025553299626008903,0.5670028038292079,0.08494869596130099,0.8095238095238095
treatment_price_plus_fno,20,10.0,22,21,0.0011754493362225696,0.000553472344216656,-0.0004887204514563791,0.0016641697876789493,0.0010421927956730356,0.6219769920059136,0.05594257468736244,0.5238095238095238
treatment_price_plus_fno,20,10.0,23,21,0.003616749592906282,0.0030446643300001673,0.00102680804940149,0.0025899415435047925,0.0020178562805986773,0.5720852629061155,0.10376941370480447,0.6666666666666666
treatment_price_plus_fno,20,10.0,24,21,0.0013229080280256881,0.0007247465479055016,-0.00016738212682761928,0.001490290154853307,0.000892128674733121,0.5981614801201858,0.06347233623419075,0.47619047619047616
treatment_price_plus_fno,20,10.0,25,21,0.0025016341129387803,0.001836549115735968,0.00021251725769717936,0.002289116855241601,0.0016240318580387878,0.6650849972028132,0.08992878144159111,0.6190476190476191
treatment_price_plus_fno,20,10.0,26,21,0.003982648595595385,0.0033798910282712862,0.0019525501506506612,0.002030098444944723,0.001427340877620625,0.6027575673240981,0.059847542322121174,0.6666666666666666
treatment_price_plus_fno,20,10.0,27,21,-0.0037021385613218265,-0.004315595004189528,-0.005283604678942436,0.0015814661176206093,0.0009680096747529078,0.6134564428677016,0.03421663757605847,0.47619047619047616
treatment_price_plus_fno,20,10.0,28,21,0.006392373619114435,0.005766263807542667,0.0040821891042611145,0.0023101845148533226,0.0016840747032815517,0.6261098115717703,0.06866993967556742,0.6666666666666666
treatment_price_plus_fno,20,10.0,29,21,-0.0005777274937912701,-0.001188315204510563,-0.0001814580127611842,-0.00039626948103008543,-0.0010068571917493786,0.6105877107192934,-0.02272713926746603,0.47619047619047616
treatment_price_plus_fno,20,10.0,30,21,0.0005034139384748334,-0.0001284284212454382,-0.0005336028089270499,0.0010370167474018834,0.0004051743876816118,0.6318423597202716,0.05448884694887887,0.5238095238095238
treatment_price_plus_fno,20,10.0,31,21,-0.0002575543498635549,-0.0009210856929165118,-0.0029076599554051378,0.0026501056055415824,0.0019865742624886242,0.6635313430529572,0.0938569312005914,0.47619047619047616
treatment_price_plus_fno,20,10.0,32,21,0.006491225070353828,0.005854837912413817,0.0038269063333961234,0.002664318736957704,0.0020279315790176925,0.6363871579400108,0.0678180320992416,0.8095238095238095
treatment_price_plus_fno,20,10.0,33,21,0.001397682869047208,0.0007380623071881045,0.0009477284839608934,0.00044995438508631437,-0.0002096661767727889,0.6596205618591034,0.07107310665850278,0.6190476190476191
treatment_price_plus_fno,20,10.0,34,21,0.004282444997157727,0.00361510293521277,0.0033583724431974983,0.0009240725539602283,0.0002567304920152726,0.6673420619449558,-0.013761699025077933,0.7142857142857143
treatment_price_plus_fno,20,10.0,35,21,0.00391883476821223,0.0032793349067866484,0.002075929491047882,0.0018429052771643478,0.0012034054157387673,0.6394998614255807,0.05165294488719811,0.6190476190476191
treatment_price_plus_fno,20,10.0,36,21,0.001715986287414493,0.0010776009699798182,-2.0548687242799155e-05,0.0017365349746572922,0.001098149657222618,0.6383853174346742,0.04799752593868093,0.6190476190476191
treatment_price_plus_fno,20,10.0,37,21,0.004949864402390933,0.004353477718929383,0.0014989751874852758,0.003450889214905658,0.0028545025314441076,0.5963866834615499,0.1203042521255309,0.6666666666666666
treatment_price_plus_fno,20,10.0,38,21,0.0045986566693872,0.003952571418169344,0.0047425078768981695,-0.0001438512075109707,-0.000789936458728826,0.6460852512178553,0.02716804846646007,0.8095238095238095
treatment_price_plus_fno,20,10.0,39,21,0.0024878420472253895,0.001884330123691574,0.0022243504234463053,0.0002634916237790841,-0.00034002029975473125,0.6035119235338154,0.04916736624452586,0.7142857142857143
treatment_price_plus_fno,20,10.0,40,21,0.0015580778312520834,0.0009832229724480248,0.0016368398500060369,-7.876201875395338e-05,-0.0006536168775580121,0.5748548588040586,0.0007721359100497375,0.47619047619047616
treatment_price_plus_fno,20,10.0,41,21,0.0029482144161299935,0.002368109368210019,0.000643432387471487,0.002304782028658506,0.0017246769807385321,0.5801050479199736,0.054829146108328036,0.5238095238095238
treatment_price_plus_fno,20,10.0,42,21,0.002976570698409999,0.002273156951597729,0.0013016957384125454,0.0016748749599974526,0.0009714612131851834,0.7034137468122699,0.028457042769126282,0.6666666666666666
treatment_price_plus_fno,20,10.0,43,21,0.0061378670893019556,0.005434764838497938,0.003408693534472406,0.00272917355482955,0.002026071304025533,0.7031022508040176,0.06925109289176512,0.8095238095238095
treatment_price_plus_fno,20,10.0,44,21,0.00420051302358034,0.0035564788362934465,0.0021216179360499876,0.002078895087530352,0.0014348609002434584,0.644034187286894,0.043403603331887856,0.6666666666666666
treatment_price_plus_fno,20,10.0,45,21,0.002716033062525202,0.0021011943888344176,0.0015437821655187953,0.0011722508970064068,0.0005574122233156219,0.614838673690785,0.051340051345526834,0.6666666666666666
treatment_price_plus_fno,20,10.0,46,21,-0.003707133585670174,-0.0043442702092238005,-0.003715407087723579,8.27350205340739e-06,-0.0006288631215002205,0.6371366235536274,0.04614748759050045,0.42857142857142855
treatment_price_plus_fno,20,10.0,47,21,-0.0003667508891866347,-0.001053276081639153,-0.003008503361890378,0.0026417524727037423,0.0019552272802512245,0.6865251924525181,0.08655801413355647,0.42857142857142855
treatment_price_plus_fno,20,10.0,48,21,-0.0027819711043609017,-0.003445623566243103,-0.0021038314018803563,-0.0006781397024805453,-0.0013417921643627464,0.6636524618822008,0.0215305665752671,0.42857142857142855
treatment_price_plus_fno,20,10.0,49,21,6.0230881631837384e-05,-0.0005996049328433195,-0.002168048399539465,0.0022282792811713016,0.0015684434666961454,0.6598358144751566,0.07897984635436277,0.47619047619047616
treatment_price_plus_fno,20,10.0,50,21,0.006611973225789555,0.00593366121175505,0.00363294418167653,0.0029790290441130242,0.0023007170300785203,0.6783120140345044,0.05025942214504125,0.5714285714285714
treatment_price_plus_fno,20,10.0,51,21,-0.005484986414588013,-0.00611069141002464,-0.007644191456537368,0.0021592050419493537,0.001533500046512728,0.6257049954366255,0.08311874849857086,0.42857142857142855
treatment_price_plus_fno,20,10.0,52,21,0.00725009281789116,0.006602050624453048,0.0032612243779234335,0.003988868439967723,0.003340826246529614,0.6480421934381094,0.08890750883437305,0.6190476190476191
treatment_price_plus_fno,20,10.0,53,21,0.004252378152406806,0.0036262557319159195,0.0025474920379080813,0.0017048861144987246,0.0010787636940078386,0.6261224204908861,0.037382223241251664,0.7619047619047619
treatment_price_plus_fno,20,10.0,54,21,-0.0005948407718896111,-0.0012005469787077223,-0.002266474135571088,0.0016716333636814763,0.0010659271568633651,0.6057062068181115,0.012407353998532019,0.47619047619047616
treatment_price_plus_fno,20,10.0,55,21,0.002964565786400777,0.002305049759978662,0.0009384048858027778,0.002026160900597999,0.001366644874175884,0.6595160264221152,0.04426272111109202,0.6190476190476191
treatment_price_plus_fno,20,10.0,56,21,0.0012625300703968515,0.0006263735441720397,0.000643416629293226,0.000619113441103626,-1.7043085121186127e-05,0.6361565262248119,0.07309602510251541,0.5714285714285714
treatment_price_plus_fno,20,10.0,57,21,-0.0002706272213861201,-0.0008526225077070447,-0.00014433265728983722,-0.00012629456409628368,-0.000708289850417208,0.581995286320925,0.09432559010460516,0.5714285714285714
treatment_price_plus_fno,20,10.0,58,21,0.00019542813221718491,-0.0004292911414629273,-0.001683031934572472,0.0018784600667896567,0.0012537407931095448,0.6247192736801122,0.06627708914822367,0.38095238095238093
treatment_price_plus_fno,20,10.0,59,21,0.003174744670107483,0.0025004391569144746,0.003477984409131015,-0.00030323973902353135,-0.0009775452522165398,0.6743055131930087,0.029734448057435,0.42857142857142855
treatment_price_plus_fno,20,10.0,60,21,0.0013320322457054212,0.0007122736825067279,-0.0007571603444698012,0.0020891925901752226,0.001469434026976529,0.6197585631986932,0.09449585462212583,0.47619047619047616
treatment_price_plus_fno,20,10.0,61,21,0.00334033607822374,0.00270922258435672,0.0028981924873527514,0.0004421435908709883,-0.00018896990299603102,0.6311134938670196,-0.04608043396297929,0.6666666666666666
treatment_price_plus_fno,20,10.0,62,21,-0.013387448980965798,-0.013986515202882188,-0.012103976758894417,-0.001283472222071381,-0.0018825384439877708,0.5990662219163898,-0.04160663194743095,0.42857142857142855
treatment_price_plus_fno,20,10.0,63,21,0.007575270077217308,0.007002042488062925,0.0057996746353013145,0.0017755954419159908,0.001202367852761609,0.5732275891543823,0.05939637133237196,0.6190476190476191
treatment_price_plus_fno,20,10.0,64,21,0.01253377214169483,0.011941301649033712,0.00729891807163654,0.005234854070058288,0.004642383577397174,0.5924704926611138,0.1186041355007776,0.7619047619047619
treatment_price_plus_fno,20,10.0,65,21,0.004506948860708363,0.003922870550278485,0.001316493206478214,0.0031904556542301497,0.002606377343800272,0.5840783104298772,0.07613288572639822,0.6666666666666666
treatment_price_plus_fno,20,10.0,66,21,0.001944355905054131,0.0013984221422851048,0.0009941077526109858,0.0009502481524431445,0.0004043143896741194,0.5459337627690253,0.09367610189827871,0.7142857142857143
treatment_price_plus_fno,20,10.0,67,21,0.00028117565820763124,-0.00027210185465088036,0.00031087986938691306,-2.970421117928184e-05,-0.0005829817240377935,0.5532775128585117,0.00913853805500342,0.5714285714285714
treatment_price_plus_fno,20,10.0,68,21,0.00572634831947666,0.005135034051357902,0.004731639976919423,0.0009947083425572373,0.0004033940744384792,0.5913142681187585,0.021453088897590497,0.7142857142857143
treatment_price_plus_fno,20,10.0,69,21,0.004137338786823354,0.0035121231418154012,0.002289652275044883,0.0018476865117784704,0.0012224708667705187,0.6252156450079522,0.05233101550267228,0.42857142857142855
treatment_price_plus_fno,20,10.0,70,21,0.0028462253449411624,0.002277828180164587,0.0005562110372507807,0.002290014307690382,0.0017216171429138068,0.5683971647765749,0.1014979786961223,0.5238095238095238
treatment_price_plus_fno,20,10.0,71,21,0.0015787245034982569,0.0009869983265729677,0.0012386285144815991,0.0003400959890166571,-0.0002516301879086315,0.5917261769252888,0.026514673790279896,0.6666666666666666
treatment_price_plus_fno,20,10.0,72,21,0.004518880577217983,0.003927214270468435,0.00217990280039629,0.002338977776821693,0.0017473114700721456,0.5916663067495479,0.03422824466101336,0.7142857142857143
treatment_price_plus_fno,20,10.0,73,21,0.0016257402860233795,0.0010437563901861627,0.00039994215115999015,0.001225798134863389,0.0006438142390261725,0.5819838958372168,0.06972629032612145,0.5238095238095238
treatment_price_plus_fno,20,10.0,74,21,0.0034830554119477464,0.002860582000889323,0.0027109024086391037,0.0007721530033086429,0.0001496795922502186,0.6224734110584241,0.003601743501640477,0.6666666666666666
treatment_price_plus_fno,20,10.0,75,21,-0.0009120931918915593,-0.0015232051414836572,-0.0008616884146461018,-5.040477724545761e-05,-0.0006615167268375555,0.6111119495920976,0.04644185668760564,0.5238095238095238
treatment_price_plus_fno,20,10.0,76,21,0.0009572881252646085,0.00035123221731245594,0.00029057502428398514,0.0006667131009806237,6.06571930284709e-05,0.6060559079521527,0.030441960160018558,0.6190476190476191
treatment_price_plus_fno,20,10.0,77,21,-0.003060646559288227,-0.003655047843803396,-0.00378120562732921,0.0007205590680409839,0.0001261577835258146,0.5944012845151695,0.047070970778380065,0.42857142857142855
treatment_price_plus_fno,20,10.0,78,21,0.006030178192029127,0.005386837461186771,0.005166563222075539,0.0008636149699535864,0.00022027423911123207,0.6433407308423545,0.02904727523071252,0.6666666666666666
treatment_price_plus_fno,20,10.0,79,21,-0.005674028496836062,-0.006344212039587484,-0.004860824748259307,-0.0008132037485767559,-0.0014833872913281789,0.670183542751423,-0.0054684863895034744,0.3333333333333333
treatment_price_plus_fno,20,10.0,80,21,-0.0003113142521456333,-0.0010181954749152854,0.00013226671334733782,-0.000443580965492972,-0.0011504621882626235,0.7068812227696516,-0.0027523732586852336,0.5714285714285714
treatment_price_plus_fno,20,10.0,81,21,0.002638201021887417,0.002002160938991326,0.00256741376838518,7.078725350223738e-05,-0.0005652528293938543,0.6360400828960916,0.04455185963852867,0.5714285714285714
treatment_price_plus_fno,20,10.0,82,21,-0.002281816437721549,-0.0029399385318043874,-0.0024381706113873708,0.0001563541736658223,-0.0005017679204170163,0.6581220940828385,0.01609958416986398,0.47619047619047616
treatment_price_plus_fno,20,10.0,83,21,0.001032419631886629,0.0003819305015931359,0.0014355968002289841,-0.00040317716834235536,-0.0010536662986358484,0.6504891302934932,-0.017615861166497764,0.6190476190476191
treatment_price_plus_fno,20,10.0,84,21,-0.0011247813316205136,-0.0017821139551421586,-0.0012432295328331934,0.0001184482012126791,-0.0005388844223089654,0.6573326235216445,-0.0072185247622845615,0.38095238095238093
treatment_price_plus_fno,20,10.0,85,21,-0.00011885130711189335,-0.000738583370467518,-0.00037188861883118076,0.00025303731171928814,-0.00036669475163633714,0.619732063355625,0.033281539567921604,0.47619047619047616
treatment_price_plus_fno,20,10.0,86,21,0.002453237154351715,0.00180528544053103,0.0017937701682161282,0.0006594669861355864,1.151527231490208e-05,0.6479517138206843,0.006135314208957424,0.7142857142857143
treatment_price_plus_fno,20,10.0,87,21,0.002470342486948985,0.0018173589522910427,0.002480534543422888,-1.0192056473902845e-05,-0.0006631755911318452,0.6529835346579423,0.03525534772502881,0.5714285714285714
treatment_price_plus_fno,20,10.0,88,21,0.001941804272349947,0.0012864123341406457,0.0015776761796341989,0.00036412809271574786,-0.00029126384549355326,0.6553919382093012,0.049788610887517126,0.6666666666666666
treatment_price_plus_fno,20,10.0,89,21,0.003762587573610261,0.003136098836474932,0.0018437978049112565,0.001918789768699004,0.0012923010315636753,0.6264887371353285,0.06685268168632698,0.6190476190476191
treatment_price_plus_fno,20,10.0,90,21,0.0015706430501188557,0.0009748386813105966,-0.001200241452374314,0.00277088450249317,0.00217508013368491,0.5958043688082589,0.07052082255756027,0.47619047619047616
treatment_price_plus_fno,20,10.0,91,21,0.00470655322795837,0.00409622094254166,0.004185396498689209,0.0005211567292691611,-8.917555614754943e-05,0.6103322854167106,0.021111852821059218,0.7142857142857143
treatment_price_plus_fno,20,10.0,92,21,0.003353289956600413,0.0027634753926625275,0.0014013964946219982,0.0019518934619784153,0.0013620788980405296,0.5898145639378856,0.05068501388820041,0.5714285714285714
treatment_price_plus_fno,20,10.0,93,21,0.0022755010711583974,0.001715372210525301,1.4035620939745594e-05,0.002261465450218652,0.0017013365895855554,0.5601288606330963,0.07556420508515077,0.5238095238095238
treatment_price_plus_fno,20,10.0,94,21,0.001963814009898037,0.0013682212298130009,0.0011209288645548778,0.0008428851453431601,0.000247292365258123,0.595592780085037,0.008855675054118937,0.5238095238095238
treatment_price_plus_fno,20,10.0,95,21,0.002895359806740464,0.002244844138663034,0.0029420190040805824,-4.665919734011745e-05,-0.0006971748654175481,0.6505156680774311,0.04638017787203189,0.5714285714285714
treatment_price_plus_fno,20,15.0,0,21,0.010278426529452458,0.009258324170674027,0.009277856923568611,0.0010005696058838468,-1.9532752894585996e-05,0.6800682391856215,0.027296003058067116,0.8571428571428571
treatment_price_plus_fno,20,15.0,1,21,0.002551789214491622,0.0016713734255896916,0.0007047652811810727,0.0018470239333105494,0.0009666081444086191,0.5869438592679533,0.03331638826584297,0.47619047619047616
treatment_price_plus_fno,20,15.0,2,21,-0.004551998600226696,-0.005420522321175114,-0.004135988831637815,-0.00041600976858888146,-0.0012845334895373013,0.579015813965613,-0.01165005003081144,0.3333333333333333
treatment_price_plus_fno,20,15.0,3,21,0.007346177792680565,0.006405777097290558,0.0038627941886461145,0.0034833836040344514,0.002542982908644444,0.626933796926671,0.10890311466168169,0.6666666666666666
treatment_price_plus_fno,20,15.0,4,21,0.002027941683738807,0.0011373849489997746,-0.00022305233028935872,0.0022509940140281654,0.0013604372792891328,0.5937044898260216,0.07930595321152774,0.47619047619047616
treatment_price_plus_fno,20,15.0,5,21,0.005833568515528821,0.004870337642019963,0.004576520580655539,0.0012570479348732826,0.0002938170613644251,0.6421539156725717,0.001192069140538599,0.6666666666666666
treatment_price_plus_fno,20,15.0,6,21,0.003422396471089964,0.002610717828934222,0.00284055771690352,0.0005818387541864445,-0.00022983988796929783,0.5411190947704949,0.0004729278020765719,0.5714285714285714
treatment_price_plus_fno,20,15.0,7,21,0.00033319859723445454,-0.00053584682674529,0.0009600259777668702,-0.0006268273805324154,-0.0014958728045121605,0.5793636159864968,0.02103653662067652,0.5714285714285714
treatment_price_plus_fno,20,15.0,8,21,-0.0033885854862853635,-0.00429983718565994,-0.004700027479439395,0.001311441993154031,0.00040019029377945614,0.6075011329163832,0.09250811409127763,0.38095238095238093
treatment_price_plus_fno,20,15.0,9,21,0.0002968287542548854,-0.0004677182943752054,-0.0005610364067509755,0.0008578651610058611,9.331811237577029e-05,0.5096980324200605,0.04730677569360188,0.5238095238095238
treatment_price_plus_fno,20,15.0,10,21,-0.0014912078542120514,-0.002420263000174302,-0.0019364631386847432,0.000445255284472693,-0.00048379986148955795,0.6193700973081673,0.09833051814767148,0.38095238095238093
treatment_price_plus_fno,20,15.0,11,21,0.001887507169397244,0.0009491751961041179,0.0007325534021177543,0.0011549537672794904,0.0002166217939863634,0.6255546488620846,0.0742592078855307,0.5238095238095238
treatment_price_plus_fno,20,15.0,12,21,0.008420857877735404,0.007596621484523212,0.0034592321155040096,0.004961625762231396,0.004137389369019202,0.5494909288081284,0.08310450411597686,0.7619047619047619
treatment_price_plus_fno,20,15.0,13,21,0.005207073916629011,0.004296089254456874,0.0032185694539755166,0.001988504462653495,0.001077519800481358,0.6073231081147578,0.0018081465872406455,0.7619047619047619
treatment_price_plus_fno,20,15.0,14,21,0.0026645194623939536,0.0017892330288762897,0.0024669701879322797,0.00019754927446167416,-0.0006777371590559895,0.5835242890117757,0.00806759605563274,0.5238095238095238
treatment_price_plus_fno,20,15.0,15,21,-0.0029107165387487624,-0.0038108454308784243,-0.003581612492582397,0.0006708959538336356,-0.0002292329382960267,0.6000859280864412,0.054910144781797815,0.5238095238095238
treatment_price_plus_fno,20,15.0,16,21,0.004074548423291536,0.0031161822113487934,0.0033286012565400696,0.0007459471667514662,-0.00021241904519127565,0.6389108079618279,0.01575806917874989,0.8095238095238095
treatment_price_plus_fno,20,15.0,17,21,0.0032036502665727926,0.0021996862385814343,0.0008823733073963284,0.0023212769591764645,0.001317312931185106,0.6693093519942388,-0.0007227308607509934,0.5238095238095238
treatment_price_plus_fno,20,15.0,18,21,0.003399148366964683,0.0024153878068972406,0.001972612212777594,0.0014265361541870893,0.00044277559411964656,0.6558403733782951,0.04713846724912362,0.5714285714285714
treatment_price_plus_fno,20,15.0,19,21,-0.001108388214499811,-0.0019448093053271052,-0.0027490789096731288,0.0016406906951733167,0.0008042696043460228,0.5576140605515295,0.12533448866928762,0.5714285714285714
treatment_price_plus_fno,20,15.0,20,21,0.0011715475501771423,0.0002700643161643549,-0.00018642344928759973,0.0013579709994647419,0.0004564877654519549,0.6009888226751915,0.018588544570283607,0.47619047619047616
treatment_price_plus_fno,20,15.0,21,21,0.006970063520491224,0.006119559314747414,0.0038477307540611275,0.003122332766430098,0.0022718285606862865,0.5670028038292079,0.08494869596130099,0.8095238095238095
treatment_price_plus_fno,20,15.0,22,21,0.0011754493362225696,0.00024248384821369944,-0.0004887204514563791,0.0016641697876789493,0.0007312042996700791,0.6219769920059136,0.05594257468736244,0.5238095238095238
treatment_price_plus_fno,20,15.0,23,21,0.003616749592906282,0.0027586216985471096,0.00102680804940149,0.0025899415435047925,0.0017318136491456197,0.5720852629061155,0.10376941370480447,0.6666666666666666
treatment_price_plus_fno,20,15.0,24,21,0.0013229080280256881,0.00042566580784540904,-0.00016738212682761928,0.001490290154853307,0.0005930479346730284,0.5981614801201858,0.06347233623419075,0.47619047619047616
treatment_price_plus_fno,20,15.0,25,21,0.0025016341129387803,0.0015040066171345605,0.00021251725769717936,0.002289116855241601,0.0012914893594373812,0.6650849972028132,0.08992878144159111,0.6190476190476191
treatment_price_plus_fno,20,15.0,26,21,0.003982648595595385,0.0030785122446092376,0.0019525501506506612,0.002030098444944723,0.001125962093958576,0.6027575673240981,0.059847542322121174,0.6666666666666666
treatment_price_plus_fno,20,15.0,27,21,-0.0037021385613218265,-0.00462232322562338,-0.005283604678942436,0.0015814661176206093,0.0006612814533190569,0.6134564428677016,0.03421663757605847,0.47619047619047616
treatment_price_plus_fno,20,15.0,28,21,0.006392373619114435,0.005453208901756782,0.0040821891042611145,0.0023101845148533226,0.0013710197974956674,0.6261098115717703,0.06866993967556742,0.6666666666666666
treatment_price_plus_fno,20,15.0,29,21,-0.0005777274937912701,-0.0014936090598702103,-0.0001814580127611842,-0.00039626948103008543,-0.0013121510471090256,0.6105877107192934,-0.02272713926746603,0.47619047619047616
treatment_price_plus_fno,20,15.0,30,21,0.0005034139384748334,-0.0004443496011055741,-0.0005336028089270499,0.0010370167474018834,8.925320782147559e-05,0.6318423597202716,0.05448884694887887,0.5238095238095238
treatment_price_plus_fno,20,15.0,31,21,-0.0002575543498635549,-0.00125285136444299,-0.0029076599554051378,0.0026501056055415824,0.0016548085909621466,0.6635313430529572,0.0938569312005914,0.47619047619047616
treatment_price_plus_fno,20,15.0,32,21,0.006491225070353828,0.005536644333443812,0.0038269063333961234,0.002664318736957704,0.0017097380000476877,0.6363871579400108,0.0678180320992416,0.8095238095238095
treatment_price_plus_fno,20,15.0,33,21,0.001397682869047208,0.00040825202625855263,0.0009477284839608934,0.00044995438508631437,-0.0005394764577023408,0.6596205618591034,0.07107310665850278,0.5714285714285714
treatment_price_plus_fno,20,15.0,34,21,0.004282444997157727,0.003281431904240293,0.0033583724431974983,0.0009240725539602283,-7.69405389572055e-05,0.6673420619449558,-0.013761699025077933,0.6666666666666666
treatment_price_plus_fno,20,15.0,35,21,0.00391883476821223,0.0029595849760738584,0.002075929491047882,0.0018429052771643478,0.0008836554850259771,0.6394998614255807,0.05165294488719811,0.6190476190476191
treatment_price_plus_fno,20,15.0,36,21,0.001715986287414493,0.0007584083112624818,-2.0548687242799155e-05,0.0017365349746572922,0.0007789569985052809,0.6383853174346742,0.04799752593868093,0.6190476190476191
treatment_price_plus_fno,20,15.0,37,21,0.004949864402390933,0.004055284377198608,0.0014989751874852758,0.003450889214905658,0.0025563091897133315,0.5963866834615499,0.1203042521255309,0.6666666666666666
treatment_price_plus_fno,20,15.0,38,21,0.0045986566693872,0.0036295287925604157,0.0047425078768981695,-0.0001438512075109707,-0.0011129790843377534,0.6460852512178553,0.02716804846646007,0.8095238095238095
treatment_price_plus_fno,20,15.0,39,21,0.0024878420472253895,0.0015825741619246662,0.0022243504234463053,0.0002634916237790841,-0.0006417762615216393,0.6035119235338154,0.04916736624452586,0.7142857142857143
treatment_price_plus_fno,20,15.0,40,21,0.0015580778312520834,0.0006957955430459954,0.0016368398500060369,-7.876201875395338e-05,-0.0009410443069600414,0.5748548588040586,0.0007721359100497375,0.47619047619047616
treatment_price_plus_fno,20,15.0,41,21,0.0029482144161299935,0.0020780568442500323,0.000643432387471487,0.002304782028658506,0.0014346244567785456,0.5801050479199736,0.054829146108328036,0.47619047619047616
treatment_price_plus_fno,20,15.0,42,21,0.002976570698409999,0.001921450078191594,0.0013016957384125454,0.0016748749599974526,0.0006197543397790479,0.7034137468122699,0.028457042769126282,0.6666666666666666
treatment_price_plus_fno,20,15.0,43,21,0.0061378670893019556,0.005083213713095929,0.003408693534472406,0.00272917355482955,0.0016745201786235238,0.7031022508040176,0.06925109289176512,0.8095238095238095
treatment_price_plus_fno,20,15.0,44,21,0.00420051302358034,0.003234461742649999,0.0021216179360499876,0.002078895087530352,0.0011128438066000115,0.644034187286894,0.043403603331887856,0.6666666666666666
treatment_price_plus_fno,20,15.0,45,21,0.002716033062525202,0.001793775051989025,0.0015437821655187953,0.0011722508970064068,0.0002499928864702292,0.614838673690785,0.051340051345526834,0.6666666666666666
treatment_price_plus_fno,20,15.0,46,21,-0.003707133585670174,-0.004662838521000613,-0.003715407087723579,8.27350205340739e-06,-0.0009474314332770344,0.6371366235536274,0.04614748759050045,0.42857142857142855
treatment_price_plus_fno,20,15.0,47,21,-0.0003667508891866347,-0.0013965386778654113,-0.003008503361890378,0.0026417524727037423,0.001611964684024966,0.6865251924525181,0.08655801413355647,0.42857142857142855
treatment_price_plus_fno,20,15.0,48,21,-0.0027819711043609017,-0.0037774497971842036,-0.0021038314018803563,-0.0006781397024805453,-0.001673618395303847,0.6636524618822008,0.0215305665752671,0.38095238095238093
treatment_price_plus_fno,20,15.0,49,21,6.0230881631837384e-05,-0.000929522840080898,-0.002168048399539465,0.0022282792811713016,0.0012385255594585668,0.6598358144751566,0.07897984635436277,0.42857142857142855
treatment_price_plus_fno,20,15.0,50,21,0.006611973225789555,0.0055945052047377975,0.00363294418167653,0.0029790290441130242,0.001961561023061267,0.6783120140345044,0.05025942214504125,0.5714285714285714
treatment_price_plus_fno,20,15.0,51,21,-0.005484986414588013,-0.006423543907742952,-0.007644191456537368,0.0021592050419493537,0.0012206475487944156,0.6257049954366255,0.08311874849857086,0.38095238095238093
treatment_price_plus_fno,20,15.0,52,21,0.00725009281789116,0.0062780295277339955,0.0032612243779234335,0.003988868439967723,0.0030168051498105594,0.6480421934381094,0.08890750883437305,0.5714285714285714
treatment_price_plus_fno,20,15.0,53,21,0.004252378152406806,0.003313194521670476,0.0025474920379080813,0.0017048861144987246,0.0007657024837623956,0.6261224204908861,0.037382223241251664,0.7619047619047619
treatment_price_plus_fno,20,15.0,54,21,-0.0005948407718896111,-0.0015034000821167776,-0.002266474135571088,0.0016716333636814763,0.0007630740534543089,0.6057062068181115,0.012407353998532019,0.42857142857142855
treatment_price_plus_fno,20,15.0,55,21,0.002964565786400777,0.0019752917467676045,0.0009384048858027778,0.002026160900597999,0.0010368868609648264,0.6595160264221152,0.04426272111109202,0.6190476190476191
treatment_price_plus_fno,20,15.0,56,21,0.0012625300703968515,0.000308295281059634,0.000643416629293226,0.000619113441103626,-0.0003351213482335919,0.6361565262248119,0.07309602510251541,0.5714285714285714
treatment_price_plus_fno,20,15.0,57,21,-0.0002706272213861201,-0.0011436201508675074,-0.00014433265728983722,-0.00012629456409628368,-0.0009992874935776705,0.581995286320925,0.09432559010460516,0.5714285714285714
treatment_price_plus_fno,20,15.0,58,21,0.00019542813221718491,-0.0007416507783029832,-0.001683031934572472,0.0018784600667896567,0.0009413811562694885,0.6247192736801122,0.06627708914822367,0.38095238095238093
treatment_price_plus_fno,20,15.0,59,21,0.003174744670107483,0.0021632864003179697,0.003477984409131015,-0.00030323973902353135,-0.0013146980088130447,0.6743055131930087,0.029734448057435,0.42857142857142855
treatment_price_plus_fno,20,15.0,60,21,0.0013320322457054212,0.0004023944009073815,-0.0007571603444698012,0.0020891925901752226,0.0011595547453771824,0.6197585631986932,0.09449585462212583,0.47619047619047616
treatment_price_plus_fno,20,15.0,61,21,0.00334033607822374,0.00239366583742321,0.0028981924873527514,0.0004421435908709883,-0.0005045266499295412,0.6311134938670196,-0.04608043396297929,0.6666666666666666
treatment_price_plus_fno,20,15.0,62,21,-0.013387448980965798,-0.014286048313840383,-0.012103976758894417,-0.001283472222071381,-0.0021820715549459658,0.5990662219163898,-0.04160663194743095,0.42857142857142855
treatment_price_plus_fno,20,15.0,63,21,0.007575270077217308,0.006715428693485731,0.0057996746353013145,0.0017755954419159908,0.0009157540581844171,0.5732275891543823,0.05939637133237196,0.6190476190476191
treatment_price_plus_fno,20,15.0,64,21,0.01253377214169483,0.011645066402703158,0.00729891807163654,0.005234854070058288,0.004346148331066617,0.5924704926611138,0.1186041355007776,0.7619047619047619
treatment_price_plus_fno,20,15.0,65,21,0.004506948860708363,0.003630831395063547,0.001316493206478214,0.0031904556542301497,0.0023143381885853335,0.5840783104298772,0.07613288572639822,0.6666666666666666
treatment_price_plus_fno,20,15.0,66,21,0.001944355905054131,0.001125455260900592,0.0009941077526109858,0.0009502481524431445,0.00013134750828960656,0.5459337627690253,0.09367610189827871,0.7142857142857143
treatment_price_plus_fno,20,15.0,67,21,0.00028117565820763124,-0.0005487406110801362,0.00031087986938691306,-2.970421117928184e-05,-0.0008596204804670491,0.5532775128585117,0.00913853805500342,0.5714285714285714
treatment_price_plus_fno,20,15.0,68,21,0.00572634831947666,0.004839376917298521,0.004731639976919423,0.0009947083425572373,0.00010773694037909976,0.5913142681187585,0.021453088897590497,0.7142857142857143
treatment_price_plus_fno,20,15.0,69,21,0.004137338786823354,0.003199515319311426,0.002289652275044883,0.0018476865117784704,0.0009098630442665422,0.6252156450079522,0.05233101550267228,0.42857142857142855
treatment_price_plus_fno,20,15.0,70,21,0.0028462253449411624,0.0019936295977762996,0.0005562110372507807,0.002290014307690382,0.001437418560525519,0.5683971647765749,0.1014979786961223,0.5238095238095238
treatment_price_plus_fno,20,15.0,71,21,0.0015787245034982569,0.0006911352381103231,0.0012386285144815991,0.0003400959890166571,-0.0005474932763712759,0.5917261769252888,0.026514673790279896,0.6190476190476191
treatment_price_plus_fno,20,15.0,72,21,0.004518880577217983,0.0036313811170936607,0.00217990280039629,0.002338977776821693,0.0014514783166973714,0.5916663067495479,0.03422824466101336,0.6666666666666666
treatment_price_plus_fno,20,15.0,73,21,0.0016257402860233795,0.0007527644422675548,0.00039994215115999015,0.001225798134863389,0.00035282229110756414,0.5819838958372168,0.06972629032612145,0.42857142857142855
treatment_price_plus_fno,20,15.0,74,21,0.0034830554119477464,0.0025493452953601107,0.0027109024086391037,0.0007721530033086429,-0.0001615571132789931,0.6224734110584241,0.003601743501640477,0.6666666666666666
treatment_price_plus_fno,20,15.0,75,21,-0.0009120931918915593,-0.0018287611162797056,-0.0008616884146461018,-5.040477724545761e-05,-0.0009670727016336041,0.6111119495920976,0.04644185668760564,0.5238095238095238
treatment_price_plus_fno,20,15.0,76,21,0.0009572881252646085,4.8204263336379756e-05,0.00029057502428398514,0.0006667131009806237,-0.00024237076094760546,0.6060559079521527,0.030441960160018558,0.5714285714285714
treatment_price_plus_fno,20,15.0,77,21,-0.003060646559288227,-0.003952248486060981,-0.00378120562732921,0.0007205590680409839,-0.00017104285873177017,0.5944012845151695,0.047070970778380065,0.42857142857142855
treatment_price_plus_fno,20,15.0,78,21,0.006030178192029127,0.005065167095765595,0.005166563222075539,0.0008636149699535864,-0.00010139612630994551,0.6433407308423545,0.02904727523071252,0.6666666666666666
treatment_price_plus_fno,20,15.0,79,21,-0.005674028496836062,-0.006679303810963196,-0.004860824748259307,-0.0008132037485767559,-0.0018184790627038905,0.670183542751423,-0.0054684863895034744,0.3333333333333333
treatment_price_plus_fno,20,15.0,80,21,-0.0003113142521456333,-0.001371636086300111,0.00013226671334733782,-0.000443580965492972,-0.0015039027996474493,0.7068812227696516,-0.0027523732586852336,0.5714285714285714
treatment_price_plus_fno,20,15.0,81,21,0.002638201021887417,0.0016841408975432797,0.00256741376838518,7.078725350223738e-05,-0.0008832728708419,0.6360400828960916,0.04455185963852867,0.5714285714285714
treatment_price_plus_fno,20,15.0,82,21,-0.002281816437721549,-0.003268999578845806,-0.0024381706113873708,0.0001563541736658223,-0.0008308289674584357,0.6581220940828385,0.01609958416986398,0.47619047619047616
treatment_price_plus_fno,20,15.0,83,21,0.001032419631886629,5.66859364463892e-05,0.0014355968002289841,-0.00040317716834235536,-0.001378910863782595,0.6504891302934932,-0.017615861166497764,0.5238095238095238
treatment_price_plus_fno,20,15.0,84,21,-0.0011247813316205136,-0.002110780266902981,-0.0012432295328331934,0.0001184482012126791,-0.0008675507340697877,0.6573326235216445,-0.0072185247622845615,0.38095238095238093
treatment_price_plus_fno,20,15.0,85,21,-0.00011885130711189335,-0.0010484494021453308,-0.00037188861883118076,0.00025303731171928814,-0.0006765607833141499,0.619732063355625,0.033281539567921604,0.47619047619047616
treatment_price_plus_fno,20,15.0,86,21,0.002453237154351715,0.0014813095836206883,0.0017937701682161282,0.0006594669861355864,-0.0003124605845954401,0.6479517138206843,0.006135314208957424,0.6666666666666666
treatment_price_plus_fno,20,15.0,87,21,0.002470342486948985,0.0014908671849620714,0.002480534543422888,-1.0192056473902845e-05,-0.0009896673584608166,0.6529835346579423,0.03525534772502881,0.42857142857142855
treatment_price_plus_fno,20,15.0,88,21,0.001941804272349947,0.0009587163650359951,0.0015776761796341989,0.00036412809271574786,-0.0006189598145982039,0.6553919382093012,0.049788610887517126,0.6666666666666666
treatment_price_plus_fno,20,15.0,89,21,0.003762587573610261,0.0028228544679072673,0.0018437978049112565,0.001918789768699004,0.0009790566629960108,0.6264887371353285,0.06685268168632698,0.6190476190476191
treatment_price_plus_fno,20,15.0,90,21,0.0015706430501188557,0.0006769364969064669,-0.001200241452374314,0.00277088450249317,0.0018771779492807814,0.5958043688082589,0.07052082255756027,0.47619047619047616
treatment_price_plus_fno,20,15.0,91,21,0.00470655322795837,0.003791054799833305,0.004185396498689209,0.0005211567292691611,-0.00039434169885590477,0.6103322854167106,0.021111852821059218,0.7142857142857143
treatment_price_plus_fno,20,15.0,92,21,0.003353289956600413,0.002468568110693585,0.0014013964946219982,0.0019518934619784153,0.001067171616071587,0.5898145639378856,0.05068501388820041,0.5714285714285714
treatment_price_plus_fno,20,15.0,93,21,0.0022755010711583974,0.0014353077802087535,1.4035620939745594e-05,0.002261465450218652,0.0014212721592690076,0.5601288606330963,0.07556420508515077,0.5238095238095238
treatment_price_plus_fno,20,15.0,94,21,0.001963814009898037,0.0010704248397704825,0.0011209288645548778,0.0008428851453431601,-5.050402478439551e-05,0.595592780085037,0.008855675054118937,0.5238095238095238
treatment_price_plus_fno,20,15.0,95,21,0.002895359806740464,0.0019195863046243184,0.0029420190040805824,-4.665919734011745e-05,-0.001022432699456264,0.6505156680774311,0.04638017787203189,0.5714285714285714
treatment_price_plus_fno,20,25.0,0,21,0.010278426529452458,0.008578255931488405,0.009277856923568611,0.0010005696058838468,-0.0006996009920802072,0.6800682391856215,0.027296003058067116,0.8571428571428571
treatment_price_plus_fno,20,25.0,1,21,0.002551789214491622,0.0010844295663217385,0.0007047652811810727,0.0018470239333105494,0.0003796642851406657,0.5869438592679533,0.03331638826584297,0.47619047619047616
treatment_price_plus_fno,20,25.0,2,21,-0.004551998600226696,-0.005999538135140728,-0.004135988831637815,-0.00041600976858888146,-0.0018635493035029146,0.579015813965613,-0.01165005003081144,0.3333333333333333
treatment_price_plus_fno,20,25.0,3,21,0.007346177792680565,0.005778843300363886,0.0038627941886461145,0.0034833836040344514,0.001916049111717773,0.626933796926671,0.10890311466168169,0.6190476190476191
treatment_price_plus_fno,20,25.0,4,21,0.002027941683738807,0.0005436804591737524,-0.00022305233028935872,0.0022509940140281654,0.0007667327894631109,0.5937044898260216,0.07930595321152774,0.47619047619047616
treatment_price_plus_fno,20,25.0,5,21,0.005833568515528821,0.004228183726347393,0.004576520580655539,0.0012570479348732826,-0.0003483368543081463,0.6421539156725717,0.001192069140538599,0.6666666666666666
treatment_price_plus_fno,20,25.0,6,21,0.003422396471089964,0.002069598734163727,0.00284055771690352,0.0005818387541864445,-0.0007709589827397926,0.5411190947704949,0.0004729278020765719,0.5714285714285714
treatment_price_plus_fno,20,25.0,7,21,0.00033319859723445454,-0.0011152104427317867,0.0009600259777668702,-0.0006268273805324154,-0.002075236420498657,0.5793636159864968,0.02103653662067652,0.5714285714285714
treatment_price_plus_fno,20,25.0,8,21,-0.0033885854862853635,-0.004907338318576322,-0.004700027479439395,0.001311441993154031,-0.0002073108391369271,0.6075011329163832,0.09250811409127763,0.38095238095238093
treatment_price_plus_fno,20,25.0,9,21,0.0002968287542548854,-0.0009774163267952645,-0.0005610364067509755,0.0008578651610058611,-0.0004163799200442902,0.5096980324200605,0.04730677569360188,0.5238095238095238
treatment_price_plus_fno,20,25.0,10,21,-0.0014912078542120514,-0.00303963309748247,-0.0019364631386847432,0.000445255284472693,-0.0011031699587977252,0.6193700973081673,0.09833051814767148,0.38095238095238093
treatment_price_plus_fno,20,25.0,11,21,0.001887507169397244,0.0003236205472420337,0.0007325534021177543,0.0011549537672794904,-0.00040893285487572157,0.6255546488620846,0.0742592078855307,0.47619047619047616
treatment_price_plus_fno,20,25.0,12,21,0.008420857877735404,0.007047130555715082,0.0034592321155040096,0.004961625762231396,0.003587898440211074,0.5494909288081284,0.08310450411597686,0.7619047619047619
treatment_price_plus_fno,20,25.0,13,21,0.005207073916629011,0.0036887661463421173,0.0032185694539755166,0.001988504462653495,0.00047019669236660023,0.6073231081147578,0.0018081465872406455,0.7619047619047619
treatment_price_plus_fno,20,25.0,14,21,0.0026645194623939536,0.001205708739864515,0.0024669701879322797,0.00019754927446167416,-0.001261261448067765,0.5835242890117757,0.00806759605563274,0.5238095238095238
treatment_price_plus_fno,20,25.0,15,21,-0.0029107165387487624,-0.0044109313589648655,-0.003581612492582397,0.0006708959538336356,-0.0008293188663824674,0.6000859280864412,0.054910144781797815,0.5238095238095238
treatment_price_plus_fno,20,25.0,16,21,0.004074548423291536,0.0024772714033869654,0.0033286012565400696,0.0007459471667514662,-0.0008513298531531036,0.6389108079618279,0.01575806917874989,0.7142857142857143
treatment_price_plus_fno,20,25.0,17,21,0.0032036502665727926,0.0015303768865871958,0.0008823733073963284,0.0023212769591764645,0.0006480035791908671,0.6693093519942388,-0.0007227308607509934,0.5238095238095238
treatment_price_plus_fno,20,25.0,18,21,0.003399148366964683,0.0017595474335189451,0.001972612212777594,0.0014265361541870893,-0.00021306477925864858,0.6558403733782951,0.04713846724912362,0.5238095238095238
treatment_price_plus_fno,20,25.0,19,21,-0.001108388214499811,-0.0025024233658786353,-0.0027490789096731288,0.0016406906951733167,0.0002466555437944932,0.5576140605515295,0.12533448866928762,0.5714285714285714
treatment_price_plus_fno,20,25.0,20,21,0.0011715475501771423,-0.0003309245065108362,-0.00018642344928759973,0.0013579709994647419,-0.00014450105722323635,0.6009888226751915,0.018588544570283607,0.47619047619047616
treatment_price_plus_fno,20,25.0,21,21,0.006970063520491224,0.005552556510918206,0.0038477307540611275,0.003122332766430098,0.0017048257568570788,0.5670028038292079,0.08494869596130099,0.7619047619047619
treatment_price_plus_fno,20,25.0,22,21,0.0011754493362225696,-0.00037949314379221393,-0.0004887204514563791,0.0016641697876789493,0.00010922730766416532,0.6219769920059136,0.05594257468736244,0.47619047619047616
treatment_price_plus_fno,20,25.0,23,21,0.003616749592906282,0.0021865364356409935,0.00102680804940149,0.0025899415435047925,0.0011597283862395035,0.5720852629061155,0.10376941370480447,0.6666666666666666
treatment_price_plus_fno,20,25.0,24,21,0.0013229080280256881,-0.00017249567227477697,-0.00016738212682761928,0.001490290154853307,-5.113545447157969e-06,0.5981614801201858,0.06347233623419075,0.47619047619047616
treatment_price_plus_fno,20,25.0,25,21,0.0025016341129387803,0.0008389216199317474,0.00021251725769717936,0.002289116855241601,0.0006264043622345681,0.6650849972028132,0.08992878144159111,0.6190476190476191
treatment_price_plus_fno,20,25.0,26,21,0.003982648595595385,0.0024757546772851387,0.0019525501506506612,0.002030098444944723,0.0005232045266344779,0.6027575673240981,0.059847542322121174,0.6666666666666666
treatment_price_plus_fno,20,25.0,27,21,-0.0037021385613218265,-0.005235779668491081,-0.005283604678942436,0.0015814661176206093,4.782501045135524e-05,0.6134564428677016,0.03421663757605847,0.47619047619047616
treatment_price_plus_fno,20,25.0,28,21,0.006392373619114435,0.00482709909018501,0.0040821891042611145,0.0023101845148533226,0.0007449099859238968,0.6261098115717703,0.06866993967556742,0.6190476190476191
treatment_price_plus_fno,20,25.0,29,21,-0.0005777274937912701,-0.002104196770589503,-0.0001814580127611842,-0.00039626948103008543,-0.0019227387578283188,0.6105877107192934,-0.02272713926746603,0.47619047619047616
treatment_price_plus_fno,20,25.0,30,21,0.0005034139384748334,-0.001076191960825846,-0.0005336028089270499,0.0010370167474018834,-0.0005425891518987958,0.6318423597202716,0.05448884694887887,0.5238095238095238
treatment_price_plus_fno,20,25.0,31,21,-0.0002575543498635549,-0.001916382707495948,-0.0029076599554051378,0.0026501056055415824,0.0009912772479091887,0.6635313430529572,0.0938569312005914,0.47619047619047616
treatment_price_plus_fno,20,25.0,32,21,0.006491225070353828,0.004900257175503801,0.0038269063333961234,0.002664318736957704,0.001073350842107677,0.6363871579400108,0.0678180320992416,0.8095238095238095
treatment_price_plus_fno,20,25.0,33,21,0.001397682869047208,-0.00025136853560055097,0.0009477284839608934,0.00044995438508631437,-0.0011990970195614441,0.6596205618591034,0.07107310665850278,0.5238095238095238
treatment_price_plus_fno,20,25.0,34,21,0.004282444997157727,0.002614089842295337,0.0033583724431974983,0.0009240725539602283,-0.0007442826009021612,0.6673420619449558,-0.013761699025077933,0.6666666666666666
treatment_price_plus_fno,20,25.0,35,21,0.00391883476821223,0.002320085114648278,0.002075929491047882,0.0018429052771643478,0.0002441556236003965,0.6394998614255807,0.05165294488719811,0.5714285714285714
treatment_price_plus_fno,20,25.0,36,21,0.001715986287414493,0.00012002299382780779,-2.0548687242799155e-05,0.0017365349746572922,0.00014057168107060668,0.6383853174346742,0.04799752593868093,0.5714285714285714
treatment_price_plus_fno,20,25.0,37,21,0.004949864402390933,0.0034588976937370585,0.0014989751874852758,0.003450889214905658,0.0019599225062517833,0.5963866834615499,0.1203042521255309,0.6666666666666666
treatment_price_plus_fno,20,25.0,38,21,0.0045986566693872,0.002983443541342561,0.0047425078768981695,-0.0001438512075109707,-0.0017590643355556088,0.6460852512178553,0.02716804846646007,0.7142857142857143
treatment_price_plus_fno,20,25.0,39,21,0.0024878420472253895,0.0009790622383908504,0.0022243504234463053,0.0002634916237790841,-0.0012452881850554553,0.6035119235338154,0.04916736624452586,0.7142857142857143
treatment_price_plus_fno,20,25.0,40,21,0.0015580778312520834,0.00012094068424193669,0.0016368398500060369,-7.876201875395338e-05,-0.0015158991657641,0.5748548588040586,0.0007721359100497375,0.42857142857142855
treatment_price_plus_fno,20,25.0,41,21,0.0029482144161299935,0.0014979517963300585,0.000643432387471487,0.002304782028658506,0.0008545194088585715,0.5801050479199736,0.054829146108328036,0.42857142857142855
treatment_price_plus_fno,20,25.0,42,21,0.002976570698409999,0.0012180363313793238,0.0013016957384125454,0.0016748749599974526,-8.36594070332218e-05,0.7034137468122699,0.028457042769126282,0.6666666666666666
treatment_price_plus_fno,20,25.0,43,21,0.0061378670893019556,0.004380111462291912,0.003408693534472406,0.00272917355482955,0.0009714179278195063,0.7031022508040176,0.06925109289176512,0.6666666666666666
treatment_price_plus_fno,20,25.0,44,21,0.00420051302358034,0.002590427555363105,0.0021216179360499876,0.002078895087530352,0.00046880961931311727,0.644034187286894,0.043403603331887856,0.6666666666666666
treatment_price_plus_fno,20,25.0,45,21,0.002716033062525202,0.0011789363782982395,0.0015437821655187953,0.0011722508970064068,-0.000364845787220556,0.614838673690785,0.051340051345526834,0.6666666666666666
treatment_price_plus_fno,20,25.0,46,21,-0.003707133585670174,-0.005299975144554239,-0.003715407087723579,8.27350205340739e-06,-0.0015845680568306617,0.6371366235536274,0.04614748759050045,0.42857142857142855
treatment_price_plus_fno,20,25.0,47,21,-0.0003667508891866347,-0.0020830638703179297,-0.003008503361890378,0.0026417524727037423,0.0009254394915724476,0.6865251924525181,0.08655801413355647,0.42857142857142855
treatment_price_plus_fno,20,25.0,48,21,-0.0027819711043609017,-0.004441102259066404,-0.0021038314018803563,-0.0006781397024805453,-0.002337270857186047,0.6636524618822008,0.0215305665752671,0.38095238095238093
treatment_price_plus_fno,20,25.0,49,21,6.0230881631837384e-05,-0.0015893586545560542,-0.002168048399539465,0.0022282792811713016,0.0005786897449834102,0.6598358144751566,0.07897984635436277,0.38095238095238093
treatment_price_plus_fno,20,25.0,50,21,0.006611973225789555,0.004916193190703293,0.00363294418167653,0.0029790290441130242,0.0012832490090267635,0.6783120140345044,0.05025942214504125,0.5714285714285714
treatment_price_plus_fno,20,25.0,51,21,-0.005484986414588013,-0.007049248903179577,-0.007644191456537368,0.0021592050419493537,0.0005949425533577899,0.6257049954366255,0.08311874849857086,0.38095238095238093
treatment_price_plus_fno,20,25.0,52,21,0.00725009281789116,0.005629987334295884,0.0032612243779234335,0.003988868439967723,0.00236876295637245,0.6480421934381094,0.08890750883437305,0.5714285714285714
treatment_price_plus_fno,20,25.0,53,21,0.004252378152406806,0.0026870721011795903,0.0025474920379080813,0.0017048861144987246,0.00013958006327150966,0.6261224204908861,0.037382223241251664,0.6666666666666666
treatment_price_plus_fno,20,25.0,54,21,-0.0005948407718896111,-0.00210910628893489,-0.002266474135571088,0.0016716333636814763,0.00015736784663619743,0.6057062068181115,0.012407353998532019,0.42857142857142855
treatment_price_plus_fno,20,25.0,55,21,0.002964565786400777,0.0013157757203454894,0.0009384048858027778,0.002026160900597999,0.00037737083454271144,0.6595160264221152,0.04426272111109202,0.5238095238095238
treatment_price_plus_fno,20,25.0,56,21,0.0012625300703968515,-0.00032786124516517813,0.000643416629293226,0.000619113441103626,-0.0009712778744584039,0.6361565262248119,0.07309602510251541,0.5714285714285714
treatment_price_plus_fno,20,25.0,57,21,-0.0002706272213861201,-0.0017256154371884335,-0.00014433265728983722,-0.00012629456409628368,-0.0015812827798985954,0.581995286320925,0.09432559010460516,0.42857142857142855
treatment_price_plus_fno,20,25.0,58,21,0.00019542813221718491,-0.0013663700519830953,-0.001683031934572472,0.0018784600667896567,0.0003166618825893765,0.6247192736801122,0.06627708914822367,0.3333333333333333
treatment_price_plus_fno,20,25.0,59,21,0.003174744670107483,0.001488980887124961,0.003477984409131015,-0.00030323973902353135,-0.0019890035220060534,0.6743055131930087,0.029734448057435,0.42857142857142855
treatment_price_plus_fno,20,25.0,60,21,0.0013320322457054212,-0.00021736416229131187,-0.0007571603444698012,0.0020891925901752226,0.0005397961821784891,0.6197585631986932,0.09449585462212583,0.47619047619047616
treatment_price_plus_fno,20,25.0,61,21,0.00334033607822374,0.0017625523435561904,0.0028981924873527514,0.0004421435908709883,-0.0011356401437965606,0.6311134938670196,-0.04608043396297929,0.6666666666666666
treatment_price_plus_fno,20,25.0,62,21,-0.013387448980965798,-0.01488511453575677,-0.012103976758894417,-0.001283472222071381,-0.0027811377768623556,0.5990662219163898,-0.04160663194743095,0.3333333333333333
treatment_price_plus_fno,20,25.0,63,21,0.007575270077217308,0.00614220110433135,0.0057996746353013145,0.0017755954419159908,0.00034252646903003547,0.5732275891543823,0.05939637133237196,0.6190476190476191
treatment_price_plus_fno,20,25.0,64,21,0.01253377214169483,0.011052595910042044,0.00729891807163654,0.005234854070058288,0.0037536778384055034,0.5924704926611138,0.1186041355007776,0.7619047619047619
treatment_price_plus_fno,20,25.0,65,21,0.004506948860708363,0.003046753084633671,0.001316493206478214,0.0031904556542301497,0.0017302598781554564,0.5840783104298772,0.07613288572639822,0.5714285714285714
treatment_price_plus_fno,20,25.0,66,21,0.001944355905054131,0.0005795214981315673,0.0009941077526109858,0.0009502481524431445,-0.0004145862544794187,0.5459337627690253,0.09367610189827871,0.7142857142857143
treatment_price_plus_fno,20,25.0,67,21,0.00028117565820763124,-0.0011020181239386477,0.00031087986938691306,-2.970421117928184e-05,-0.001412897993325561,0.5532775128585117,0.00913853805500342,0.5238095238095238
treatment_price_plus_fno,20,25.0,68,21,0.00572634831947666,0.004248062649179764,0.004731639976919423,0.0009947083425572373,-0.0004835773277396589,0.5913142681187585,0.021453088897590497,0.7142857142857143
treatment_price_plus_fno,20,25.0,69,21,0.004137338786823354,0.002574299674303473,0.002289652275044883,0.0018476865117784704,0.0002846473992585898,0.6252156450079522,0.05233101550267228,0.42857142857142855
treatment_price_plus_fno,20,25.0,70,21,0.0028462253449411624,0.0014252324329997253,0.0005562110372507807,0.002290014307690382,0.0008690213957489445,0.5683971647765749,0.1014979786961223,0.5238095238095238
treatment_price_plus_fno,20,25.0,71,21,0.0015787245034982569,9.940906118503434e-05,0.0012386285144815991,0.0003400959890166571,-0.001139219453296565,0.5917261769252888,0.026514673790279896,0.6190476190476191
treatment_price_plus_fno,20,25.0,72,21,0.004518880577217983,0.0030397148103441136,0.00217990280039629,0.002338977776821693,0.0008598120099478234,0.5916663067495479,0.03422824466101336,0.6666666666666666
treatment_price_plus_fno,20,25.0,73,21,0.0016257402860233795,0.00017078054643033765,0.00039994215115999015,0.001225798134863389,-0.00022916160472965247,0.5819838958372168,0.06972629032612145,0.38095238095238093
treatment_price_plus_fno,20,25.0,74,21,0.0034830554119477464,0.0019268718843016874,0.0027109024086391037,0.0007721530033086429,-0.0007840305243374172,0.6224734110584241,0.003601743501640477,0.5714285714285714
treatment_price_plus_fno,20,25.0,75,21,-0.0009120931918915593,-0.0024398730658718036,-0.0008616884146461018,-5.040477724545761e-05,-0.001578184651225702,0.6111119495920976,0.04644185668760564,0.47619047619047616
treatment_price_plus_fno,20,25.0,76,21,0.0009572881252646085,-0.000557851644615773,0.00029057502428398514,0.0006667131009806237,-0.0008484266688997582,0.6060559079521527,0.030441960160018558,0.5714285714285714
treatment_price_plus_fno,20,25.0,77,21,-0.003060646559288227,-0.0045466497705761505,-0.00378120562732921,0.0007205590680409839,-0.0007654441432469398,0.5944012845151695,0.047070970778380065,0.42857142857142855
treatment_price_plus_fno,20,25.0,78,21,0.006030178192029127,0.00442182636492324,0.005166563222075539,0.0008636149699535864,-0.0007447368571523001,0.6433407308423545,0.02904727523071252,0.6190476190476191
treatment_price_plus_fno,20,25.0,79,21,-0.005674028496836062,-0.007349487353714619,-0.004860824748259307,-0.0008132037485767559,-0.0024886626054553135,0.670183542751423,-0.0054684863895034744,0.2857142857142857
treatment_price_plus_fno,20,25.0,80,21,-0.0003113142521456333,-0.0020785173090697635,0.00013226671334733782,-0.000443580965492972,-0.002210784022417101,0.7068812227696516,-0.0027523732586852336,0.5714285714285714
treatment_price_plus_fno,20,25.0,81,21,0.002638201021887417,0.0010481008146471884,0.00256741376838518,7.078725350223738e-05,-0.0015193129537379919,0.6360400828960916,0.04455185963852867,0.5714285714285714
treatment_price_plus_fno,20,25.0,82,21,-0.002281816437721549,-0.003927121672928645,-0.0024381706113873708,0.0001563541736658223,-0.0014889510615412739,0.6581220940828385,0.01609958416986398,0.42857142857142855
treatment_price_plus_fno,20,25.0,83,21,0.001032419631886629,-0.0005938031938471041,0.0014355968002289841,-0.00040317716834235536,-0.0020293999940760887,0.6504891302934932,-0.017615861166497764,0.5238095238095238
treatment_price_plus_fno,20,25.0,84,21,-0.0011247813316205136,-0.0027681128904246256,-0.0012432295328331934,0.0001184482012126791,-0.0015248833575914323,0.6573326235216445,-0.0072185247622845615,0.38095238095238093
treatment_price_plus_fno,20,25.0,85,21,-0.00011885130711189335,-0.001668181465500956,-0.00037188861883118076,0.00025303731171928814,-0.0012962928466697752,0.619732063355625,0.033281539567921604,0.47619047619047616
treatment_price_plus_fno,20,25.0,86,21,0.002453237154351715,0.0008333578698000034,0.0017937701682161282,0.0006594669861355864,-0.0009604122984161244,0.6479517138206843,0.006135314208957424,0.5238095238095238
treatment_price_plus_fno,20,25.0,87,21,0.002470342486948985,0.0008378836503041291,0.002480534543422888,-1.0192056473902845e-05,-0.0016426508931187587,0.6529835346579423,0.03525534772502881,0.3333333333333333
treatment_price_plus_fno,20,25.0,88,21,0.001941804272349947,0.0003033244268266939,0.0015776761796341989,0.00036412809271574786,-0.0012743517528075049,0.6553919382093012,0.049788610887517126,0.5714285714285714
treatment_price_plus_fno,20,25.0,89,21,0.003762587573610261,0.002196365730771939,0.0018437978049112565,0.001918789768699004,0.0003525679258606823,0.6264887371353285,0.06685268168632698,0.6190476190476191
treatment_price_plus_fno,20,25.0,90,21,0.0015706430501188557,8.11321280982081e-05,-0.001200241452374314,0.00277088450249317,0.001281373580472522,0.5958043688082589,0.07052082255756027,0.42857142857142855
treatment_price_plus_fno,20,25.0,91,21,0.00470655322795837,0.0031807225144165935,0.004185396498689209,0.0005211567292691611,-0.0010046739842726154,0.6103322854167106,0.021111852821059218,0.6666666666666666
treatment_price_plus_fno,20,25.0,92,21,0.003353289956600413,0.001878753546755699,0.0014013964946219982,0.0019518934619784153,0.00047735705213370163,0.5898145639378856,0.05068501388820041,0.5238095238095238
treatment_price_plus_fno,20,25.0,93,21,0.0022755010711583974,0.0008751789195756572,1.4035620939745594e-05,0.002261465450218652,0.0008611432986359112,0.5601288606330963,0.07556420508515077,0.5238095238095238
treatment_price_plus_fno,20,25.0,94,21,0.001963814009898037,0.00047483205968544486,0.0011209288645548778,0.0008428851453431601,-0.0006460968048694329,0.595592780085037,0.008855675054118937,0.47619047619047616
treatment_price_plus_fno,20,25.0,95,21,0.002895359806740464,0.0012690706365468863,0.0029420190040805824,-4.665919734011745e-05,-0.0016729483675336947,0.6505156680774311,0.04638017787203189,0.5238095238095238
treatment_price_plus_fno,20,35.0,0,21,0.010278426529452458,0.007898187692302786,0.009277856923568611,0.0010005696058838468,-0.0013796692312658286,0.6800682391856215,0.027296003058067116,0.8571428571428571
treatment_price_plus_fno,20,35.0,1,21,0.002551789214491622,0.0004974857070537853,0.0007047652811810727,0.0018470239333105494,-0.00020727957412728756,0.5869438592679533,0.03331638826584297,0.47619047619047616
treatment_price_plus_fno,20,35.0,2,21,-0.004551998600226696,-0.006578553949106343,-0.004135988831637815,-0.00041600976858888146,-0.0024425651174685274,0.579015813965613,-0.01165005003081144,0.3333333333333333
treatment_price_plus_fno,20,35.0,3,21,0.007346177792680565,0.005151909503437216,0.0038627941886461145,0.0034833836040344514,0.001289115314791102,0.626933796926671,0.10890311466168169,0.5714285714285714
treatment_price_plus_fno,20,35.0,4,21,0.002027941683738807,-5.0024030652269284e-05,-0.00022305233028935872,0.0022509940140281654,0.00017302829963708924,0.5937044898260216,0.07930595321152774,0.47619047619047616
treatment_price_plus_fno,20,35.0,5,21,0.005833568515528821,0.0035860298106748195,0.004576520580655539,0.0012570479348732826,-0.0009904907699807178,0.6421539156725717,0.001192069140538599,0.6190476190476191
treatment_price_plus_fno,20,35.0,6,21,0.003422396471089964,0.001528479639393232,0.00284055771690352,0.0005818387541864445,-0.0013120780775102872,0.5411190947704949,0.0004729278020765719,0.5238095238095238
treatment_price_plus_fno,20,35.0,7,21,0.00033319859723445454,-0.0016945740587182834,0.0009600259777668702,-0.0006268273805324154,-0.002654600036485154,0.5793636159864968,0.02103653662067652,0.5238095238095238
treatment_price_plus_fno,20,35.0,8,21,-0.0033885854862853635,-0.005514839451492705,-0.004700027479439395,0.001311441993154031,-0.0008148119720533102,0.6075011329163832,0.09250811409127763,0.38095238095238093
treatment_price_plus_fno,20,35.0,9,21,0.0002968287542548854,-0.0014871143592153253,-0.0005610364067509755,0.0008578651610058611,-0.0009260779524643507,0.5096980324200605,0.04730677569360188,0.47619047619047616
treatment_price_plus_fno,20,35.0,10,21,-0.0014912078542120514,-0.0036590031947906373,-0.0019364631386847432,0.000445255284472693,-0.0017225400561058928,0.6193700973081673,0.09833051814767148,0.38095238095238093
treatment_price_plus_fno,20,35.0,11,21,0.001887507169397244,-0.00030193410162005174,0.0007325534021177543,0.0011549537672794904,-0.001034487503737805,0.6255546488620846,0.0742592078855307,0.47619047619047616
treatment_price_plus_fno,20,35.0,12,21,0.008420857877735404,0.006497639626906955,0.0034592321155040096,0.004961625762231396,0.0030384075114029455,0.5494909288081284,0.08310450411597686,0.7619047619047619
treatment_price_plus_fno,20,35.0,13,21,0.005207073916629011,0.003081443038227359,0.0032185694539755166,0.001988504462653495,-0.00013712641574815777,0.6073231081147578,0.0018081465872406455,0.7619047619047619
treatment_price_plus_fno,20,35.0,14,21,0.0026645194623939536,0.0006221844508527391,0.0024669701879322797,0.00019754927446167416,-0.0018447857370795411,0.5835242890117757,0.00806759605563274,0.5238095238095238
treatment_price_plus_fno,20,35.0,15,21,-0.0029107165387487624,-0.005011017287051307,-0.003581612492582397,0.0006708959538336356,-0.0014294047944689084,0.6000859280864412,0.054910144781797815,0.5238095238095238
treatment_price_plus_fno,20,35.0,16,21,0.004074548423291536,0.0018383605954251383,0.0033286012565400696,0.0007459471667514662,-0.0014902406611149318,0.6389108079618279,0.01575806917874989,0.6666666666666666
treatment_price_plus_fno,20,35.0,17,21,0.0032036502665727926,0.0008610675345929566,0.0008823733073963284,0.0023212769591764645,-2.130577280337171e-05,0.6693093519942388,-0.0007227308607509934,0.5238095238095238
treatment_price_plus_fno,20,35.0,18,21,0.003399148366964683,0.00110370706014065,0.001972612212777594,0.0014265361541870893,-0.0008689051526369439,0.6558403733782951,0.04713846724912362,0.5238095238095238
treatment_price_plus_fno,20,35.0,19,21,-0.001108388214499811,-0.0030600374264301644,-0.0027490789096731288,0.0016406906951733167,-0.0003109585167570364,0.5576140605515295,0.12533448866928762,0.5714285714285714
treatment_price_plus_fno,20,35.0,20,21,0.0011715475501771423,-0.0009319133291860278,-0.00018642344928759973,0.0013579709994647419,-0.0007454898798984279,0.6009888226751915,0.018588544570283607,0.47619047619047616
treatment_price_plus_fno,20,35.0,21,21,0.006970063520491224,0.004985553707088998,0.0038477307540611275,0.003122332766430098,0.0011378229530278707,0.5670028038292079,0.08494869596130099,0.7619047619047619
treatment_price_plus_fno,20,35.0,22,21,0.0011754493362225696,-0.0010014701357981283,-0.0004887204514563791,0.0016641697876789493,-0.0005127496843417485,0.6219769920059136,0.05594257468736244,0.47619047619047616
treatment_price_plus_fno,20,35.0,23,21,0.003616749592906282,0.0016144511727348783,0.00102680804940149,0.0025899415435047925,0.0005876431233333884,0.5720852629061155,0.10376941370480447,0.6666666666666666
treatment_price_plus_fno,20,35.0,24,21,0.0013229080280256881,-0.0007706571523949624,-0.00016738212682761928,0.001490290154853307,-0.0006032750255673437,0.5981614801201858,0.06347233623419075,0.42857142857142855
treatment_price_plus_fno,20,35.0,25,21,0.0025016341129387803,0.00017383662272893444,0.00021251725769717936,0.002289116855241601,-3.868063496824516e-05,0.6650849972028132,0.08992878144159111,0.6190476190476191
treatment_price_plus_fno,20,35.0,26,21,0.003982648595595385,0.0018729971099610402,0.0019525501506506612,0.002030098444944723,-7.955304068962051e-05,0.6027575673240981,0.059847542322121174,0.6666666666666666
treatment_price_plus_fno,20,35.0,27,21,-0.0037021385613218265,-0.005849236111358782,-0.005283604678942436,0.0015814661176206093,-0.0005656314324163468,0.6134564428677016,0.03421663757605847,0.47619047619047616
treatment_price_plus_fno,20,35.0,28,21,0.006392373619114435,0.0042009892786132414,0.0040821891042611145,0.0023101845148533226,0.00011880017435212649,0.6261098115717703,0.06866993967556742,0.5714285714285714
treatment_price_plus_fno,20,35.0,29,21,-0.0005777274937912701,-0.002714784481308797,-0.0001814580127611842,-0.00039626948103008543,-0.002533326468547612,0.6105877107192934,-0.02272713926746603,0.47619047619047616
treatment_price_plus_fno,20,35.0,30,21,0.0005034139384748334,-0.0017080343205461172,-0.0005336028089270499,0.0010370167474018834,-0.0011744315116190675,0.6318423597202716,0.05448884694887887,0.5238095238095238
treatment_price_plus_fno,20,35.0,31,21,-0.0002575543498635549,-0.0025799140505489058,-0.0029076599554051378,0.0026501056055415824,0.0003277459048562313,0.6635313430529572,0.0938569312005914,0.47619047619047616
treatment_price_plus_fno,20,35.0,32,21,0.006491225070353828,0.004263870017563791,0.0038269063333961234,0.002664318736957704,0.00043696368416766643,0.6363871579400108,0.0678180320992416,0.7619047619047619
treatment_price_plus_fno,20,35.0,33,21,0.001397682869047208,-0.0009109890974596542,0.0009477284839608934,0.00044995438508631437,-0.0018587175814205475,0.6596205618591034,0.07107310665850278,0.38095238095238093
treatment_price_plus_fno,20,35.0,34,21,0.004282444997157727,0.0019467477803503815,0.0033583724431974983,0.0009240725539602283,-0.001411624662847117,0.6673420619449558,-0.013761699025077933,0.5238095238095238
treatment_price_plus_fno,20,35.0,35,21,0.00391883476821223,0.0016805852532226974,0.002075929491047882,0.0018429052771643478,-0.0003953442378251845,0.6394998614255807,0.05165294488719811,0.5238095238095238
treatment_price_plus_fno,20,35.0,36,21,0.001715986287414493,-0.0005183623236068674,-2.0548687242799155e-05,0.0017365349746572922,-0.0004978136363640678,0.6383853174346742,0.04799752593868093,0.47619047619047616
treatment_price_plus_fno,20,35.0,37,21,0.004949864402390933,0.0028625110102755086,0.0014989751874852758,0.003450889214905658,0.0013635358227902328,0.5963866834615499,0.1203042521255309,0.6190476190476191
treatment_price_plus_fno,20,35.0,38,21,0.0045986566693872,0.002337358290124705,0.0047425078768981695,-0.0001438512075109707,-0.002405149586773464,0.6460852512178553,0.02716804846646007,0.6666666666666666
treatment_price_plus_fno,20,35.0,39,21,0.0024878420472253895,0.00037555031485703524,0.0022243504234463053,0.0002634916237790841,-0.0018488001085892702,0.6035119235338154,0.04916736624452586,0.6666666666666666
treatment_price_plus_fno,20,35.0,40,21,0.0015580778312520834,-0.00045391417456212206,0.0016368398500060369,-7.876201875395338e-05,-0.0020907540245681585,0.5748548588040586,0.0007721359100497375,0.42857142857142855
treatment_price_plus_fno,20,35.0,41,21,0.0029482144161299935,0.0009178467484100848,0.000643432387471487,0.002304782028658506,0.00027441436093859797,0.5801050479199736,0.054829146108328036,0.42857142857142855
treatment_price_plus_fno,20,35.0,42,21,0.002976570698409999,0.0005146225845670544,0.0013016957384125454,0.0016748749599974526,-0.0007870731538454915,0.7034137468122699,0.028457042769126282,0.6190476190476191
treatment_price_plus_fno,20,35.0,43,21,0.0061378670893019556,0.003677009211487895,0.003408693534472406,0.00272917355482955,0.0002683156770154887,0.7031022508040176,0.06925109289176512,0.6666666666666666
treatment_price_plus_fno,20,35.0,44,21,0.00420051302358034,0.0019463933680762117,0.0021216179360499876,0.002078895087530352,-0.00017522456797377644,0.644034187286894,0.043403603331887856,0.6190476190476191
treatment_price_plus_fno,20,35.0,45,21,0.002716033062525202,0.000564097704607454,0.0015437821655187953,0.0011722508970064068,-0.000979684460911341,0.614838673690785,0.051340051345526834,0.6666666666666666
treatment_price_plus_fno,20,35.0,46,21,-0.003707133585670174,-0.005937111768107868,-0.003715407087723579,8.27350205340739e-06,-0.0022217046803842894,0.6371366235536274,0.04614748759050045,0.42857142857142855
treatment_price_plus_fno,20,35.0,47,21,-0.0003667508891866347,-0.002769589062770448,-0.003008503361890378,0.0026417524727037423,0.00023891429911992968,0.6865251924525181,0.08655801413355647,0.42857142857142855
treatment_price_plus_fno,20,35.0,48,21,-0.0027819711043609017,-0.005104754720948604,-0.0021038314018803563,-0.0006781397024805453,-0.0030009233190682488,0.6636524618822008,0.0215305665752671,0.2857142857142857
treatment_price_plus_fno,20,35.0,49,21,6.0230881631837384e-05,-0.002249194469031211,-0.002168048399539465,0.0022282792811713016,-8.114606949174675e-05,0.6598358144751566,0.07897984635436277,0.38095238095238093
treatment_price_plus_fno,20,35.0,50,21,0.006611973225789555,0.004237881176668789,0.00363294418167653,0.0029790290441130242,0.0006049369949922588,0.6783120140345044,0.05025942214504125,0.5714285714285714
treatment_price_plus_fno,20,35.0,51,21,-0.005484986414588013,-0.007674953898616204,-0.007644191456537368,0.0021592050419493537,-3.0762442078836484e-05,0.6257049954366255,0.08311874849857086,0.38095238095238093
treatment_price_plus_fno,20,35.0,52,21,0.00725009281789116,0.004981945140857775,0.0032612243779234335,0.003988868439967723,0.0017207207629343414,0.6480421934381094,0.08890750883437305,0.5714285714285714
treatment_price_plus_fno,20,35.0,53,21,0.004252378152406806,0.002060949680688704,0.0025474920379080813,0.0017048861144987246,-0.0004865423572193764,0.6261224204908861,0.037382223241251664,0.6666666666666666
treatment_price_plus_fno,20,35.0,54,21,-0.0005948407718896111,-0.0027148124957530016,-0.002266474135571088,0.0016716333636814763,-0.0004483383601819139,0.6057062068181115,0.012407353998532019,0.42857142857142855
treatment_price_plus_fno,20,35.0,55,21,0.002964565786400777,0.0006562596939233745,0.0009384048858027778,0.002026160900597999,-0.0002821451918794037,0.6595160264221152,0.04426272111109202,0.5238095238095238
treatment_price_plus_fno,20,35.0,56,21,0.0012625300703968515,-0.0009640177713899896,0.000643416629293226,0.000619113441103626,-0.0016074344006832156,0.6361565262248119,0.07309602510251541,0.5714285714285714
treatment_price_plus_fno,20,35.0,57,21,-0.0002706272213861201,-0.0023076107235093573,-0.00014433265728983722,-0.00012629456409628368,-0.0021632780662195193,0.581995286320925,0.09432559010460516,0.38095238095238093
treatment_price_plus_fno,20,35.0,58,21,0.00019542813221718491,-0.0019910893256632075,-0.001683031934572472,0.0018784600667896567,-0.000308057391090736,0.6247192736801122,0.06627708914822367,0.3333333333333333
treatment_price_plus_fno,20,35.0,59,21,0.003174744670107483,0.0008146753739319528,0.003477984409131015,-0.00030323973902353135,-0.0026633090351990624,0.6743055131930087,0.029734448057435,0.42857142857142855
treatment_price_plus_fno,20,35.0,60,21,0.0013320322457054212,-0.0008371227254900056,-0.0007571603444698012,0.0020891925901752226,-7.996238102020408e-05,0.6197585631986932,0.09449585462212583,0.47619047619047616
treatment_price_plus_fno,20,35.0,61,21,0.00334033607822374,0.0011314388496891706,0.0028981924873527514,0.0004421435908709883,-0.0017667536376635806,0.6311134938670196,-0.04608043396297929,0.6190476190476191
treatment_price_plus_fno,20,35.0,62,21,-0.013387448980965798,-0.015484180757673164,-0.012103976758894417,-0.001283472222071381,-0.003380203998778746,0.5990662219163898,-0.04160663194743095,0.2857142857142857
treatment_price_plus_fno,20,35.0,63,21,0.007575270077217308,0.0055689735151769676,0.0057996746353013145,0.0017755954419159908,-0.00023070112012434747,0.5732275891543823,0.05939637133237196,0.6190476190476191
treatment_price_plus_fno,20,35.0,64,21,0.01253377214169483,0.01046012541738093,0.00729891807163654,0.005234854070058288,0.0031612073457443894,0.5924704926611138,0.1186041355007776,0.7142857142857143
treatment_price_plus_fno,20,35.0,65,21,0.004506948860708363,0.002462674774203793,0.001316493206478214,0.0031904556542301497,0.001146181567725579,0.5840783104298772,0.07613288572639822,0.5714285714285714
treatment_price_plus_fno,20,35.0,66,21,0.001944355905054131,3.358773536254202e-05,0.0009941077526109858,0.0009502481524431445,-0.0009605200172484436,0.5459337627690253,0.09367610189827871,0.7142857142857143
treatment_price_plus_fno,20,35.0,67,21,0.00028117565820763124,-0.0016552956367971597,0.00031087986938691306,-2.970421117928184e-05,-0.001966175506184072,0.5532775128585117,0.00913853805500342,0.42857142857142855
treatment_price_plus_fno,20,35.0,68,21,0.00572634831947666,0.003656748381061007,0.004731639976919423,0.0009947083425572373,-0.0010748915958584172,0.5913142681187585,0.021453088897590497,0.6666666666666666
treatment_price_plus_fno,20,35.0,69,21,0.004137338786823354,0.0019490840292955215,0.002289652275044883,0.0018476865117784704,-0.0003405682457493617,0.6252156450079522,0.05233101550267228,0.38095238095238093
treatment_price_plus_fno,20,35.0,70,21,0.0028462253449411624,0.00085683526822315,0.0005562110372507807,0.002290014307690382,0.0003006242309723694,0.5683971647765749,0.1014979786961223,0.5238095238095238
treatment_price_plus_fno,20,35.0,71,21,0.0015787245034982569,-0.000492317115740254,0.0012386285144815991,0.0003400959890166571,-0.0017309456302218534,0.5917261769252888,0.026514673790279896,0.5238095238095238
treatment_price_plus_fno,20,35.0,72,21,0.004518880577217983,0.0024480485035945653,0.00217990280039629,0.002338977776821693,0.0002681457031982754,0.5916663067495479,0.03422824466101336,0.6190476190476191
treatment_price_plus_fno,20,35.0,73,21,0.0016257402860233795,-0.00041120334940687915,0.00039994215115999015,0.001225798134863389,-0.0008111455005668693,0.5819838958372168,0.06972629032612145,0.3333333333333333
treatment_price_plus_fno,20,35.0,74,21,0.0034830554119477464,0.0013043984732432627,0.0027109024086391037,0.0007721530033086429,-0.0014065039353958412,0.6224734110584241,0.003601743501640477,0.5238095238095238
treatment_price_plus_fno,20,35.0,75,21,-0.0009120931918915593,-0.0030509850154639014,-0.0008616884146461018,-5.040477724545761e-05,-0.0021892966008178,0.6111119495920976,0.04644185668760564,0.47619047619047616
treatment_price_plus_fno,20,35.0,76,21,0.0009572881252646085,-0.001163907552567925,0.00029057502428398514,0.0006667131009806237,-0.0014544825768519109,0.6060559079521527,0.030441960160018558,0.5714285714285714
treatment_price_plus_fno,20,35.0,77,21,-0.003060646559288227,-0.00514105105509132,-0.00378120562732921,0.0007205590680409839,-0.0013598454277621093,0.5944012845151695,0.047070970778380065,0.38095238095238093
treatment_price_plus_fno,20,35.0,78,21,0.006030178192029127,0.0037784856340808857,0.005166563222075539,0.0008636149699535864,-0.0013880775879946544,0.6433407308423545,0.02904727523071252,0.6190476190476191
treatment_price_plus_fno,20,35.0,79,21,-0.005674028496836062,-0.008019670896466042,-0.004860824748259307,-0.0008132037485767559,-0.0031588461482067367,0.670183542751423,-0.0054684863895034744,0.2857142857142857
treatment_price_plus_fno,20,35.0,80,21,-0.0003113142521456333,-0.0027853985318394133,0.00013226671334733782,-0.000443580965492972,-0.002917665245186752,0.7068812227696516,-0.0027523732586852336,0.5238095238095238
treatment_price_plus_fno,20,35.0,81,21,0.002638201021887417,0.00041206073175109647,0.00256741376838518,7.078725350223738e-05,-0.002155353036634083,0.6360400828960916,0.04455185963852867,0.5238095238095238
treatment_price_plus_fno,20,35.0,82,21,-0.002281816437721549,-0.004585243767011484,-0.0024381706113873708,0.0001563541736658223,-0.0021470731556241123,0.6581220940828385,0.01609958416986398,0.42857142857142855
treatment_price_plus_fno,20,35.0,83,21,0.001032419631886629,-0.0012442923241405969,0.0014355968002289841,-0.00040317716834235536,-0.0026798891243695814,0.6504891302934932,-0.017615861166497764,0.42857142857142855
treatment_price_plus_fno,20,35.0,84,21,-0.0011247813316205136,-0.00342544551394627,-0.0012432295328331934,0.0001184482012126791,-0.0021822159811130766,0.6573326235216445,-0.0072185247622845615,0.3333333333333333
treatment_price_plus_fno,20,35.0,85,21,-0.00011885130711189335,-0.002287913528856581,-0.00037188861883118076,0.00025303731171928814,-0.0019160249100253996,0.619732063355625,0.033281539567921604,0.47619047619047616
treatment_price_plus_fno,20,35.0,86,21,0.002453237154351715,0.00018540615597931922,0.0017937701682161282,0.0006594669861355864,-0.0016083640122368085,0.6479517138206843,0.006135314208957424,0.5238095238095238
treatment_price_plus_fno,20,35.0,87,21,0.002470342486948985,0.00018490011564618658,0.002480534543422888,-1.0192056473902845e-05,-0.0022956344277767016,0.6529835346579423,0.03525534772502881,0.3333333333333333
treatment_price_plus_fno,20,35.0,88,21,0.001941804272349947,-0.0003520675113826069,0.0015776761796341989,0.00036412809271574786,-0.0019297436910168057,0.6553919382093012,0.049788610887517126,0.5238095238095238
treatment_price_plus_fno,20,35.0,89,21,0.003762587573610261,0.0015698769936366107,0.0018437978049112565,0.001918789768699004,-0.00027392081127464624,0.6264887371353285,0.06685268168632698,0.5714285714285714
treatment_price_plus_fno,20,35.0,90,21,0.0015706430501188557,-0.0005146722407100509,-0.001200241452374314,0.00277088450249317,0.0006855692116642632,0.5958043688082589,0.07052082255756027,0.42857142857142855
treatment_price_plus_fno,20,35.0,91,21,0.00470655322795837,0.0025703902289998834,0.004185396498689209,0.0005211567292691611,-0.0016150062696893256,0.6103322854167106,0.021111852821059218,0.6190476190476191
treatment_price_plus_fno,20,35.0,92,21,0.003353289956600413,0.0012889389828178142,0.0014013964946219982,0.0019518934619784153,-0.00011245751180418402,0.5898145639378856,0.05068501388820041,0.5238095238095238
treatment_price_plus_fno,20,35.0,93,21,0.0022755010711583974,0.00031505005894256056,1.4035620939745594e-05,0.002261465450218652,0.00030101443800281474,0.5601288606330963,0.07556420508515077,0.47619047619047616
treatment_price_plus_fno,20,35.0,94,21,0.001963814009898037,-0.000120760720399592,0.0011209288645548778,0.0008428851453431601,-0.0012416895849544697,0.595592780085037,0.008855675054118937,0.47619047619047616
treatment_price_plus_fno,20,35.0,95,21,0.002895359806740464,0.0006185549684694552,0.0029420190040805824,-4.665919734011745e-05,-0.0023234640356111264,0.6505156680774311,0.04638017787203189,0.5238095238095238
