horizon_bars,fold_id,top_n,cost_bps,n_rebalances,gross_expectancy,net_expectancy,benchmark_expectancy,alpha_gross,alpha_net,mean_turnover,ic,hit_rate
1,0,10,10.0,21,0.008364751070708304,0.007688560594517827,0.004072400377787971,0.004292350692920333,0.003616160216729856,0.6761904761904765,0.03105293586355885,0.6666666666666666
1,0,10,15.0,21,0.008364751070708304,0.007350465356422589,0.004072400377787971,0.004292350692920333,0.0032780649786346176,0.6761904761904765,0.03105293586355885,0.6666666666666666
1,0,10,25.0,21,0.008364751070708304,0.006674274880232113,0.004072400377787971,0.004292350692920333,0.002601874502444142,0.6761904761904765,0.03105293586355885,0.6190476190476191
1,0,10,35.0,21,0.008364751070708304,0.005998084404041636,0.004072400377787971,0.004292350692920333,0.0019256840262536655,0.6761904761904765,0.03105293586355885,0.6190476190476191
1,0,20,10.0,21,0.006099587208533546,0.005509111018057355,0.004072400377787971,0.0020271868307455755,0.001436710640269385,0.5904761904761906,0.03105293586355885,0.6666666666666666
1,0,20,15.0,21,0.006099587208533546,0.005213872922819261,0.004072400377787971,0.0020271868307455755,0.0011414725450312898,0.5904761904761906,0.03105293586355885,0.6666666666666666
1,0,20,25.0,21,0.006099587208533546,0.00462339673234307,0.004072400377787971,0.0020271868307455755,0.0005509963545550991,0.5904761904761906,0.03105293586355885,0.5714285714285714
1,0,20,35.0,21,0.006099587208533546,0.004032920541866878,0.004072400377787971,0.0020271868307455755,-3.947983592109144e-05,0.5904761904761906,0.03105293586355885,0.5714285714285714
1,0,50,10.0,21,0.0041699272609015976,0.003952784403758741,0.004072400377787971,9.752688311362639e-05,-0.00011961597402923086,0.21714285714285717,0.03105293586355885,0.7142857142857143
1,0,50,15.0,21,0.0041699272609015976,0.003844212975187312,0.004072400377787971,9.752688311362639e-05,-0.00022818740260065938,0.21714285714285717,0.03105293586355885,0.7142857142857143
1,0,50,25.0,21,0.0041699272609015976,0.0036270701180444545,0.004072400377787971,9.752688311362639e-05,-0.00044533025974351654,0.21714285714285717,0.03105293586355885,0.7142857142857143
1,0,50,35.0,21,0.0041699272609015976,0.003409927260901597,0.004072400377787971,9.752688311362639e-05,-0.0006624731168863739,0.21714285714285717,0.03105293586355885,0.6666666666666666
1,0,100,10.0,21,0.0,0.0,0.004072400377787971,-0.004072400377787971,-0.004072400377787971,0.0,0.03105293586355885,0.0
1,0,100,15.0,21,0.0,0.0,0.004072400377787971,-0.004072400377787971,-0.004072400377787971,0.0,0.03105293586355885,0.0
1,0,100,25.0,21,0.0,0.0,0.004072400377787971,-0.004072400377787971,-0.004072400377787971,0.0,0.03105293586355885,0.0
1,0,100,35.0,21,0.0,0.0,0.004072400377787971,-0.004072400377787971,-0.004072400377787971,0.0,0.03105293586355885,0.0
1,1,10,10.0,21,-0.0005463442182588589,-0.0011701537420683843,0.010964508166044865,-0.011510852384303723,-0.012134661908113251,0.6238095238095238,-0.00663000939561489,0.7142857142857143
1,1,10,15.0,21,-0.0005463442182588589,-0.0014820585039731445,0.010964508166044865,-0.011510852384303723,-0.012446566670018009,0.6238095238095238,-0.00663000939561489,0.7142857142857143
1,1,10,25.0,21,-0.0005463442182588589,-0.0021058680277826697,0.010964508166044865,-0.011510852384303723,-0.013070376193827539,0.6238095238095238,-0.00663000939561489,0.6666666666666666
1,1,10,35.0,21,-0.0005463442182588589,-0.002729677551592194,0.010964508166044865,-0.011510852384303723,-0.01369418571763706,0.6238095238095238,-0.00663000939561489,0.6666666666666666
1,1,20,10.0,21,0.003541531200537524,0.003017721676728,0.010964508166044865,-0.007422976965507343,-0.007946786489316867,0.5238095238095237,-0.00663000939561489,0.7142857142857143
1,1,20,15.0,21,0.003541531200537524,0.0027558169148232383,0.010964508166044865,-0.007422976965507343,-0.00820869125122163,0.5238095238095237,-0.00663000939561489,0.7142857142857143
1,1,20,25.0,21,0.003541531200537524,0.0022320073910137147,0.010964508166044865,-0.007422976965507343,-0.008732500775031153,0.5238095238095237,-0.00663000939561489,0.7142857142857143
1,1,20,35.0,21,0.003541531200537524,0.0017081978672041915,0.010964508166044865,-0.007422976965507343,-0.009256310298840676,0.5238095238095237,-0.00663000939561489,0.7142857142857143
1,1,50,10.0,21,0.012311611747257326,0.012070659366304944,0.010964508166044865,0.0013471035812124593,0.0011061512002600784,0.24095238095238103,-0.00663000939561489,0.8095238095238095
1,1,50,15.0,21,0.012311611747257326,0.011950183175828754,0.010964508166044865,0.0013471035812124593,0.0009856750097838876,0.24095238095238103,-0.00663000939561489,0.8095238095238095
1,1,50,25.0,21,0.012311611747257326,0.011709230794876374,0.010964508166044865,0.0013471035812124593,0.0007447226288315066,0.24095238095238103,-0.00663000939561489,0.8095238095238095
1,1,50,35.0,21,0.012311611747257326,0.011468278413923992,0.010964508166044865,0.0013471035812124593,0.0005037702478791253,0.24095238095238103,-0.00663000939561489,0.8095238095238095
1,1,100,10.0,21,0.001789679231775138,0.001742730874967626,0.010964508166044865,-0.009174828934269727,-0.009221777291077241,0.046948356807511735,-0.00663000939561489,0.38095238095238093
1,1,100,15.0,21,0.001789679231775138,0.0017192566965638701,0.010964508166044865,-0.009174828934269727,-0.009245251469480995,0.046948356807511735,-0.00663000939561489,0.38095238095238093
1,1,100,25.0,21,0.001789679231775138,0.0016723083397563582,0.010964508166044865,-0.009174828934269727,-0.009292199826288509,0.046948356807511735,-0.00663000939561489,0.3333333333333333
1,1,100,35.0,21,0.001789679231775138,0.0016253599829488467,0.010964508166044865,-0.009174828934269727,-0.009339148183096021,0.046948356807511735,-0.00663000939561489,0.3333333333333333
1,2,10,10.0,21,3.8256273871536134e-05,-0.0006188865832713213,-0.0008763843357058747,0.0009146406095774101,0.0002574977524345533,0.6571428571428571,0.054870412151601676,0.5714285714285714
1,2,10,15.0,21,3.8256273871536134e-05,-0.0009474580118427492,-0.0008763843357058747,0.0009146406095774101,-7.10736761368752e-05,0.6571428571428571,0.054870412151601676,0.5238095238095238
1,2,10,25.0,21,3.8256273871536134e-05,-0.0016046008689856064,-0.0008763843357058747,0.0009146406095774101,-0.0007282165332797334,0.6571428571428571,0.054870412151601676,0.47619047619047616
1,2,10,35.0,21,3.8256273871536134e-05,-0.0022617437261284643,-0.0008763843357058747,0.0009146406095774101,-0.0013853593904225902,0.6571428571428571,0.054870412151601676,0.47619047619047616
1,2,20,10.0,21,0.0015226764039794724,0.0009417240230270917,-0.0008763843357058747,0.002399060739685347,0.0018181083587329662,0.5809523809523811,0.054870412151601676,0.5238095238095238
1,2,20,15.0,21,0.0015226764039794724,0.0006512478325509014,-0.0008763843357058747,0.002399060739685347,0.0015276321682567756,0.5809523809523811,0.054870412151601676,0.5238095238095238
1,2,20,25.0,21,0.0015226764039794724,7.029545159851956e-05,-0.0008763843357058747,0.002399060739685347,0.0009466797873043942,0.5809523809523811,0.054870412151601676,0.47619047619047616
1,2,20,35.0,21,0.0015226764039794724,-0.0005106569293538604,-0.0008763843357058747,0.002399060739685347,0.00036572740635201344,0.5809523809523811,0.054870412151601676,0.42857142857142855
1,2,50,10.0,21,0.00017550513478544453,-0.0001159234366431265,-0.0008763843357058747,0.0010518894704913192,0.0007604608990627477,0.2914285714285714,0.054870412151601676,0.42857142857142855
1,2,50,15.0,21,0.00017550513478544453,-0.00026163772235741206,-0.0008763843357058747,0.0010518894704913192,0.0006147466133484619,0.2914285714285714,0.054870412151601676,0.42857142857142855
1,2,50,25.0,21,0.00017550513478544453,-0.0005530662937859832,-0.0008763843357058747,0.0010518894704913192,0.0003233180419198908,0.2914285714285714,0.054870412151601676,0.42857142857142855
1,2,50,35.0,21,0.00017550513478544453,-0.0008444948652145553,-0.0008763843357058747,0.0010518894704913192,3.188947049131895e-05,0.2914285714285714,0.054870412151601676,0.42857142857142855
1,2,100,10.0,21,0.0,0.0,-0.0008763843357058747,0.0008763843357058747,0.0008763843357058747,0.0,0.054870412151601676,0.0
1,2,100,15.0,21,0.0,0.0,-0.0008763843357058747,0.0008763843357058747,0.0008763843357058747,0.0,0.054870412151601676,0.0
1,2,100,25.0,21,0.0,0.0,-0.0008763843357058747,0.0008763843357058747,0.0008763843357058747,0.0,0.054870412151601676,0.0
1,2,100,35.0,21,0.0,0.0,-0.0008763843357058747,0.0008763843357058747,0.0008763843357058747,0.0,0.054870412151601676,0.0
1,3,10,10.0,21,0.0035376850198235825,0.003066256448395011,0.004064778693508421,-0.0005270936736848376,-0.0009985222451134087,0.4714285714285714,0.009107433074652487,0.6666666666666666
1,3,10,15.0,21,0.0035376850198235825,0.0028305421626807254,0.004064778693508421,-0.0005270936736848376,-0.0012342365308276944,0.4714285714285714,0.009107433074652487,0.6190476190476191
1,3,10,25.0,21,0.0035376850198235825,0.0023591135912521535,0.004064778693508421,-0.0005270936736848376,-0.001705665102256266,0.4714285714285714,0.009107433074652487,0.6190476190476191
1,3,10,35.0,21,0.0035376850198235825,0.0018876850198235827,0.004064778693508421,-0.0005270936736848376,-0.0021770936736848373,0.4714285714285714,0.009107433074652487,0.5238095238095238
1,3,20,10.0,21,0.004097915694967706,0.0036336299806819907,0.004064778693508421,3.313700145928554e-05,-0.00043114871282642876,0.4642857142857143,0.009107433074652487,0.6666666666666666
1,3,20,15.0,21,0.004097915694967706,0.003401487123539134,0.004064778693508421,3.313700145928554e-05,-0.0006632915699692857,0.4642857142857143,0.009107433074652487,0.6666666666666666
1,3,20,25.0,21,0.004097915694967706,0.0029372014092534193,0.004064778693508421,3.313700145928554e-05,-0.001127577284255,0.4642857142857143,0.009107433074652487,0.6190476190476191
1,3,20,35.0,21,0.004097915694967706,0.0024729156949677054,0.004064778693508421,3.313700145928554e-05,-0.0015918629985407144,0.4642857142857143,0.009107433074652487,0.6190476190476191
1,3,50,10.0,21,0.003934790839672997,0.003692886077768235,0.004064778693508421,-0.00012998785383542332,-0.00037189261574018526,0.2419047619047619,0.009107433074652487,0.6190476190476191
1,3,50,15.0,21,0.003934790839672997,0.0035719336968158535,0.004064778693508421,-0.00012998785383542332,-0.0004928449966925664,0.2419047619047619,0.009107433074652487,0.6190476190476191
1,3,50,25.0,21,0.003934790839672997,0.0033300289349110918,0.004064778693508421,-0.00012998785383542332,-0.0007347497585973283,0.2419047619047619,0.009107433074652487,0.6190476190476191
1,3,50,35.0,21,0.003934790839672997,0.00308812417300633,0.004064778693508421,-0.00012998785383542332,-0.0009766545205020902,0.2419047619047619,0.009107433074652487,0.6190476190476191
1,3,100,10.0,21,0.0,0.0,0.004064778693508421,-0.004064778693508421,-0.004064778693508421,0.0,0.009107433074652487,0.0
1,3,100,15.0,21,0.0,0.0,0.004064778693508421,-0.004064778693508421,-0.004064778693508421,0.0,0.009107433074652487,0.0
1,3,100,25.0,21,0.0,0.0,0.004064778693508421,-0.004064778693508421,-0.004064778693508421,0.0,0.009107433074652487,0.0
1,3,100,35.0,21,0.0,0.0,0.004064778693508421,-0.004064778693508421,-0.004064778693508421,0.0,0.009107433074652487,0.0
1,4,10,10.0,21,0.006119444446848595,0.005395634923039072,0.0020706184442538904,0.004048826002594704,0.0033250164787851817,0.7238095238095239,0.01905888492126834,0.6666666666666666
1,4,10,15.0,21,0.006119444446848595,0.00503373016113431,0.0020706184442538904,0.004048826002594704,0.0029631117168804192,0.7238095238095239,0.01905888492126834,0.6666666666666666
1,4,10,25.0,21,0.006119444446848595,0.004309920637324785,0.0020706184442538904,0.004048826002594704,0.0022393021930708946,0.7238095238095239,0.01905888492126834,0.6190476190476191
1,4,10,35.0,21,0.006119444446848595,0.0035861111135152618,0.0020706184442538904,0.004048826002594704,0.0015154926692613707,0.7238095238095239,0.01905888492126834,0.6190476190476191
1,4,20,10.0,21,0.004227527849186716,0.003613242134901002,0.0020706184442538904,0.0021569094049328254,0.0015426236906471106,0.6142857142857144,0.01905888492126834,0.7142857142857143
1,4,20,15.0,21,0.004227527849186716,0.003306099277758145,0.0020706184442538904,0.0021569094049328254,0.0012354808335042539,0.6142857142857144,0.01905888492126834,0.7142857142857143
1,4,20,25.0,21,0.004227527849186716,0.0026918135634724305,0.0020706184442538904,0.0021569094049328254,0.0006211951192185391,0.6142857142857144,0.01905888492126834,0.7142857142857143
1,4,20,35.0,21,0.004227527849186716,0.0020775278491867153,0.0020706184442538904,0.0021569094049328254,6.90940493282463e-06,0.6142857142857144,0.01905888492126834,0.5714285714285714
1,4,50,10.0,21,0.0025369610913865376,0.002246484900910347,0.0020706184442538904,0.0004663426471326471,0.0001758664566564564,0.29047619047619055,0.01905888492126834,0.6666666666666666
1,4,50,15.0,21,0.0025369610913865376,0.002101246805672252,0.0020706184442538904,0.0004663426471326471,3.0628361418361275e-05,0.29047619047619055,0.01905888492126834,0.6666666666666666
1,4,50,25.0,21,0.0025369610913865376,0.0018107706151960614,0.0020706184442538904,0.0004663426471326471,-0.00025984782905782945,0.29047619047619055,0.01905888492126834,0.6666666666666666
1,4,50,35.0,21,0.0025369610913865376,0.0015202944247198708,0.0020706184442538904,0.0004663426471326471,-0.0005503240195340201,0.29047619047619055,0.01905888492126834,0.6666666666666666
1,4,100,10.0,21,0.0,0.0,0.0020706184442538904,-0.0020706184442538904,-0.0020706184442538904,0.0,0.01905888492126834,0.0
1,4,100,15.0,21,0.0,0.0,0.0020706184442538904,-0.0020706184442538904,-0.0020706184442538904,0.0,0.01905888492126834,0.0
1,4,100,25.0,21,0.0,0.0,0.0020706184442538904,-0.0020706184442538904,-0.0020706184442538904,0.0,0.01905888492126834,0.0
1,4,100,35.0,21,0.0,0.0,0.0020706184442538904,-0.0020706184442538904,-0.0020706184442538904,0.0,0.01905888492126834,0.0
1,5,10,10.0,21,0.00023082188840335913,-0.0004644162068347364,0.0017312012867712228,-0.0015003793983678643,-0.00219561749360596,0.6952380952380953,-0.012696066192935845,0.5238095238095238
1,5,10,15.0,21,0.00023082188840335913,-0.0008120352544537842,0.0017312012867712228,-0.0015003793983678643,-0.0025432365412250075,0.6952380952380953,-0.012696066192935845,0.5238095238095238
1,5,10,25.0,21,0.00023082188840335913,-0.0015072733496918798,0.0017312012867712228,-0.0015003793983678643,-0.003238474636463103,0.6952380952380953,-0.012696066192935845,0.47619047619047616
1,5,10,35.0,21,0.00023082188840335913,-0.0022025114449299747,0.0017312012867712228,-0.0015003793983678643,-0.0039337127317011986,0.6952380952380953,-0.012696066192935845,0.42857142857142855
1,5,20,10.0,21,0.0003379845368270392,-0.0002191583203158182,0.0017312012867712228,-0.001393216749944184,-0.0019503596070870415,0.5571428571428573,-0.012696066192935845,0.5238095238095238
1,5,20,15.0,21,0.0003379845368270392,-0.0004977297488872468,0.0017312012867712228,-0.001393216749944184,-0.0022289310356584705,0.5571428571428573,-0.012696066192935845,0.47619047619047616
1,5,20,25.0,21,0.0003379845368270392,-0.0010548726060301038,0.0017312012867712228,-0.001393216749944184,-0.002786073892801327,0.5571428571428573,-0.012696066192935845,0.47619047619047616
1,5,20,35.0,21,0.0003379845368270392,-0.0016120154631729614,0.0017312012867712228,-0.001393216749944184,-0.003343216749944184,0.5571428571428573,-0.012696066192935845,0.42857142857142855
1,5,50,10.0,21,0.0009295879222832078,0.0006476831603784462,0.0017312012867712228,-0.0008016133644880152,-0.0010835181263927774,0.28190476190476194,-0.012696066192935845,0.42857142857142855
1,5,50,15.0,21,0.0009295879222832078,0.0005067307794260649,0.0017312012867712228,-0.0008016133644880152,-0.0012244705073451584,0.28190476190476194,-0.012696066192935845,0.42857142857142855
1,5,50,25.0,21,0.0009295879222832078,0.00022482601752130284,0.0017312012867712228,-0.0008016133644880152,-0.0015063752692499202,0.28190476190476194,-0.012696066192935845,0.42857142857142855
1,5,50,35.0,21,0.0009295879222832078,-5.7078744383458795e-05,0.0017312012867712228,-0.0008016133644880152,-0.0017882800311546823,0.28190476190476194,-0.012696066192935845,0.42857142857142855
1,5,100,10.0,21,0.0,0.0,0.0017312012867712228,-0.0017312012867712228,-0.0017312012867712228,0.0,-0.012696066192935845,0.0
1,5,100,15.0,21,0.0,0.0,0.0017312012867712228,-0.0017312012867712228,-0.0017312012867712228,0.0,-0.012696066192935845,0.0
1,5,100,25.0,21,0.0,0.0,0.0017312012867712228,-0.0017312012867712228,-0.0017312012867712228,0.0,-0.012696066192935845,0.0
1,5,100,35.0,21,0.0,0.0,0.0017312012867712228,-0.0017312012867712228,-0.0017312012867712228,0.0,-0.012696066192935845,0.0
1,6,10,10.0,21,0.0013337219004135726,0.0006575314242230963,0.0007216803282246829,0.0006120415721888885,-6.414890400158727e-05,0.6761904761904762,0.007912816927448503,0.5238095238095238
1,6,10,15.0,21,0.0013337219004135726,0.00031943618612785725,0.0007216803282246829,0.0006120415721888885,-0.00040224414209682574,0.6761904761904762,0.007912816927448503,0.5238095238095238
1,6,10,25.0,21,0.0013337219004135726,-0.00035675429006261925,0.0007216803282246829,0.0006120415721888885,-0.001078434618287302,0.6761904761904762,0.007912816927448503,0.5238095238095238
1,6,10,35.0,21,0.0013337219004135726,-0.0010329447662530949,0.0007216803282246829,0.0006120415721888885,-0.0017546250944777786,0.6761904761904762,0.007912816927448503,0.47619047619047616
1,6,20,10.0,21,0.0012420904711181995,0.0006849476139753427,0.0007216803282246829,0.0005204101428935167,-3.6732714249340445e-05,0.5571428571428572,0.007912816927448503,0.5714285714285714
1,6,20,15.0,21,0.0012420904711181995,0.0004063761854039141,0.0007216803282246829,0.0005204101428935167,-0.000315304142820769,0.5571428571428572,0.007912816927448503,0.5714285714285714
1,6,20,25.0,21,0.0012420904711181995,-0.00015076667173894413,0.0007216803282246829,0.0005204101428935167,-0.0008724469999636267,0.5571428571428572,0.007912816927448503,0.5714285714285714
1,6,20,35.0,21,0.0012420904711181995,-0.0007079095288818014,0.0007216803282246829,0.0005204101428935167,-0.0014295898571064837,0.5571428571428572,0.007912816927448503,0.5714285714285714
1,6,50,10.0,21,0.0017704719758416532,0.001441900547270225,0.0007216803282246829,0.0010487916476169706,0.0007202202190455417,0.3285714285714286,0.007912816927448503,0.5714285714285714
1,6,50,15.0,21,0.0017704719758416532,0.0012776148329845104,0.0007216803282246829,0.0010487916476169706,0.0005559345047598276,0.3285714285714286,0.007912816927448503,0.5714285714285714
1,6,50,25.0,21,0.0017704719758416532,0.0009490434044130818,0.0007216803282246829,0.0010487916476169706,0.0002273630761883988,0.3285714285714286,0.007912816927448503,0.5714285714285714
1,6,50,35.0,21,0.0017704719758416532,0.0006204719758416533,0.0007216803282246829,0.0010487916476169706,-0.00010120835238302957,0.3285714285714286,0.007912816927448503,0.5714285714285714
1,6,100,10.0,21,0.0,0.0,0.0007216803282246829,-0.0007216803282246829,-0.0007216803282246829,0.0,0.007912816927448503,0.0
1,6,100,15.0,21,0.0,0.0,0.0007216803282246829,-0.0007216803282246829,-0.0007216803282246829,0.0,0.007912816927448503,0.0
1,6,100,25.0,21,0.0,0.0,0.0007216803282246829,-0.0007216803282246829,-0.0007216803282246829,0.0,0.007912816927448503,0.0
1,6,100,35.0,21,0.0,0.0,0.0007216803282246829,-0.0007216803282246829,-0.0007216803282246829,0.0,0.007912816927448503,0.0
1,7,10,10.0,21,0.0025395422993071564,0.0019300184897833462,0.001578164979598935,0.0009613773197082213,0.0003518535101844117,0.6095238095238095,0.06974506960405664,0.6666666666666666
1,7,10,15.0,21,0.0025395422993071564,0.0016252565850214415,0.001578164979598935,0.0009613773197082213,4.7091605422506785e-05,0.6095238095238095,0.06974506960405664,0.6666666666666666
1,7,10,25.0,21,0.0025395422993071564,0.0010157327754976315,0.001578164979598935,0.0009613773197082213,-0.0005624322041013029,0.6095238095238095,0.06974506960405664,0.6190476190476191
1,7,10,35.0,21,0.0025395422993071564,0.0004062089659738221,0.001578164979598935,0.0009613773197082213,-0.0011719560136251121,0.6095238095238095,0.06974506960405664,0.5238095238095238
1,7,20,10.0,21,0.0017170173946819346,0.0011693983470628868,0.001578164979598935,0.000138852415083,-0.00040876663253604776,0.5476190476190477,0.06974506960405664,0.5714285714285714
1,7,20,15.0,21,0.0017170173946819346,0.0008955888232533628,0.001578164979598935,0.000138852415083,-0.0006825761563455716,0.5476190476190477,0.06974506960405664,0.5714285714285714
1,7,20,25.0,21,0.0017170173946819346,0.0003479697756343152,0.001578164979598935,0.000138852415083,-0.001230195203964619,0.5476190476190477,0.06974506960405664,0.5238095238095238
1,7,20,35.0,21,0.0017170173946819346,-0.0001996492719847323,0.001578164979598935,0.000138852415083,-0.0017778142515836668,0.5476190476190477,0.06974506960405664,0.42857142857142855
1,7,50,10.0,21,0.002067362641495193,0.0017578388319713836,0.001578164979598935,0.0004891976618962583,0.00017967385237244879,0.3095238095238096,0.06974506960405664,0.5714285714285714
1,7,50,15.0,21,0.002067362641495193,0.0016030769272094784,0.001578164979598935,0.0004891976618962583,2.4911947610544082e-05,0.3095238095238096,0.06974506960405664,0.5714285714285714
1,7,50,25.0,21,0.002067362641495193,0.001293553117685669,0.001578164979598935,0.0004891976618962583,-0.0002846118619132656,0.3095238095238096,0.06974506960405664,0.5714285714285714
1,7,50,35.0,21,0.002067362641495193,0.0009840293081618597,0.001578164979598935,0.0004891976618962583,-0.0005941356714370751,0.3095238095238096,0.06974506960405664,0.5238095238095238
1,7,100,10.0,21,0.0,0.0,0.001578164979598935,-0.001578164979598935,-0.001578164979598935,0.0,0.06974506960405664,0.0
1,7,100,15.0,21,0.0,0.0,0.001578164979598935,-0.001578164979598935,-0.001578164979598935,0.0,0.06974506960405664,0.0
1,7,100,25.0,21,0.0,0.0,0.001578164979598935,-0.001578164979598935,-0.001578164979598935,0.0,0.06974506960405664,0.0
1,7,100,35.0,21,0.0,0.0,0.001578164979598935,-0.001578164979598935,-0.001578164979598935,0.0,0.06974506960405664,0.0
1,8,10,10.0,21,0.0022255157175354746,0.001535039527059284,0.0004699968912528126,0.0017555188262826623,0.0010650426358064715,0.6904761904761907,-0.004805395966323187,0.47619047619047616
1,8,10,15.0,21,0.0022255157175354746,0.0011898014318211883,0.0004699968912528126,0.0017555188262826623,0.000719804540568376,0.6904761904761907,-0.004805395966323187,0.47619047619047616
1,8,10,25.0,21,0.0022255157175354746,0.0004993252413449976,0.0004699968912528126,0.0017555188262826623,2.932835009218539e-05,0.6904761904761907,-0.004805395966323187,0.47619047619047616
1,8,10,35.0,21,0.0022255157175354746,-0.00019115094913119317,0.0004699968912528126,0.0017555188262826623,-0.0006611478403840051,0.6904761904761907,-0.004805395966323187,0.47619047619047616
1,8,20,10.0,21,0.002358574856644916,0.001760955809025868,0.0004699968912528126,0.0018885779653921037,0.0012909589177730564,0.5976190476190477,-0.004805395966323187,0.5238095238095238
1,8,20,15.0,21,0.002358574856644916,0.0014621462852163444,0.0004699968912528126,0.0018885779653921037,0.0009921493939635325,0.5976190476190477,-0.004805395966323187,0.5238095238095238
1,8,20,25.0,21,0.002358574856644916,0.0008645272375972966,0.0004699968912528126,0.0018885779653921037,0.0003945303463444848,0.5976190476190477,-0.004805395966323187,0.5238095238095238
1,8,20,35.0,21,0.002358574856644916,0.0002669081899782495,0.0004699968912528126,0.0018885779653921037,-0.00020308870127456268,0.5976190476190477,-0.004805395966323187,0.5238095238095238
1,8,50,10.0,21,0.001148152653517492,0.0007967240820889208,0.0004699968912528126,0.0006781557622646801,0.00032672719083610865,0.35142857142857153,-0.004805395966323187,0.5714285714285714
1,8,50,15.0,21,0.001148152653517492,0.0006210097963746348,0.0004699968912528126,0.0006781557622646801,0.00015101290512182277,0.35142857142857153,-0.004805395966323187,0.5714285714285714
1,8,50,25.0,21,0.001148152653517492,0.0002695812249460635,0.0004699968912528126,0.0006781557622646801,-0.0002004156663067487,0.35142857142857153,-0.004805395966323187,0.5238095238095238
1,8,50,35.0,21,0.001148152653517492,-8.18473464825082e-05,0.0004699968912528126,0.0006781557622646801,-0.0005518442377353203,0.35142857142857153,-0.004805395966323187,0.5238095238095238
1,8,100,10.0,21,0.0,0.0,0.0004699968912528126,-0.0004699968912528126,-0.0004699968912528126,0.0,-0.004805395966323187,0.0
1,8,100,15.0,21,0.0,0.0,0.0004699968912528126,-0.0004699968912528126,-0.0004699968912528126,0.0,-0.004805395966323187,0.0
1,8,100,25.0,21,0.0,0.0,0.0004699968912528126,-0.0004699968912528126,-0.0004699968912528126,0.0,-0.004805395966323187,0.0
1,8,100,35.0,21,0.0,0.0,0.0004699968912528126,-0.0004699968912528126,-0.0004699968912528126,0.0,-0.004805395966323187,0.0
1,9,10,10.0,21,0.0003448143671808807,-0.00038375706139054795,0.00010670486737205931,0.00023810949980882122,-0.0004904619287626075,0.7285714285714285,0.02869756579230777,0.42857142857142855
1,9,10,15.0,21,0.0003448143671808807,-0.0007480427756762623,0.00010670486737205931,0.00023810949980882122,-0.0008547476430483217,0.7285714285714285,0.02869756579230777,0.42857142857142855
1,9,10,25.0,21,0.0003448143671808807,-0.0014766142042476906,0.00010670486737205931,0.00023810949980882122,-0.0015833190716197504,0.7285714285714285,0.02869756579230777,0.38095238095238093
1,9,10,35.0,21,0.0003448143671808807,-0.0022051856328191197,0.00010670486737205931,0.00023810949980882122,-0.0023118905001911793,0.7285714285714285,0.02869756579230777,0.3333333333333333
1,9,20,10.0,21,0.0002207593872049775,-0.0003601929937474037,0.00010670486737205931,0.00011405451983291795,-0.00046689786111946314,0.5809523809523809,0.02869756579230777,0.47619047619047616
1,9,20,15.0,21,0.0002207593872049775,-0.0006506691842235943,0.00010670486737205931,0.00011405451983291795,-0.0007573740515956536,0.5809523809523809,0.02869756579230777,0.47619047619047616
1,9,20,25.0,21,0.0002207593872049775,-0.001231621565175975,0.00010670486737205931,0.00011405451983291795,-0.0013383264325480346,0.5809523809523809,0.02869756579230777,0.38095238095238093
1,9,20,35.0,21,0.0002207593872049775,-0.001812573946128356,0.00010670486737205931,0.00011405451983291795,-0.0019192788135004156,0.5809523809523809,0.02869756579230777,0.38095238095238093
1,9,50,10.0,21,0.0006710417669604985,0.0003738989098176414,0.00010670486737205931,0.000564336899588439,0.0002671940424455818,0.29714285714285715,0.02869756579230777,0.5714285714285714
1,9,50,15.0,21,0.0006710417669604985,0.0002253274812462128,0.00010670486737205931,0.000564336899588439,0.00011862261387415321,0.29714285714285715,0.02869756579230777,0.47619047619047616
1,9,50,25.0,21,0.0006710417669604985,-7.181537589664412e-05,0.00010670486737205931,0.000564336899588439,-0.00017852024326870392,0.29714285714285715,0.02869756579230777,0.47619047619047616
1,9,50,35.0,21,0.0006710417669604985,-0.0003689582330395017,0.00010670486737205931,0.000564336899588439,-0.0004756631004115611,0.29714285714285715,0.02869756579230777,0.42857142857142855
1,9,100,10.0,21,0.0,0.0,0.00010670486737205931,-0.00010670486737205931,-0.00010670486737205931,0.0,0.02869756579230777,0.0
1,9,100,15.0,21,0.0,0.0,0.00010670486737205931,-0.00010670486737205931,-0.00010670486737205931,0.0,0.02869756579230777,0.0
1,9,100,25.0,21,0.0,0.0,0.00010670486737205931,-0.00010670486737205931,-0.00010670486737205931,0.0,0.02869756579230777,0.0
1,9,100,35.0,21,0.0,0.0,0.00010670486737205931,-0.00010670486737205931,-0.00010670486737205931,0.0,0.02869756579230777,0.0
1,10,10,10.0,21,0.002066349034745574,0.0013092061776027164,0.0018891853431583247,0.00017716369158724885,-0.0005799791655556085,0.7571428571428572,0.021889710438489817,0.5238095238095238
1,10,10,15.0,21,0.002066349034745574,0.0009306347490312877,0.0018891853431583247,0.00017716369158724885,-0.000958550594127037,0.7571428571428572,0.021889710438489817,0.5238095238095238
1,10,10,25.0,21,0.002066349034745574,0.0001734918918884307,0.0018891853431583247,0.00017716369158724885,-0.0017156934512698942,0.7571428571428572,0.021889710438489817,0.5238095238095238
1,10,10,35.0,21,0.002066349034745574,-0.0005836509652544263,0.0018891853431583247,0.00017716369158724885,-0.002472836308412751,0.7571428571428572,0.021889710438489817,0.47619047619047616
1,10,20,10.0,21,0.0023169955465780013,0.00169556697514943,0.0018891853431583247,0.0004278102034196762,-0.00019361836800889525,0.6214285714285713,0.021889710438489817,0.5714285714285714
1,10,20,15.0,21,0.0023169955465780013,0.0013848526894351444,0.0018891853431583247,0.0004278102034196762,-0.000504332653723181,0.6214285714285713,0.021889710438489817,0.5714285714285714
1,10,20,25.0,21,0.0023169955465780013,0.0007634241180065726,0.0018891853431583247,0.0004278102034196762,-0.0011257612251517526,0.6214285714285713,0.021889710438489817,0.5238095238095238
1,10,20,35.0,21,0.0023169955465780013,0.00014199554657800083,0.0018891853431583247,0.0004278102034196762,-0.0017471897965803244,0.6214285714285713,0.021889710438489817,0.5238095238095238
1,10,50,10.0,21,0.0019344744953157598,0.0016230459238871882,0.0018891853431583247,4.528915215743476e-05,-0.0002661394192711368,0.3114285714285715,0.021889710438489817,0.5238095238095238
1,10,50,15.0,21,0.0019344744953157598,0.0014673316381729026,0.0018891853431583247,4.528915215743476e-05,-0.00042185370498542255,0.3114285714285715,0.021889710438489817,0.5238095238095238
1,10,50,25.0,21,0.0019344744953157598,0.0011559030667443312,0.0018891853431583247,4.528915215743476e-05,-0.0007332822764139939,0.3114285714285715,0.021889710438489817,0.5238095238095238
1,10,50,35.0,21,0.0019344744953157598,0.0008444744953157594,0.0018891853431583247,4.528915215743476e-05,-0.0010447108478425654,0.3114285714285715,0.021889710438489817,0.47619047619047616
1,10,100,10.0,21,0.0,0.0,0.0018891853431583247,-0.0018891853431583247,-0.0018891853431583247,0.0,0.021889710438489817,0.0
1,10,100,15.0,21,0.0,0.0,0.0018891853431583247,-0.0018891853431583247,-0.0018891853431583247,0.0,0.021889710438489817,0.0
1,10,100,25.0,21,0.0,0.0,0.0018891853431583247,-0.0018891853431583247,-0.0018891853431583247,0.0,0.021889710438489817,0.0
1,10,100,35.0,21,0.0,0.0,0.0018891853431583247,-0.0018891853431583247,-0.0018891853431583247,0.0,0.021889710438489817,0.0
1,11,10,10.0,21,0.004351583905702723,0.003565869619988437,0.00307599708140169,0.0012755868243010328,0.0004898725385867471,0.7857142857142859,0.0005219941866293631,0.5714285714285714
1,11,10,15.0,21,0.004351583905702723,0.0031730124771312935,0.00307599708140169,0.0012755868243010328,9.701539572960424e-05,0.7857142857142859,0.0005219941866293631,0.5714285714285714
1,11,10,25.0,21,0.004351583905702723,0.0023872981914170076,0.00307599708140169,0.0012755868243010328,-0.0006886988899846817,0.7857142857142859,0.0005219941866293631,0.5238095238095238
1,11,10,35.0,21,0.004351583905702723,0.0016015839057027215,0.00307599708140169,0.0012755868243010328,-0.0014744131756989672,0.7857142857142859,0.0005219941866293631,0.5238095238095238
1,11,20,10.0,21,0.003212674195035809,0.002576959909321523,0.00307599708140169,0.0001366771136341194,-0.0004990371720801663,0.6357142857142857,0.0005219941866293631,0.7142857142857143
1,11,20,15.0,21,0.003212674195035809,0.0022591027664643805,0.00307599708140169,0.0001366771136341194,-0.0008168943149373091,0.6357142857142857,0.0005219941866293631,0.7142857142857143
1,11,20,25.0,21,0.003212674195035809,0.0016233884807500942,0.00307599708140169,0.0001366771136341194,-0.0014526086006515948,0.6357142857142857,0.0005219941866293631,0.6190476190476191
1,11,20,35.0,21,0.003212674195035809,0.0009876741950358087,0.00307599708140169,0.0001366771136341194,-0.002088322886365881,0.6357142857142857,0.0005219941866293631,0.6190476190476191
1,11,50,10.0,21,0.003030468688500363,0.002709516307547983,0.00307599708140169,-4.552839290132603e-05,-0.00036648077385370695,0.320952380952381,0.0005219941866293631,0.8095238095238095
1,11,50,15.0,21,0.003030468688500363,0.0025490401170717913,0.00307599708140169,-4.552839290132603e-05,-0.0005269569643298975,0.320952380952381,0.0005219941866293631,0.8095238095238095
1,11,50,25.0,21,0.003030468688500363,0.002228087736119411,0.00307599708140169,-4.552839290132603e-05,-0.0008479093452822783,0.320952380952381,0.0005219941866293631,0.8095238095238095
1,11,50,35.0,21,0.003030468688500363,0.00190713535516703,0.00307599708140169,-4.552839290132603e-05,-0.0011688617262346594,0.320952380952381,0.0005219941866293631,0.8095238095238095
1,11,100,10.0,21,0.0,0.0,0.00307599708140169,-0.00307599708140169,-0.00307599708140169,0.0,0.0005219941866293631,0.0
1,11,100,15.0,21,0.0,0.0,0.00307599708140169,-0.00307599708140169,-0.00307599708140169,0.0,0.0005219941866293631,0.0
1,11,100,25.0,21,0.0,0.0,0.00307599708140169,-0.00307599708140169,-0.00307599708140169,0.0,0.0005219941866293631,0.0
1,11,100,35.0,21,0.0,0.0,0.00307599708140169,-0.00307599708140169,-0.00307599708140169,0.0,0.0005219941866293631,0.0
1,12,10,10.0,21,0.005416163623403386,0.004697116004355767,0.0010062994977580195,0.004409864125645367,0.003690816506597748,0.7190476190476192,0.012572355770660609,0.47619047619047616
1,12,10,15.0,21,0.005416163623403386,0.0043375921948319565,0.0010062994977580195,0.004409864125645367,0.0033312926970739385,0.7190476190476192,0.012572355770660609,0.47619047619047616
1,12,10,25.0,21,0.005416163623403386,0.003618544575784338,0.0010062994977580195,0.004409864125645367,0.002612245078026318,0.7190476190476192,0.012572355770660609,0.47619047619047616
1,12,10,35.0,21,0.005416163623403386,0.0028994969567367195,0.0010062994977580195,0.004409864125645367,0.0018931974589787002,0.7190476190476192,0.012572355770660609,0.47619047619047616
1,12,20,10.0,21,0.0013917332370801975,0.0007107808561278166,0.0010062994977580195,0.000385433739322178,-0.00029551864163020284,0.680952380952381,0.012572355770660609,0.47619047619047616
1,12,20,15.0,21,0.0013917332370801975,0.0003703046656516258,0.0010062994977580195,0.000385433739322178,-0.0006359948321063928,0.680952380952381,0.012572355770660609,0.47619047619047616
1,12,20,25.0,21,0.0013917332370801975,-0.00031064771530075536,0.0010062994977580195,0.000385433739322178,-0.0013169472130587748,0.680952380952381,0.012572355770660609,0.47619047619047616
1,12,20,35.0,21,0.0013917332370801975,-0.0009916000962531355,0.0010062994977580195,0.000385433739322178,-0.0019978995940111554,0.680952380952381,0.012572355770660609,0.47619047619047616
1,12,50,10.0,21,0.0009346790489667553,0.0005099171442048509,0.0010062994977580195,-7.162044879126366e-05,-0.0004963823535531685,0.4247619047619048,0.012572355770660609,0.5238095238095238
1,12,50,15.0,21,0.0009346790489667553,0.00029753619182389807,0.0010062994977580195,-7.162044879126366e-05,-0.000708763305934121,0.4247619047619048,0.012572355770660609,0.5238095238095238
1,12,50,25.0,21,0.0009346790489667553,-0.00012722571293800533,0.0010062994977580195,-7.162044879126366e-05,-0.0011335252106960253,0.4247619047619048,0.012572355770660609,0.5238095238095238
1,12,50,35.0,21,0.0009346790489667553,-0.0005519876176999114,0.0010062994977580195,-7.162044879126366e-05,-0.0015582871154579303,0.4247619047619048,0.012572355770660609,0.5238095238095238
1,12,100,10.0,21,0.0,0.0,0.0010062994977580195,-0.0010062994977580195,-0.0010062994977580195,0.0,0.012572355770660609,0.0
1,12,100,15.0,21,0.0,0.0,0.0010062994977580195,-0.0010062994977580195,-0.0010062994977580195,0.0,0.012572355770660609,0.0
1,12,100,25.0,21,0.0,0.0,0.0010062994977580195,-0.0010062994977580195,-0.0010062994977580195,0.0,0.012572355770660609,0.0
1,12,100,35.0,21,0.0,0.0,0.0010062994977580195,-0.0010062994977580195,-0.0010062994977580195,0.0,0.012572355770660609,0.0
1,13,10,10.0,21,0.0009808810498192512,0.000328500097438299,0.0007210756073555241,0.0002598054424637275,-0.00039257550991722486,0.6523809523809524,-0.016954616880783775,0.5714285714285714
1,13,10,15.0,21,0.0009808810498192512,2.3096212478231335e-06,0.0007210756073555241,0.0002598054424637275,-0.0007187659861077013,0.6523809523809524,-0.016954616880783775,0.5714285714285714
1,13,10,25.0,21,0.0009808810498192512,-0.0006500713311331293,0.0007210756073555241,0.0002598054424637275,-0.0013711469384886535,0.6523809523809524,-0.016954616880783775,0.5238095238095238
1,13,10,35.0,21,0.0009808810498192512,-0.0013024522835140817,0.0007210756073555241,0.0002598054424637275,-0.002023527890869606,0.6523809523809524,-0.016954616880783775,0.38095238095238093
1,13,20,10.0,21,0.0011832367909735534,0.0006094272671640291,0.0007210756073555241,0.0004621611836180292,-0.00011164834019149475,0.573809523809524,-0.016954616880783775,0.5714285714285714
1,13,20,15.0,21,0.0011832367909735534,0.0003225225052592674,0.0007210756073555241,0.0004621611836180292,-0.00039855310209625664,0.573809523809524,-0.016954616880783775,0.5714285714285714
1,13,20,25.0,21,0.0011832367909735534,-0.0002512870185502567,0.0007210756073555241,0.0004621611836180292,-0.0009723626259057807,0.573809523809524,-0.016954616880783775,0.5714285714285714
1,13,20,35.0,21,0.0011832367909735534,-0.0008250965423597804,0.0007210756073555241,0.0004621611836180292,-0.0015461721497153048,0.573809523809524,-0.016954616880783775,0.5238095238095238
1,13,50,10.0,21,0.0011190032595625556,0.0007675746881339842,0.0007210756073555241,0.00039792765220703167,4.6499080778460245e-05,0.3514285714285715,-0.016954616880783775,0.5714285714285714
1,13,50,15.0,21,0.0011190032595625556,0.0005918604024196988,0.0007210756073555241,0.00039792765220703167,-0.00012921520493582551,0.3514285714285715,-0.016954616880783775,0.5238095238095238
1,13,50,25.0,21,0.0011190032595625556,0.00024043183099112705,0.0007210756073555241,0.00039792765220703167,-0.00048064377636439687,0.3514285714285715,-0.016954616880783775,0.5238095238095238
1,13,50,35.0,21,0.0011190032595625556,-0.00011099674043744438,0.0007210756073555241,0.00039792765220703167,-0.0008320723477929686,0.3514285714285715,-0.016954616880783775,0.5238095238095238
1,13,100,10.0,21,0.0,0.0,0.0007210756073555241,-0.0007210756073555241,-0.0007210756073555241,0.0,-0.016954616880783775,0.0
1,13,100,15.0,21,0.0,0.0,0.0007210756073555241,-0.0007210756073555241,-0.0007210756073555241,0.0,-0.016954616880783775,0.0
1,13,100,25.0,21,0.0,0.0,0.0007210756073555241,-0.0007210756073555241,-0.0007210756073555241,0.0,-0.016954616880783775,0.0
1,13,100,35.0,21,0.0,0.0,0.0007210756073555241,-0.0007210756073555241,-0.0007210756073555241,0.0,-0.016954616880783775,0.0
1,14,10,10.0,21,-0.0026113082763673254,-0.003316070181129231,-0.0019064495160977604,-0.000704858760269565,-0.00140962066503147,0.7047619047619047,-0.07204359503334185,0.42857142857142855
1,14,10,15.0,21,-0.0026113082763673254,-0.003668451133510182,-0.0019064495160977604,-0.000704858760269565,-0.0017620016174124222,0.7047619047619047,-0.07204359503334185,0.42857142857142855
1,14,10,25.0,21,-0.0026113082763673254,-0.004373213038272088,-0.0019064495160977604,-0.000704858760269565,-0.0024667635221743275,0.7047619047619047,-0.07204359503334185,0.42857142857142855
1,14,10,35.0,21,-0.0026113082763673254,-0.005077974943033992,-0.0019064495160977604,-0.000704858760269565,-0.0031715254269362317,0.7047619047619047,-0.07204359503334185,0.38095238095238093
1,14,20,10.0,21,-0.0025775259314855256,-0.0031846687886283825,-0.0019064495160977604,-0.0006710764153877653,-0.0012782192725306228,0.6071428571428571,-0.07204359503334185,0.38095238095238093
1,14,20,15.0,21,-0.0025775259314855256,-0.003488240217199812,-0.0019064495160977604,-0.0006710764153877653,-0.001581790701102051,0.6071428571428571,-0.07204359503334185,0.38095238095238093
1,14,20,25.0,21,-0.0025775259314855256,-0.0040953830743426685,-0.0019064495160977604,-0.0006710764153877653,-0.0021889335582449087,0.6071428571428571,-0.07204359503334185,0.38095238095238093
1,14,20,35.0,21,-0.0025775259314855256,-0.004702525931485526,-0.0019064495160977604,-0.0006710764153877653,-0.0027960764153877656,0.6071428571428571,-0.07204359503334185,0.3333333333333333
1,14,50,10.0,21,-0.0026048182625950773,-0.002973389691166507,-0.0019064495160977604,-0.0006983687464973176,-0.0010669401750687463,0.3685714285714286,-0.07204359503334185,0.3333333333333333
1,14,50,15.0,21,-0.0026048182625950773,-0.003157675405452221,-0.0019064495160977604,-0.0006983687464973176,-0.0012512258893544604,0.3685714285714286,-0.07204359503334185,0.3333333333333333
1,14,50,25.0,21,-0.0026048182625950773,-0.003526246834023649,-0.0019064495160977604,-0.0006983687464973176,-0.0016197973179258893,0.3685714285714286,-0.07204359503334185,0.2857142857142857
1,14,50,35.0,21,-0.0026048182625950773,-0.0038948182625950776,-0.0019064495160977604,-0.0006983687464973176,-0.001988368746497318,0.3685714285714286,-0.07204359503334185,0.2857142857142857
1,14,100,10.0,21,0.0,0.0,-0.0019064495160977604,0.0019064495160977604,0.0019064495160977604,0.0,-0.07204359503334185,0.0
1,14,100,15.0,21,0.0,0.0,-0.0019064495160977604,0.0019064495160977604,0.0019064495160977604,0.0,-0.07204359503334185,0.0
1,14,100,25.0,21,0.0,0.0,-0.0019064495160977604,0.0019064495160977604,0.0019064495160977604,0.0,-0.07204359503334185,0.0
1,14,100,35.0,21,0.0,0.0,-0.0019064495160977604,0.0019064495160977604,0.0019064495160977604,0.0,-0.07204359503334185,0.0
1,15,10,10.0,21,0.00023262389319823271,-0.0004911856306112912,-0.0013073972987502542,0.001540021191948487,0.0008162116681389632,0.7238095238095239,0.013780323391641765,0.6190476190476191
1,15,10,15.0,21,0.00023262389319823271,-0.0008530903925160527,-0.0013073972987502542,0.001540021191948487,0.0004543069062342014,0.7238095238095239,0.013780323391641765,0.6190476190476191
1,15,10,25.0,21,0.00023262389319823271,-0.001576899916325577,-0.0013073972987502542,0.001540021191948487,-0.0002695026175753227,0.7238095238095239,0.013780323391641765,0.47619047619047616
1,15,10,35.0,21,0.00023262389319823271,-0.002300709440135101,-0.0013073972987502542,0.001540021191948487,-0.0009933121413848464,0.7238095238095239,0.013780323391641765,0.47619047619047616
1,15,20,10.0,21,-0.0005099365809938789,-0.001164698485755784,-0.0013073972987502542,0.0007974607177563752,0.00014269881299447049,0.6547619047619048,0.013780323391641765,0.47619047619047616
1,15,20,15.0,21,-0.0005099365809938789,-0.0014920794381367362,-0.0013073972987502542,0.0007974607177563752,-0.00018468213938648185,0.6547619047619048,0.013780323391641765,0.42857142857142855
1,15,20,25.0,21,-0.0005099365809938789,-0.0021468413428986414,-0.0013073972987502542,0.0007974607177563752,-0.0008394440441483867,0.6547619047619048,0.013780323391641765,0.3333333333333333
1,15,20,35.0,21,-0.0005099365809938789,-0.002801603247660546,-0.0013073972987502542,0.0007974607177563752,-0.0014942059489102915,0.6547619047619048,0.013780323391641765,0.3333333333333333
1,15,50,10.0,21,-0.0006963875095559923,-0.0011097208428893256,-0.0013073972987502542,0.000611009789194262,0.0001976764558609287,0.4133333333333334,0.013780323391641765,0.5714285714285714
1,15,50,15.0,21,-0.0006963875095559923,-0.0013163875095559923,-0.0013073972987502542,0.000611009789194262,-8.990210805738126e-06,0.4133333333333334,0.013780323391641765,0.5714285714285714
1,15,50,25.0,21,-0.0006963875095559923,-0.001729720842889326,-0.0013073972987502542,0.000611009789194262,-0.0004223235441390714,0.4133333333333334,0.013780323391641765,0.5714285714285714
1,15,50,35.0,21,-0.0006963875095559923,-0.002143054176222659,-0.0013073972987502542,0.000611009789194262,-0.0008356568774724049,0.4133333333333334,0.013780323391641765,0.5714285714285714
1,15,100,10.0,21,0.0,0.0,-0.0013073972987502542,0.0013073972987502542,0.0013073972987502542,0.0,0.013780323391641765,0.0
1,15,100,15.0,21,0.0,0.0,-0.0013073972987502542,0.0013073972987502542,0.0013073972987502542,0.0,0.013780323391641765,0.0
1,15,100,25.0,21,0.0,0.0,-0.0013073972987502542,0.0013073972987502542,0.0013073972987502542,0.0,0.013780323391641765,0.0
1,15,100,35.0,21,0.0,0.0,-0.0013073972987502542,0.0013073972987502542,0.0013073972987502542,0.0,0.013780323391641765,0.0
1,16,10,10.0,21,0.0028962476761747883,0.00217720005712717,0.0036126402574311726,-0.0007163925812563841,-0.0014354402003040026,0.719047619047619,-0.012637980631775084,0.5238095238095238
1,16,10,15.0,21,0.0028962476761747883,0.00181767624760336,0.0036126402574311726,-0.0007163925812563841,-0.0017949640098278128,0.719047619047619,-0.012637980631775084,0.5238095238095238
1,16,10,25.0,21,0.0028962476761747883,0.0010986286285557408,0.0036126402574311726,-0.0007163925812563841,-0.002514011628875432,0.719047619047619,-0.012637980631775084,0.5238095238095238
1,16,10,35.0,21,0.0028962476761747883,0.0003795810095081216,0.0036126402574311726,-0.0007163925812563841,-0.00323305924792305,0.719047619047619,-0.012637980631775084,0.5238095238095238
1,16,20,10.0,21,0.004188937099069189,0.0036270323371644262,0.0036126402574311726,0.0005762968416380161,1.4392079733254118e-05,0.5619047619047619,-0.012637980631775084,0.6666666666666666
1,16,20,15.0,21,0.004188937099069189,0.0033460799562120454,0.0036126402574311726,0.0005762968416380161,-0.0002665603012191268,0.5619047619047619,-0.012637980631775084,0.6666666666666666
1,16,20,25.0,21,0.004188937099069189,0.0027841751943072836,0.0036126402574311726,0.0005762968416380161,-0.0008284650631238888,0.5619047619047619,-0.012637980631775084,0.6666666666666666
1,16,20,35.0,21,0.004188937099069189,0.0022222704324025215,0.0036126402574311726,0.0005762968416380161,-0.0013903698250286507,0.5619047619047619,-0.012637980631775084,0.6190476190476191
1,16,50,10.0,21,0.0037387137017458254,0.0034310946541267775,0.0036126402574311726,0.00012607344431465246,-0.00018154560330439518,0.3076190476190477,-0.012637980631775084,0.7142857142857143
1,16,50,15.0,21,0.0037387137017458254,0.003277285130317253,0.0036126402574311726,0.00012607344431465246,-0.0003353551271139189,0.3076190476190477,-0.012637980631775084,0.7142857142857143
1,16,50,25.0,21,0.0037387137017458254,0.002969666082698206,0.0036126402574311726,0.00012607344431465246,-0.0006429741747329665,0.3076190476190477,-0.012637980631775084,0.7142857142857143
1,16,50,35.0,21,0.0037387137017458254,0.0026620470350791586,0.0036126402574311726,0.00012607344431465246,-0.0009505932223520143,0.3076190476190477,-0.012637980631775084,0.7142857142857143
1,16,100,10.0,21,0.0,0.0,0.0036126402574311726,-0.0036126402574311726,-0.0036126402574311726,0.0,-0.012637980631775084,0.0
1,16,100,15.0,21,0.0,0.0,0.0036126402574311726,-0.0036126402574311726,-0.0036126402574311726,0.0,-0.012637980631775084,0.0
1,16,100,25.0,21,0.0,0.0,0.0036126402574311726,-0.0036126402574311726,-0.0036126402574311726,0.0,-0.012637980631775084,0.0
1,16,100,35.0,21,0.0,0.0,0.0036126402574311726,-0.0036126402574311726,-0.0036126402574311726,0.0,-0.012637980631775084,0.0
1,17,10,10.0,21,0.004790103284248338,0.004090103284248338,0.004179490844928881,0.0006106124393194561,-8.938756068054396e-05,0.7000000000000001,0.0185717874968095,0.7142857142857143
1,17,10,15.0,21,0.004790103284248338,0.003740103284248337,0.004179490844928881,0.0006106124393194561,-0.00043938756068054373,0.7000000000000001,0.0185717874968095,0.7142857142857143
1,17,10,25.0,21,0.004790103284248338,0.0030401032842483377,0.004179490844928881,0.0006106124393194561,-0.001139387560680544,0.7000000000000001,0.0185717874968095,0.6190476190476191
1,17,10,35.0,21,0.004790103284248338,0.002340103284248337,0.004179490844928881,0.0006106124393194561,-0.0018393875606805441,0.7000000000000001,0.0185717874968095,0.5714285714285714
1,17,20,10.0,21,0.004141249985290952,0.0035531547471957135,0.004179490844928881,-3.824085963793002e-05,-0.0006263360977331683,0.588095238095238,0.0185717874968095,0.6666666666666666
1,17,20,15.0,21,0.004141249985290952,0.0032591071281480952,0.004179490844928881,-3.824085963793002e-05,-0.0009203837167807875,0.588095238095238,0.0185717874968095,0.6190476190476191
1,17,20,25.0,21,0.004141249985290952,0.0026710118900528565,0.004179490844928881,-3.824085963793002e-05,-0.0015084789548760254,0.588095238095238,0.0185717874968095,0.6190476190476191
1,17,20,35.0,21,0.004141249985290952,0.002082916651957618,0.004179490844928881,-3.824085963793002e-05,-0.002096574192971264,0.588095238095238,0.0185717874968095,0.6190476190476191
1,17,50,10.0,21,0.004955599617138887,0.0046041710457103155,0.004179490844928881,0.0007761087722100051,0.00042468020078143367,0.3514285714285715,0.0185717874968095,0.8095238095238095
1,17,50,15.0,21,0.004955599617138887,0.004428456759996029,0.004179490844928881,0.0007761087722100051,0.00024896591506714806,0.3514285714285715,0.0185717874968095,0.8095238095238095
1,17,50,25.0,21,0.004955599617138887,0.004077028188567458,0.004179490844928881,0.0007761087722100051,-0.00010246265636142364,0.3514285714285715,0.0185717874968095,0.7619047619047619
1,17,50,35.0,21,0.004955599617138887,0.0037255996171388856,0.004179490844928881,0.0007761087722100051,-0.00045389122778999503,0.3514285714285715,0.0185717874968095,0.7619047619047619
1,17,100,10.0,21,0.0,0.0,0.004179490844928881,-0.004179490844928881,-0.004179490844928881,0.0,0.0185717874968095,0.0
1,17,100,15.0,21,0.0,0.0,0.004179490844928881,-0.004179490844928881,-0.004179490844928881,0.0,0.0185717874968095,0.0
1,17,100,25.0,21,0.0,0.0,0.004179490844928881,-0.004179490844928881,-0.004179490844928881,0.0,0.0185717874968095,0.0
1,17,100,35.0,21,0.0,0.0,0.004179490844928881,-0.004179490844928881,-0.004179490844928881,0.0,0.0185717874968095,0.0
1,18,10,10.0,21,0.003878622874533311,0.00311671811262855,0.0028834672825790784,0.0009951555919542332,0.00023325083004947125,0.7619047619047619,-0.024096570436544652,0.5714285714285714
1,18,10,15.0,21,0.003878622874533311,0.0027357657316761687,0.0028834672825790784,0.0009951555919542332,-0.00014770155090290993,0.7619047619047619,-0.024096570436544652,0.5714285714285714
1,18,10,25.0,21,0.003878622874533311,0.0019738609697714064,0.0028834672825790784,0.0009951555919542332,-0.0009096063128076719,0.7619047619047619,-0.024096570436544652,0.5714285714285714
1,18,10,35.0,21,0.003878622874533311,0.0012119562078666446,0.0028834672825790784,0.0009951555919542332,-0.0016715110747124342,0.7619047619047619,-0.024096570436544652,0.5714285714285714
1,18,20,10.0,21,0.004156901485812646,0.003502139581050742,0.0028834672825790784,0.0012734342032335681,0.0006186722984716634,0.6547619047619048,-0.024096570436544652,0.5714285714285714
1,18,20,15.0,21,0.004156901485812646,0.003174758628669789,0.0028834672825790784,0.0012734342032335681,0.0002912913460907107,0.6547619047619048,-0.024096570436544652,0.5238095238095238
1,18,20,25.0,21,0.004156901485812646,0.002519996723907884,0.0028834672825790784,0.0012734342032335681,-0.0003634705586711939,0.6547619047619048,-0.024096570436544652,0.5238095238095238
1,18,20,35.0,21,0.004156901485812646,0.0018652348191459795,0.0028834672825790784,0.0012734342032335681,-0.0010182324634330987,0.6547619047619048,-0.024096570436544652,0.5238095238095238
1,18,50,10.0,21,0.0032476891926599225,0.002834355859326588,0.0028834672825790784,0.00036422191008084334,-4.9111423252490034e-05,0.41333333333333333,-0.024096570436544652,0.5714285714285714
1,18,50,15.0,21,0.0032476891926599225,0.0026276891926599218,0.0028834672825790784,0.00036422191008084334,-0.0002557780899191567,0.41333333333333333,-0.024096570436544652,0.5714285714285714
1,18,50,25.0,21,0.0032476891926599225,0.0022143558593265885,0.0028834672825790784,0.00036422191008084334,-0.00066911142325249,0.41333333333333333,-0.024096570436544652,0.5714285714285714
1,18,50,35.0,21,0.0032476891926599225,0.0018010225259932548,0.0028834672825790784,0.00036422191008084334,-0.0010824447565858236,0.41333333333333333,-0.024096570436544652,0.5714285714285714
1,18,100,10.0,21,0.0,0.0,0.0028834672825790784,-0.0028834672825790784,-0.0028834672825790784,0.0,-0.024096570436544652,0.0
1,18,100,15.0,21,0.0,0.0,0.0028834672825790784,-0.0028834672825790784,-0.0028834672825790784,0.0,-0.024096570436544652,0.0
1,18,100,25.0,21,0.0,0.0,0.0028834672825790784,-0.0028834672825790784,-0.0028834672825790784,0.0,-0.024096570436544652,0.0
1,18,100,35.0,21,0.0,0.0,0.0028834672825790784,-0.0028834672825790784,-0.0028834672825790784,0.0,-0.024096570436544652,0.0
1,19,10,10.0,21,0.003225697651212838,0.00247807860359379,0.004507957856706095,-0.001282260205493257,-0.002029879253112305,0.7476190476190476,-0.01982012772110261,0.5714285714285714
1,19,10,15.0,21,0.003225697651212838,0.002104269079784266,0.004507957856706095,-0.001282260205493257,-0.002403688776921829,0.7476190476190476,-0.01982012772110261,0.5714285714285714
1,19,10,25.0,21,0.003225697651212838,0.0013566500321652189,0.004507957856706095,-0.001282260205493257,-0.003151307824540877,0.7476190476190476,-0.01982012772110261,0.5238095238095238
1,19,10,35.0,21,0.003225697651212838,0.000609030984546171,0.004507957856706095,-0.001282260205493257,-0.0038989268721599233,0.7476190476190476,-0.01982012772110261,0.47619047619047616
1,19,20,10.0,21,0.004272204160340262,0.0036222041603402614,0.004507957856706095,-0.00023575369636583338,-0.0008857536963658335,0.6500000000000001,-0.01982012772110261,0.5238095238095238
1,19,20,15.0,21,0.004272204160340262,0.0032972041603402617,0.004507957856706095,-0.00023575369636583338,-0.0012107536963658334,0.6500000000000001,-0.01982012772110261,0.5238095238095238
1,19,20,25.0,21,0.004272204160340262,0.0026472041603402617,0.004507957856706095,-0.00023575369636583338,-0.0018607536963658338,0.6500000000000001,-0.01982012772110261,0.47619047619047616
1,19,20,35.0,21,0.004272204160340262,0.0019972041603402613,0.004507957856706095,-0.00023575369636583338,-0.002510753696365833,0.6500000000000001,-0.01982012772110261,0.47619047619047616
1,19,50,10.0,21,0.004268464272009209,0.003887511891056829,0.004507957856706095,-0.00023949358469688603,-0.0006204459656492672,0.38095238095238104,-0.01982012772110261,0.6666666666666666
1,19,50,15.0,21,0.004268464272009209,0.0036970357005806378,0.004507957856706095,-0.00023949358469688603,-0.0008109221561254578,0.38095238095238104,-0.01982012772110261,0.6666666666666666
1,19,50,25.0,21,0.004268464272009209,0.0033160833196282566,0.004507957856706095,-0.00023949358469688603,-0.0011918745370778385,0.38095238095238104,-0.01982012772110261,0.6666666666666666
1,19,50,35.0,21,0.004268464272009209,0.0029351309386758755,0.004507957856706095,-0.00023949358469688603,-0.0015728269180302194,0.38095238095238104,-0.01982012772110261,0.6190476190476191
1,19,100,10.0,21,0.0,0.0,0.004507957856706095,-0.004507957856706095,-0.004507957856706095,0.0,-0.01982012772110261,0.0
1,19,100,15.0,21,0.0,0.0,0.004507957856706095,-0.004507957856706095,-0.004507957856706095,0.0,-0.01982012772110261,0.0
1,19,100,25.0,21,0.0,0.0,0.004507957856706095,-0.004507957856706095,-0.004507957856706095,0.0,-0.01982012772110261,0.0
1,19,100,35.0,21,0.0,0.0,0.004507957856706095,-0.004507957856706095,-0.004507957856706095,0.0,-0.01982012772110261,0.0
1,20,10,10.0,21,-0.001815672574320229,-0.0025204344790821344,-0.0009907313814275876,-0.0008249411928926414,-0.0015297030976545464,0.7047619047619048,0.021560395190822847,0.42857142857142855
1,20,10,15.0,21,-0.001815672574320229,-0.0028728154314630865,-0.0009907313814275876,-0.0008249411928926414,-0.0018820840500354983,0.7047619047619048,0.021560395190822847,0.42857142857142855
1,20,10,25.0,21,-0.001815672574320229,-0.0035775773362249916,-0.0009907313814275876,-0.0008249411928926414,-0.002586845954797404,0.7047619047619048,0.021560395190822847,0.42857142857142855
1,20,10,35.0,21,-0.001815672574320229,-0.004282339240986895,-0.0009907313814275876,-0.0008249411928926414,-0.003291607859559308,0.7047619047619048,0.021560395190822847,0.42857142857142855
1,20,20,10.0,21,-0.0011119539588117563,-0.0017429063397641372,-0.0009907313814275876,-0.0001212225773841689,-0.00075217495833655,0.630952380952381,0.021560395190822847,0.5238095238095238
1,20,20,15.0,21,-0.0011119539588117563,-0.0020583825302403283,-0.0009907313814275876,-0.0001212225773841689,-0.0010676511488127405,0.630952380952381,0.021560395190822847,0.47619047619047616
1,20,20,25.0,21,-0.0011119539588117563,-0.0026893349111927096,-0.0009907313814275876,-0.0001212225773841689,-0.0016986035297651217,0.630952380952381,0.021560395190822847,0.47619047619047616
1,20,20,35.0,21,-0.0011119539588117563,-0.003320287292145089,-0.0009907313814275876,-0.0001212225773841689,-0.002329555910717502,0.630952380952381,0.021560395190822847,0.42857142857142855
1,20,50,10.0,21,-0.0010005780055252576,-0.0014443875293347814,-0.0009907313814275876,-9.846624097670375e-06,-0.00045365614790719407,0.4438095238095238,0.021560395190822847,0.5238095238095238
1,20,50,15.0,21,-0.0010005780055252576,-0.0016662922912395438,-0.0009907313814275876,-9.846624097670375e-06,-0.0006755609098119561,0.4438095238095238,0.021560395190822847,0.5238095238095238
1,20,50,25.0,21,-0.0010005780055252576,-0.0021101018150490674,-0.0009907313814275876,-9.846624097670375e-06,-0.00111937043362148,0.4438095238095238,0.021560395190822847,0.5238095238095238
1,20,50,35.0,21,-0.0010005780055252576,-0.0025539113388585908,-0.0009907313814275876,-9.846624097670375e-06,-0.001563179957431004,0.4438095238095238,0.021560395190822847,0.47619047619047616
1,20,100,10.0,21,0.0,0.0,-0.0009907313814275876,0.0009907313814275876,0.0009907313814275876,0.0,0.021560395190822847,0.0
1,20,100,15.0,21,0.0,0.0,-0.0009907313814275876,0.0009907313814275876,0.0009907313814275876,0.0,0.021560395190822847,0.0
1,20,100,25.0,21,0.0,0.0,-0.0009907313814275876,0.0009907313814275876,0.0009907313814275876,0.0,0.021560395190822847,0.0
1,20,100,35.0,21,0.0,0.0,-0.0009907313814275876,0.0009907313814275876,0.0009907313814275876,0.0,0.021560395190822847,0.0
1,21,10,10.0,21,0.0004928036531258308,-0.00020719634687416924,0.0008692900896745128,-0.00037648643654868174,-0.001076486436548682,0.7000000000000001,0.008960593128302347,0.42857142857142855
1,21,10,15.0,21,0.0004928036531258308,-0.0005571963468741694,0.0008692900896745128,-0.00037648643654868174,-0.001426486436548682,0.7000000000000001,0.008960593128302347,0.42857142857142855
1,21,10,25.0,21,0.0004928036531258308,-0.0012571963468741693,0.0008692900896745128,-0.00037648643654868174,-0.002126486436548682,0.7000000000000001,0.008960593128302347,0.42857142857142855
1,21,10,35.0,21,0.0004928036531258308,-0.001957196346874169,0.0008692900896745128,-0.00037648643654868174,-0.002826486436548682,0.7000000000000001,0.008960593128302347,0.42857142857142855
1,21,20,10.0,21,0.0005878082460274806,-6.457270635347165e-05,0.0008692900896745128,-0.00028148184364703194,-0.0009338627960279843,0.6523809523809524,0.008960593128302347,0.42857142857142855
1,21,20,15.0,21,0.0005878082460274806,-0.0003907631825439483,0.0008692900896745128,-0.00028148184364703194,-0.001260053272218461,0.6523809523809524,0.008960593128302347,0.42857142857142855
1,21,20,25.0,21,0.0005878082460274806,-0.0010431441349249004,0.0008692900896745128,-0.00028148184364703194,-0.0019124342245994126,0.6523809523809524,0.008960593128302347,0.38095238095238093
1,21,20,35.0,21,0.0005878082460274806,-0.0016955250873058527,0.0008692900896745128,-0.00028148184364703194,-0.002564815176980366,0.6523809523809524,0.008960593128302347,0.3333333333333333
1,21,50,10.0,21,0.0005427172079026352,0.00012557435075977795,0.0008692900896745128,-0.00032657288177187743,-0.0007437157389147348,0.4171428571428572,0.008960593128302347,0.6190476190476191
1,21,50,15.0,21,0.0005427172079026352,-8.299707781165045e-05,0.0008692900896745128,-0.00032657288177187743,-0.0009522871674861632,0.4171428571428572,0.008960593128302347,0.5714285714285714
1,21,50,25.0,21,0.0005427172079026352,-0.0005001399349545077,0.0008692900896745128,-0.00032657288177187743,-0.0013694300246290204,0.4171428571428572,0.008960593128302347,0.5714285714285714
1,21,50,35.0,21,0.0005427172079026352,-0.000917282792097365,0.0008692900896745128,-0.00032657288177187743,-0.001786572881771878,0.4171428571428572,0.008960593128302347,0.5238095238095238
1,21,100,10.0,21,0.0,0.0,0.0008692900896745128,-0.0008692900896745128,-0.0008692900896745128,0.0,0.008960593128302347,0.0
1,21,100,15.0,21,0.0,0.0,0.0008692900896745128,-0.0008692900896745128,-0.0008692900896745128,0.0,0.008960593128302347,0.0
1,21,100,25.0,21,0.0,0.0,0.0008692900896745128,-0.0008692900896745128,-0.0008692900896745128,0.0,0.008960593128302347,0.0
1,21,100,35.0,21,0.0,0.0,0.0008692900896745128,-0.0008692900896745128,-0.0008692900896745128,0.0,0.008960593128302347,0.0
3,0,10,10.0,12,0.010794483091709066,0.010302816425042398,0.007585701706711779,0.003208781384997289,0.0027171147183306216,0.49166666666666664,0.06486650889451238,0.8333333333333334
3,0,10,15.0,12,0.010794483091709066,0.010056983091709066,0.007585701706711779,0.003208781384997289,0.0024712813849972885,0.49166666666666664,0.06486650889451238,0.8333333333333334
3,0,10,25.0,12,0.010794483091709066,0.0095653164250424,0.007585701706711779,0.003208781384997289,0.0019796147183306213,0.49166666666666664,0.06486650889451238,0.75
3,0,10,35.0,12,0.010794483091709066,0.009073649758375733,0.007585701706711779,0.003208781384997289,0.0014879480516639555,0.49166666666666664,0.06486650889451238,0.75
3,0,20,10.0,12,0.010134952123360665,0.009689118790027332,0.007585701706711779,0.0025492504166488863,0.0021034170833155526,0.44583333333333347,0.06486650889451238,0.8333333333333334
3,0,20,15.0,12,0.010134952123360665,0.009466202123360664,0.007585701706711779,0.0025492504166488863,0.0018805004166488864,0.44583333333333347,0.06486650889451238,0.8333333333333334
3,0,20,25.0,12,0.010134952123360665,0.00902036879002733,0.007585701706711779,0.0025492504166488863,0.0014346670833155527,0.44583333333333347,0.06486650889451238,0.8333333333333334
3,0,20,35.0,12,0.010134952123360665,0.008574535456693998,0.007585701706711779,0.0025492504166488863,0.0009888337499822193,0.44583333333333347,0.06486650889451238,0.8333333333333334
3,0,50,10.0,12,0.008249065760960116,0.008032399094293449,0.007585701706711779,0.0006633640542483378,0.000446697387581671,0.2166666666666667,0.06486650889451238,0.75
3,0,50,15.0,12,0.008249065760960116,0.007924065760960117,0.007585701706711779,0.0006633640542483378,0.0003383640542483377,0.2166666666666667,0.06486650889451238,0.75
3,0,50,25.0,12,0.008249065760960116,0.007707399094293451,0.007585701706711779,0.0006633640542483378,0.00012169738758167122,0.2166666666666667,0.06486650889451238,0.75
3,0,50,35.0,12,0.008249065760960116,0.007490732427626784,0.007585701706711779,0.0006633640542483378,-9.496927908499554e-05,0.2166666666666667,0.06486650889451238,0.75
3,0,100,10.0,12,0.0,0.0,0.007585701706711779,-0.007585701706711779,-0.007585701706711779,0.0,0.06486650889451238,0.0
3,0,100,15.0,12,0.0,0.0,0.007585701706711779,-0.007585701706711779,-0.007585701706711779,0.0,0.06486650889451238,0.0
3,0,100,25.0,12,0.0,0.0,0.007585701706711779,-0.007585701706711779,-0.007585701706711779,0.0,0.06486650889451238,0.0
3,0,100,35.0,12,0.0,0.0,0.007585701706711779,-0.007585701706711779,-0.007585701706711779,0.0,0.06486650889451238,0.0
3,1,10,10.0,12,0.002595276770208927,0.0020202767702089267,-0.004759209762695474,0.0073544865329044015,0.006779486532904399,0.5750000000000001,0.0832896970316905,0.5
3,1,10,15.0,12,0.002595276770208927,0.0017327767702089286,-0.004759209762695474,0.0073544865329044015,0.006491986532904402,0.5750000000000001,0.0832896970316905,0.5
3,1,10,25.0,12,0.002595276770208927,0.0011577767702089271,-0.004759209762695474,0.0073544865329044015,0.0059169865329044,0.5750000000000001,0.0832896970316905,0.5
3,1,10,35.0,12,0.002595276770208927,0.0005827767702089266,-0.004759209762695474,0.0073544865329044015,0.005341986532904401,0.5750000000000001,0.0832896970316905,0.5
3,1,20,10.0,12,-0.0006267038353139858,-0.0010725371686473213,-0.004759209762695474,0.004132505927381487,0.003686672594048154,0.44583333333333336,0.0832896970316905,0.4166666666666667
3,1,20,15.0,12,-0.0006267038353139858,-0.0012954538353139866,-0.004759209762695474,0.004132505927381487,0.0034637559273814865,0.44583333333333336,0.0832896970316905,0.4166666666666667
3,1,20,25.0,12,-0.0006267038353139858,-0.0017412871686473205,-0.004759209762695474,0.004132505927381487,0.0030179225940481524,0.44583333333333336,0.0832896970316905,0.4166666666666667
3,1,20,35.0,12,-0.0006267038353139858,-0.002187120501980654,-0.004759209762695474,0.004132505927381487,0.0025720892607148196,0.44583333333333336,0.0832896970316905,0.4166666666666667
3,1,50,10.0,12,-0.002555111076564175,-0.002801777743230841,-0.004759209762695474,0.0022040986861312996,0.0019574320194646333,0.24666666666666673,0.0832896970316905,0.5
3,1,50,15.0,12,-0.002555111076564175,-0.002925111076564174,-0.004759209762695474,0.0022040986861312996,0.0018340986861312993,0.24666666666666673,0.0832896970316905,0.5
3,1,50,25.0,12,-0.002555111076564175,-0.0031717777432308403,-0.004759209762695474,0.0022040986861312996,0.0015874320194646328,0.24666666666666673,0.0832896970316905,0.5
3,1,50,35.0,12,-0.002555111076564175,-0.0034184444098975066,-0.004759209762695474,0.0022040986861312996,0.001340765352797967,0.24666666666666673,0.0832896970316905,0.5
3,1,100,10.0,12,0.0,0.0,-0.004759209762695474,0.004759209762695474,0.004759209762695474,0.0,0.0832896970316905,0.0
3,1,100,15.0,12,0.0,0.0,-0.004759209762695474,0.004759209762695474,0.004759209762695474,0.0,0.0832896970316905,0.0
3,1,100,25.0,12,0.0,0.0,-0.004759209762695474,0.004759209762695474,0.004759209762695474,0.0,0.0832896970316905,0.0
3,1,100,35.0,12,0.0,0.0,-0.004759209762695474,0.004759209762695474,0.004759209762695474,0.0,0.0832896970316905,0.0
3,2,10,10.0,12,-0.0011806113740715992,-0.0017306113740716,0.0017717989610987032,-0.0029524103351703033,-0.0035024103351703026,0.5499999999999999,-0.01032243083921345,0.3333333333333333
3,2,10,15.0,12,-0.0011806113740715992,-0.0020056113740715992,0.0017717989610987032,-0.0029524103351703033,-0.0037774103351703035,0.5499999999999999,-0.01032243083921345,0.3333333333333333
3,2,10,25.0,12,-0.0011806113740715992,-0.0025556113740716,0.0017717989610987032,-0.0029524103351703033,-0.004327410335170303,0.5499999999999999,-0.01032243083921345,0.3333333333333333
3,2,10,35.0,12,-0.0011806113740715992,-0.003105611374071599,0.0017717989610987032,-0.0029524103351703033,-0.004877410335170303,0.5499999999999999,-0.01032243083921345,0.3333333333333333
3,2,20,10.0,12,-0.001209204085005816,-0.0017383707516724833,0.0017717989610987032,-0.0029810030461045207,-0.0035101697127711876,0.5291666666666667,-0.01032243083921345,0.4166666666666667
3,2,20,15.0,12,-0.001209204085005816,-0.0020029540850058166,0.0017717989610987032,-0.0029810030461045207,-0.0037747530461045213,0.5291666666666667,-0.01032243083921345,0.4166666666666667
3,2,20,25.0,12,-0.001209204085005816,-0.002532120751672483,0.0017717989610987032,-0.0029810030461045207,-0.004303919712771188,0.5291666666666667,-0.01032243083921345,0.4166666666666667
3,2,20,35.0,12,-0.001209204085005816,-0.003061287418339151,0.0017717989610987032,-0.0029810030461045207,-0.004833086379437854,0.5291666666666667,-0.01032243083921345,0.3333333333333333
3,2,50,10.0,12,0.003256811544197187,0.0029701448775305184,0.0017717989610987032,0.001485012583098482,0.0011983459164318152,0.2866666666666667,-0.01032243083921345,0.5833333333333334
3,2,50,15.0,12,0.003256811544197187,0.0028268115441971845,0.0017717989610987032,0.001485012583098482,0.0010550125830984817,0.2866666666666667,-0.01032243083921345,0.5833333333333334
3,2,50,25.0,12,0.003256811544197187,0.0025401448775305194,0.0017717989610987032,0.001485012583098482,0.0007683459164318147,0.2866666666666667,-0.01032243083921345,0.5833333333333334
3,2,50,35.0,12,0.003256811544197187,0.0022534782108638504,0.0017717989610987032,0.001485012583098482,0.0004816792497651481,0.2866666666666667,-0.01032243083921345,0.5833333333333334
3,2,100,10.0,12,0.0,0.0,0.0017717989610987032,-0.0017717989610987032,-0.0017717989610987032,0.0,-0.01032243083921345,0.0
3,2,100,15.0,12,0.0,0.0,0.0017717989610987032,-0.0017717989610987032,-0.0017717989610987032,0.0,-0.01032243083921345,0.0
3,2,100,25.0,12,0.0,0.0,0.0017717989610987032,-0.0017717989610987032,-0.0017717989610987032,0.0,-0.01032243083921345,0.0
3,2,100,35.0,12,0.0,0.0,0.0017717989610987032,-0.0017717989610987032,-0.0017717989610987032,0.0,-0.01032243083921345,0.0
3,3,10,10.0,12,-0.01597177618613309,-0.016488442852799757,-0.02453913250456848,0.008567356318435389,0.008050689651768722,0.5166666666666666,-0.04099851097392673,0.25
3,3,10,15.0,12,-0.01597177618613309,-0.01674677618613309,-0.02453913250456848,0.008567356318435389,0.007792356318435387,0.5166666666666666,-0.04099851097392673,0.25
3,3,10,25.0,12,-0.01597177618613309,-0.017263442852799758,-0.02453913250456848,0.008567356318435389,0.007275689651768722,0.5166666666666666,-0.04099851097392673,0.25
3,3,10,35.0,12,-0.01597177618613309,-0.017780109519466424,-0.02453913250456848,0.008567356318435389,0.006759022985102056,0.5166666666666666,-0.04099851097392673,0.25
3,3,20,10.0,12,-0.020493465355003643,-0.02103096535500364,-0.02453913250456848,0.0040456671495648355,0.0035081671495648353,0.5375,-0.04099851097392673,0.25
3,3,20,15.0,12,-0.020493465355003643,-0.021299715355003645,-0.02453913250456848,0.0040456671495648355,0.0032394171495648346,0.5375,-0.04099851097392673,0.25
3,3,20,25.0,12,-0.020493465355003643,-0.021837215355003645,-0.02453913250456848,0.0040456671495648355,0.0027019171495648343,0.5375,-0.04099851097392673,0.25
3,3,20,35.0,12,-0.020493465355003643,-0.022374715355003644,-0.02453913250456848,0.0040456671495648355,0.0021644171495648346,0.5375,-0.04099851097392673,0.25
3,3,50,10.0,12,-0.022767822132204046,-0.023057822132204045,-0.02453913250456848,0.0017713103723644343,0.0014813103723644342,0.29000000000000004,-0.04099851097392673,0.25
3,3,50,15.0,12,-0.022767822132204046,-0.023202822132204048,-0.02453913250456848,0.0017713103723644343,0.0013363103723644345,0.29000000000000004,-0.04099851097392673,0.25
3,3,50,25.0,12,-0.022767822132204046,-0.023492822132204046,-0.02453913250456848,0.0017713103723644343,0.001046310372364435,0.29000000000000004,-0.04099851097392673,0.25
3,3,50,35.0,12,-0.022767822132204046,-0.023782822132204045,-0.02453913250456848,0.0017713103723644343,0.0007563103723644349,0.29000000000000004,-0.04099851097392673,0.25
3,3,100,10.0,12,0.0,0.0,-0.02453913250456848,0.02453913250456848,0.02453913250456848,0.0,-0.04099851097392673,0.0
3,3,100,15.0,12,0.0,0.0,-0.02453913250456848,0.02453913250456848,0.02453913250456848,0.0,-0.04099851097392673,0.0
3,3,100,25.0,12,0.0,0.0,-0.02453913250456848,0.02453913250456848,0.02453913250456848,0.0,-0.04099851097392673,0.0
3,3,100,35.0,12,0.0,0.0,-0.02453913250456848,0.02453913250456848,0.02453913250456848,0.0,-0.04099851097392673,0.0
3,4,10,10.0,12,-0.0015042365051615443,-0.002204236505161545,0.0026660187948267604,-0.004170255299988304,-0.004870255299988305,0.7000000000000001,-0.003749443481242507,0.5
3,4,10,15.0,12,-0.0015042365051615443,-0.0025542365051615446,0.0026660187948267604,-0.004170255299988304,-0.005220255299988305,0.7000000000000001,-0.003749443481242507,0.5
3,4,10,25.0,12,-0.0015042365051615443,-0.0032542365051615447,0.0026660187948267604,-0.004170255299988304,-0.005920255299988304,0.7000000000000001,-0.003749443481242507,0.5
3,4,10,35.0,12,-0.0015042365051615443,-0.003954236505161545,0.0026660187948267604,-0.004170255299988304,-0.006620255299988304,0.7000000000000001,-0.003749443481242507,0.5
3,4,20,10.0,12,0.0024249813198223037,0.0018583146531556372,0.0026660187948267604,-0.00024103747500445508,-0.0008077041416711221,0.5666666666666667,-0.003749443481242507,0.5833333333333334
3,4,20,15.0,12,0.0024249813198223037,0.0015749813198223043,0.0026660187948267604,-0.00024103747500445508,-0.0010910374750044553,0.5666666666666667,-0.003749443481242507,0.5833333333333334
3,4,20,25.0,12,0.0024249813198223037,0.0010083146531556376,0.0026660187948267604,-0.00024103747500445508,-0.0016577041416711224,0.5666666666666667,-0.003749443481242507,0.5
3,4,20,35.0,12,0.0024249813198223037,0.0004416479864889707,0.0026660187948267604,-0.00024103747500445508,-0.002224370808337789,0.5666666666666667,-0.003749443481242507,0.4166666666666667
3,4,50,10.0,12,0.0022540990519433466,0.0019874323852766803,0.0026660187948267604,-0.00041191974288341316,-0.0006785864095500797,0.26666666666666666,-0.003749443481242507,0.75
3,4,50,15.0,12,0.0022540990519433466,0.0018540990519433462,0.0026660187948267604,-0.00041191974288341316,-0.0008119197428834135,0.26666666666666666,-0.003749443481242507,0.75
3,4,50,25.0,12,0.0022540990519433466,0.0015874323852766792,0.0026660187948267604,-0.00041191974288341316,-0.0010785864095500801,0.26666666666666666,-0.003749443481242507,0.75
3,4,50,35.0,12,0.0022540990519433466,0.0013207657186100133,0.0026660187948267604,-0.00041191974288341316,-0.0013452530762167465,0.26666666666666666,-0.003749443481242507,0.6666666666666666
3,4,100,10.0,12,0.0,0.0,0.0026660187948267604,-0.0026660187948267604,-0.0026660187948267604,0.0,-0.003749443481242507,0.0
3,4,100,15.0,12,0.0,0.0,0.0026660187948267604,-0.0026660187948267604,-0.0026660187948267604,0.0,-0.003749443481242507,0.0
3,4,100,25.0,12,0.0,0.0,0.0026660187948267604,-0.0026660187948267604,-0.0026660187948267604,0.0,-0.003749443481242507,0.0
3,4,100,35.0,12,0.0,0.0,0.0026660187948267604,-0.0026660187948267604,-0.0026660187948267604,0.0,-0.003749443481242507,0.0
3,5,10,10.0,12,-0.03385952992823371,-0.034509529928233716,-0.02141565538236498,-0.012443874545868738,-0.01309387454586874,0.65,0.011564812609881426,0.25
3,5,10,15.0,12,-0.03385952992823371,-0.034834529928233715,-0.02141565538236498,-0.012443874545868738,-0.013418874545868735,0.65,0.011564812609881426,0.25
3,5,10,25.0,12,-0.03385952992823371,-0.03548452992823372,-0.02141565538236498,-0.012443874545868738,-0.014068874545868734,0.65,0.011564812609881426,0.25
3,5,10,35.0,12,-0.03385952992823371,-0.03613452992823371,-0.02141565538236498,-0.012443874545868738,-0.014718874545868737,0.65,0.011564812609881426,0.25
3,5,20,10.0,12,-0.03121952800100591,-0.03173619466767257,-0.02141565538236498,-0.009803872618640927,-0.010320539285307594,0.5166666666666667,0.011564812609881426,0.3333333333333333
3,5,20,15.0,12,-0.03121952800100591,-0.031994528001005905,-0.02141565538236498,-0.009803872618640927,-0.010578872618640926,0.5166666666666667,0.011564812609881426,0.3333333333333333
3,5,20,25.0,12,-0.03121952800100591,-0.03251119466767257,-0.02141565538236498,-0.009803872618640927,-0.011095539285307593,0.5166666666666667,0.011564812609881426,0.3333333333333333
3,5,20,35.0,12,-0.03121952800100591,-0.033027861334339235,-0.02141565538236498,-0.009803872618640927,-0.011612205951974259,0.5166666666666667,0.011564812609881426,0.25
3,5,50,10.0,12,-0.023592739004260916,-0.023909405670927586,-0.02141565538236498,-0.0021770836218959378,-0.002493750288562605,0.3166666666666667,0.011564812609881426,0.4166666666666667
3,5,50,15.0,12,-0.023592739004260916,-0.02406773900426092,-0.02141565538236498,-0.0021770836218959378,-0.002652083621895937,0.3166666666666667,0.011564812609881426,0.4166666666666667
3,5,50,25.0,12,-0.023592739004260916,-0.02438440567092759,-0.02141565538236498,-0.0021770836218959378,-0.002968750288562605,0.3166666666666667,0.011564812609881426,0.4166666666666667
3,5,50,35.0,12,-0.023592739004260916,-0.02470107233759425,-0.02141565538236498,-0.0021770836218959378,-0.0032854169552292705,0.3166666666666667,0.011564812609881426,0.3333333333333333
3,5,100,10.0,12,0.0,0.0,-0.02141565538236498,0.02141565538236498,0.02141565538236498,0.0,0.011564812609881426,0.0
3,5,100,15.0,12,0.0,0.0,-0.02141565538236498,0.02141565538236498,0.02141565538236498,0.0,0.011564812609881426,0.0
3,5,100,25.0,12,0.0,0.0,-0.02141565538236498,0.02141565538236498,0.02141565538236498,0.0,0.011564812609881426,0.0
3,5,100,35.0,12,0.0,0.0,-0.02141565538236498,0.02141565538236498,0.02141565538236498,0.0,0.011564812609881426,0.0
3,6,10,10.0,12,0.013531369778953051,0.012864703112286387,0.010228951188703723,0.00330241859024933,0.0026357519235826617,0.6666666666666666,-0.003464469779085981,0.5833333333333334
3,6,10,15.0,12,0.013531369778953051,0.01253136977895305,0.010228951188703723,0.00330241859024933,0.0023024185902493295,0.6666666666666666,-0.003464469779085981,0.5
3,6,10,25.0,12,0.013531369778953051,0.011864703112286384,0.010228951188703723,0.00330241859024933,0.001635751923582662,0.6666666666666666,-0.003464469779085981,0.5
3,6,10,35.0,12,0.013531369778953051,0.011198036445619718,0.010228951188703723,0.00330241859024933,0.0009690852569159947,0.6666666666666666,-0.003464469779085981,0.5
3,6,20,10.0,12,0.009937663757273863,0.009341830423940527,0.010228951188703723,-0.00029128743142986004,-0.0008871207647631932,0.5958333333333334,-0.003464469779085981,0.6666666666666666
3,6,20,15.0,12,0.009937663757273863,0.009043913757273864,0.010228951188703723,-0.00029128743142986004,-0.0011850374314298598,0.5958333333333334,-0.003464469779085981,0.6666666666666666
3,6,20,25.0,12,0.009937663757273863,0.008448080423940529,0.010228951188703723,-0.00029128743142986004,-0.0017808707647631941,0.5958333333333334,-0.003464469779085981,0.6666666666666666
3,6,20,35.0,12,0.009937663757273863,0.007852247090607197,0.010228951188703723,-0.00029128743142986004,-0.002376704098096527,0.5958333333333334,-0.003464469779085981,0.6666666666666666
3,6,50,10.0,12,0.01060096375919239,0.01026263042585906,0.010228951188703723,0.00037201257048866874,3.367923715533559e-05,0.3383333333333334,-0.003464469779085981,0.75
3,6,50,15.0,12,0.01060096375919239,0.010093463759192392,0.010228951188703723,0.00037201257048866874,-0.00013548742951133134,0.3383333333333334,-0.003464469779085981,0.75
3,6,50,25.0,12,0.01060096375919239,0.009755130425859059,0.010228951188703723,0.00037201257048866874,-0.0004738207628446649,0.3383333333333334,-0.003464469779085981,0.75
3,6,50,35.0,12,0.01060096375919239,0.009416797092525726,0.010228951188703723,0.00037201257048866874,-0.0008121540961779981,0.3383333333333334,-0.003464469779085981,0.6666666666666666
3,6,100,10.0,12,0.0,0.0,0.010228951188703723,-0.010228951188703723,-0.010228951188703723,0.0,-0.003464469779085981,0.0
3,6,100,15.0,12,0.0,0.0,0.010228951188703723,-0.010228951188703723,-0.010228951188703723,0.0,-0.003464469779085981,0.0
3,6,100,25.0,12,0.0,0.0,0.010228951188703723,-0.010228951188703723,-0.010228951188703723,0.0,-0.003464469779085981,0.0
3,6,100,35.0,12,0.0,0.0,0.010228951188703723,-0.010228951188703723,-0.010228951188703723,0.0,-0.003464469779085981,0.0
3,7,10,10.0,12,0.0032338752696827156,0.002542208603016048,-0.010499113977002974,0.013732989246685687,0.01304132258001902,0.6916666666666669,0.06008552914755867,0.5
3,7,10,15.0,12,0.0032338752696827156,0.002196375269682716,-0.010499113977002974,0.013732989246685687,0.012695489246685688,0.6916666666666669,0.06008552914755867,0.5
3,7,10,25.0,12,0.0032338752696827156,0.0015047086030160473,-0.010499113977002974,0.013732989246685687,0.012003822580019018,0.6916666666666669,0.06008552914755867,0.5
3,7,10,35.0,12,0.0032338752696827156,0.0008130419363493825,-0.010499113977002974,0.013732989246685687,0.011312155913352355,0.6916666666666669,0.06008552914755867,0.5
3,7,20,10.0,12,-0.0033765497358741077,-0.003964049735874108,-0.010499113977002974,0.007122564241128864,0.0065350642411288636,0.5875,0.06008552914755867,0.4166666666666667
3,7,20,15.0,12,-0.0033765497358741077,-0.004257799735874108,-0.010499113977002974,0.007122564241128864,0.006241314241128865,0.5875,0.06008552914755867,0.4166666666666667
3,7,20,25.0,12,-0.0033765497358741077,-0.00484529973587411,-0.010499113977002974,0.007122564241128864,0.0056538142411288635,0.5875,0.06008552914755867,0.4166666666666667
3,7,20,35.0,12,-0.0033765497358741077,-0.005432799735874109,-0.010499113977002974,0.007122564241128864,0.005066314241128863,0.5875,0.06008552914755867,0.4166666666666667
3,7,50,10.0,12,-0.008276671832042786,-0.008631671832042788,-0.010499113977002974,0.0022224421449601878,0.0018674421449601881,0.35500000000000004,0.06008552914755867,0.3333333333333333
3,7,50,15.0,12,-0.008276671832042786,-0.008809171832042781,-0.010499113977002974,0.0022224421449601878,0.0016899421449601871,0.35500000000000004,0.06008552914755867,0.3333333333333333
3,7,50,25.0,12,-0.008276671832042786,-0.009164171832042784,-0.010499113977002974,0.0022224421449601878,0.0013349421449601875,0.35500000000000004,0.06008552914755867,0.3333333333333333
3,7,50,35.0,12,-0.008276671832042786,-0.009519171832042785,-0.010499113977002974,0.0022224421449601878,0.0009799421449601877,0.35500000000000004,0.06008552914755867,0.3333333333333333
3,7,100,10.0,12,0.0,0.0,-0.010499113977002974,0.010499113977002974,0.010499113977002974,0.0,0.06008552914755867,0.0
3,7,100,15.0,12,0.0,0.0,-0.010499113977002974,0.010499113977002974,0.010499113977002974,0.0,0.06008552914755867,0.0
3,7,100,25.0,12,0.0,0.0,-0.010499113977002974,0.010499113977002974,0.010499113977002974,0.0,0.06008552914755867,0.0
3,7,100,35.0,12,0.0,0.0,-0.010499113977002974,0.010499113977002974,0.010499113977002974,0.0,0.06008552914755867,0.0
3,8,10,10.0,12,0.002752211260302823,0.002085544593636157,-0.0014025422834862509,0.004154753543789074,0.0034880868771224073,0.6666666666666669,0.007567467180123543,0.5
3,8,10,15.0,12,0.002752211260302823,0.0017522112603028227,-0.0014025422834862509,0.004154753543789074,0.003154753543789074,0.6666666666666669,0.007567467180123543,0.5
3,8,10,25.0,12,0.002752211260302823,0.001085544593636155,-0.0014025422834862509,0.004154753543789074,0.0024880868771224073,0.6666666666666669,0.007567467180123543,0.5
3,8,10,35.0,12,0.002752211260302823,0.0004188779269694894,-0.0014025422834862509,0.004154753543789074,0.0018214202104557388,0.6666666666666669,0.007567467180123543,0.5
3,8,20,10.0,12,-0.0008120671336435611,-0.0014245671336435611,-0.0014025422834862509,0.0005904751498426899,-2.2024850157309685e-05,0.6125,0.007567467180123543,0.5833333333333334
3,8,20,15.0,12,-0.0008120671336435611,-0.0017308171336435614,-0.0014025422834862509,0.0005904751498426899,-0.00032827485015731036,0.6125,0.007567467180123543,0.5833333333333334
3,8,20,25.0,12,-0.0008120671336435611,-0.002343317133643561,-0.0014025422834862509,0.0005904751498426899,-0.0009407748501573105,0.6125,0.007567467180123543,0.5833333333333334
3,8,20,35.0,12,-0.0008120671336435611,-0.0029558171336435614,-0.0014025422834862509,0.0005904751498426899,-0.0015532748501573105,0.6125,0.007567467180123543,0.5
3,8,50,10.0,12,-0.0014579374499671168,-0.001784604116633784,-0.0014025422834862509,-5.539516648086588e-05,-0.00038206183314753295,0.3266666666666667,0.007567467180123543,0.5833333333333334
3,8,50,15.0,12,-0.0014579374499671168,-0.0019479374499671166,-0.0014025422834862509,-5.539516648086588e-05,-0.0005453951664808657,0.3266666666666667,0.007567467180123543,0.5833333333333334
3,8,50,25.0,12,-0.0014579374499671168,-0.0022746041166337833,-0.0014025422834862509,-5.539516648086588e-05,-0.0008720618331475323,0.3266666666666667,0.007567467180123543,0.5833333333333334
3,8,50,35.0,12,-0.0014579374499671168,-0.0026012707833004503,-0.0014025422834862509,-5.539516648086588e-05,-0.0011987284998141994,0.3266666666666667,0.007567467180123543,0.5833333333333334
3,8,100,10.0,12,0.0,0.0,-0.0014025422834862509,0.0014025422834862509,0.0014025422834862509,0.0,0.007567467180123543,0.0
3,8,100,15.0,12,0.0,0.0,-0.0014025422834862509,0.0014025422834862509,0.0014025422834862509,0.0,0.007567467180123543,0.0
3,8,100,25.0,12,0.0,0.0,-0.0014025422834862509,0.0014025422834862509,0.0014025422834862509,0.0,0.007567467180123543,0.0
3,8,100,35.0,12,0.0,0.0,-0.0014025422834862509,0.0014025422834862509,0.0014025422834862509,0.0,0.007567467180123543,0.0
3,9,10,10.0,12,-0.0075066680429876345,-0.008115001376320968,-0.006047739866359515,-0.0014589281766281177,-0.0020672615099614515,0.6083333333333333,0.035781529894058965,0.16666666666666666
3,9,10,15.0,12,-0.0075066680429876345,-0.008419168042987634,-0.006047739866359515,-0.0014589281766281177,-0.002371428176628118,0.6083333333333333,0.035781529894058965,0.16666666666666666
3,9,10,25.0,12,-0.0075066680429876345,-0.009027501376320968,-0.006047739866359515,-0.0014589281766281177,-0.002979761509961452,0.6083333333333333,0.035781529894058965,0.16666666666666666
3,9,10,35.0,12,-0.0075066680429876345,-0.009635834709654303,-0.006047739866359515,-0.0014589281766281177,-0.003588094843294785,0.6083333333333333,0.035781529894058965,0.16666666666666666
3,9,20,10.0,12,-0.009144988456738999,-0.009661655123405668,-0.006047739866359515,-0.003097248590379482,-0.0036139152570461492,0.5166666666666667,0.035781529894058965,0.16666666666666666
3,9,20,15.0,12,-0.009144988456738999,-0.009919988456739,-0.006047739866359515,-0.003097248590379482,-0.0038722485903794827,0.5166666666666667,0.035781529894058965,0.16666666666666666
3,9,20,25.0,12,-0.009144988456738999,-0.010436655123405664,-0.006047739866359515,-0.003097248590379482,-0.00438891525704615,0.5166666666666667,0.035781529894058965,0.16666666666666666
3,9,20,35.0,12,-0.009144988456738999,-0.01095332179007233,-0.006047739866359515,-0.003097248590379482,-0.0049055819237128154,0.5166666666666667,0.035781529894058965,0.16666666666666666
3,9,50,10.0,12,-0.006565747047108571,-0.0069040803804419045,-0.006047739866359515,-0.000518007180749054,-0.0008563405140823878,0.3383333333333333,0.035781529894058965,0.3333333333333333
3,9,50,15.0,12,-0.006565747047108571,-0.007073247047108571,-0.006047739866359515,-0.000518007180749054,-0.0010255071807490541,0.3383333333333333,0.035781529894058965,0.3333333333333333
3,9,50,25.0,12,-0.006565747047108571,-0.007411580380441904,-0.006047739866359515,-0.000518007180749054,-0.0013638405140823876,0.3383333333333333,0.035781529894058965,0.3333333333333333
3,9,50,35.0,12,-0.006565747047108571,-0.007749913713775237,-0.006047739866359515,-0.000518007180749054,-0.0017021738474157213,0.3383333333333333,0.035781529894058965,0.3333333333333333
3,9,100,10.0,12,0.0,0.0,-0.006047739866359515,0.006047739866359515,0.006047739866359515,0.0,0.035781529894058965,0.0
3,9,100,15.0,12,0.0,0.0,-0.006047739866359515,0.006047739866359515,0.006047739866359515,0.0,0.035781529894058965,0.0
3,9,100,25.0,12,0.0,0.0,-0.006047739866359515,0.006047739866359515,0.006047739866359515,0.0,0.035781529894058965,0.0
3,9,100,35.0,12,0.0,0.0,-0.006047739866359515,0.006047739866359515,0.006047739866359515,0.0,0.035781529894058965,0.0
3,10,10,10.0,12,0.012088670599654098,0.011513670599654099,0.008123962255301867,0.003964708344352232,0.003389708344352231,0.5750000000000001,-0.0796934474077464,0.75
3,10,10,15.0,12,0.012088670599654098,0.011226170599654098,0.008123962255301867,0.003964708344352232,0.003102208344352231,0.5750000000000001,-0.0796934474077464,0.75
3,10,10,25.0,12,0.012088670599654098,0.010651170599654097,0.008123962255301867,0.003964708344352232,0.002527208344352231,0.5750000000000001,-0.0796934474077464,0.75
3,10,10,35.0,12,0.012088670599654098,0.0100761705996541,0.008123962255301867,0.003964708344352232,0.0019522083443522314,0.5750000000000001,-0.0796934474077464,0.75
3,10,20,10.0,12,0.011281455871180646,0.010752289204513979,0.008123962255301867,0.0031574936158787806,0.0026283269492121137,0.5291666666666667,-0.0796934474077464,0.6666666666666666
3,10,20,15.0,12,0.011281455871180646,0.010487705871180648,0.008123962255301867,0.0031574936158787806,0.0023637436158787813,0.5291666666666667,-0.0796934474077464,0.6666666666666666
3,10,20,25.0,12,0.011281455871180646,0.00995853920451398,0.008123962255301867,0.0031574936158787806,0.0018345769492121133,0.5291666666666667,-0.0796934474077464,0.6666666666666666
3,10,20,35.0,12,0.011281455871180646,0.009429372537847315,0.008123962255301867,0.0031574936158787806,0.0013054102825454472,0.5291666666666667,-0.0796934474077464,0.6666666666666666
3,10,50,10.0,12,0.009970970356475163,0.009669303689808496,0.008123962255301867,0.0018470081011732972,0.00154534143450663,0.3016666666666667,-0.0796934474077464,0.75
3,10,50,15.0,12,0.009970970356475163,0.009518470356475165,0.008123962255301867,0.0018470081011732972,0.001394508101173297,0.3016666666666667,-0.0796934474077464,0.75
3,10,50,25.0,12,0.009970970356475163,0.009216803689808496,0.008123962255301867,0.0018470081011732972,0.0010928414345066303,0.3016666666666667,-0.0796934474077464,0.75
3,10,50,35.0,12,0.009970970356475163,0.008915137023141829,0.008123962255301867,0.0018470081011732972,0.0007911747678399633,0.3016666666666667,-0.0796934474077464,0.75
3,10,100,10.0,12,0.0,0.0,0.008123962255301867,-0.008123962255301867,-0.008123962255301867,0.0,-0.0796934474077464,0.0
3,10,100,15.0,12,0.0,0.0,0.008123962255301867,-0.008123962255301867,-0.008123962255301867,0.0,-0.0796934474077464,0.0
3,10,100,25.0,12,0.0,0.0,0.008123962255301867,-0.008123962255301867,-0.008123962255301867,0.0,-0.0796934474077464,0.0
3,10,100,35.0,12,0.0,0.0,0.008123962255301867,-0.008123962255301867,-0.008123962255301867,0.0,-0.0796934474077464,0.0
3,11,10,10.0,12,0.003794604172979637,0.0032279375063129704,0.002081795436446776,0.0017128087365328604,0.0011461420698661942,0.5666666666666668,0.008970812609046057,0.5833333333333334
3,11,10,15.0,12,0.003794604172979637,0.0029446041729796362,0.002081795436446776,0.0017128087365328604,0.0008628087365328603,0.5666666666666668,0.008970812609046057,0.5833333333333334
3,11,10,25.0,12,0.003794604172979637,0.0023779375063129695,0.002081795436446776,0.0017128087365328604,0.00029614206986619394,0.5666666666666668,0.008970812609046057,0.5833333333333334
3,11,10,35.0,12,0.003794604172979637,0.0018112708396463043,0.002081795436446776,0.0017128087365328604,-0.00027052459680047174,0.5666666666666668,0.008970812609046057,0.5833333333333334
3,11,20,10.0,12,0.0022754910838872935,0.0017504910838872939,0.002081795436446776,0.0001936956474405171,-0.000331304352559483,0.525,0.008970812609046057,0.5
3,11,20,15.0,12,0.0022754910838872935,0.0014879910838872924,0.002081795436446776,0.0001936956474405171,-0.0005938043525594824,0.525,0.008970812609046057,0.5
3,11,20,25.0,12,0.0022754910838872935,0.0009629910838872931,0.002081795436446776,0.0001936956474405171,-0.001118804352559483,0.525,0.008970812609046057,0.5
3,11,20,35.0,12,0.0022754910838872935,0.00043799108388729293,0.002081795436446776,0.0001936956474405171,-0.001643804352559483,0.525,0.008970812609046057,0.5
3,11,50,10.0,12,0.0029193104683767693,0.0025843104683767695,0.002081795436446776,0.0008375150319299927,0.0005025150319299926,0.33499999999999996,0.008970812609046057,0.5
3,11,50,15.0,12,0.0029193104683767693,0.00241681046837677,0.002081795436446776,0.0008375150319299927,0.0003350150319299931,0.33499999999999996,0.008970812609046057,0.5
3,11,50,25.0,12,0.0029193104683767693,0.0020818104683767683,0.002081795436446776,0.0008375150319299927,1.5031929992595793e-08,0.33499999999999996,0.008970812609046057,0.5
3,11,50,35.0,12,0.0029193104683767693,0.0017468104683767687,0.002081795436446776,0.0008375150319299927,-0.0003349849680700072,0.33499999999999996,0.008970812609046057,0.5
3,11,100,10.0,12,0.0,0.0,0.002081795436446776,-0.002081795436446776,-0.002081795436446776,0.0,0.008970812609046057,0.0
3,11,100,15.0,12,0.0,0.0,0.002081795436446776,-0.002081795436446776,-0.002081795436446776,0.0,0.008970812609046057,0.0
3,11,100,25.0,12,0.0,0.0,0.002081795436446776,-0.002081795436446776,-0.002081795436446776,0.0,0.008970812609046057,0.0
3,11,100,35.0,12,0.0,0.0,0.002081795436446776,-0.002081795436446776,-0.002081795436446776,0.0,0.008970812609046057,0.0
3,12,10,10.0,12,0.002744600908353568,0.002102934241686901,0.005491950132241491,-0.002747349223887923,-0.00338901589055459,0.6416666666666667,-0.040975511202832125,0.5833333333333334
3,12,10,15.0,12,0.002744600908353568,0.0017821009083535684,0.005491950132241491,-0.002747349223887923,-0.003709849223887923,0.6416666666666667,-0.040975511202832125,0.5833333333333334
3,12,10,25.0,12,0.002744600908353568,0.0011404342416869006,0.005491950132241491,-0.002747349223887923,-0.0043515158905545895,0.6416666666666667,-0.040975511202832125,0.5833333333333334
3,12,10,35.0,12,0.002744600908353568,0.0004987675750202347,0.005491950132241491,-0.002747349223887923,-0.004993182557221257,0.6416666666666667,-0.040975511202832125,0.5833333333333334
3,12,20,10.0,12,0.0027105610369137674,0.0021813943702471,0.005491950132241491,-0.0027813890953277236,-0.0033105557619943896,0.5291666666666668,-0.040975511202832125,0.6666666666666666
3,12,20,15.0,12,0.0027105610369137674,0.0019168110369137672,0.005491950132241491,-0.0027813890953277236,-0.003575139095327724,0.5291666666666668,-0.040975511202832125,0.6666666666666666
3,12,20,25.0,12,0.0027105610369137674,0.0013876443702470998,0.005491950132241491,-0.0027813890953277236,-0.004104305761994391,0.5291666666666668,-0.040975511202832125,0.5833333333333334
3,12,20,35.0,12,0.0027105610369137674,0.0008584777035804333,0.005491950132241491,-0.0027813890953277236,-0.004633472428661058,0.5291666666666668,-0.040975511202832125,0.5833333333333334
3,12,50,10.0,12,0.004333264214423971,0.004009930881090637,0.005491950132241491,-0.0011586859178175201,-0.0014820192511508532,0.3233333333333333,-0.040975511202832125,0.6666666666666666
3,12,50,15.0,12,0.004333264214423971,0.003848264214423971,0.005491950132241491,-0.0011586859178175201,-0.0016436859178175199,0.3233333333333333,-0.040975511202832125,0.6666666666666666
3,12,50,25.0,12,0.004333264214423971,0.003524930881090637,0.005491950132241491,-0.0011586859178175201,-0.0019670192511508536,0.3233333333333333,-0.040975511202832125,0.6666666666666666
3,12,50,35.0,12,0.004333264214423971,0.003201597547757304,0.005491950132241491,-0.0011586859178175201,-0.002290352584484187,0.3233333333333333,-0.040975511202832125,0.6666666666666666
3,12,100,10.0,12,0.0,0.0,0.005491950132241491,-0.005491950132241491,-0.005491950132241491,0.0,-0.040975511202832125,0.0
3,12,100,15.0,12,0.0,0.0,0.005491950132241491,-0.005491950132241491,-0.005491950132241491,0.0,-0.040975511202832125,0.0
3,12,100,25.0,12,0.0,0.0,0.005491950132241491,-0.005491950132241491,-0.005491950132241491,0.0,-0.040975511202832125,0.0
3,12,100,35.0,12,0.0,0.0,0.005491950132241491,-0.005491950132241491,-0.005491950132241491,0.0,-0.040975511202832125,0.0
3,13,10,10.0,12,0.0015300449321589912,0.0008883782654923244,6.302584052326743e-05,0.0014670190916357241,0.0008253524249690576,0.6416666666666667,0.0026645802097174684,0.5833333333333334
3,13,10,15.0,12,0.0015300449321589912,0.0005675449321589906,6.302584052326743e-05,0.0014670190916357241,0.0005045190916357236,0.6416666666666667,0.0026645802097174684,0.5833333333333334
3,13,10,25.0,12,0.0015300449321589912,-7.412173450767623e-05,6.302584052326743e-05,0.0014670190916357241,-0.00013714757503094322,0.6416666666666667,0.0026645802097174684,0.5833333333333334
3,13,10,35.0,12,0.0015300449321589912,-0.0007157884011743427,6.302584052326743e-05,0.0014670190916357241,-0.0007788142416976107,0.6416666666666667,0.0026645802097174684,0.5833333333333334
3,13,20,10.0,12,0.002485564308283858,0.0018772309749505247,6.302584052326743e-05,0.0024225384677605912,0.0018142051344272577,0.6083333333333335,0.0026645802097174684,0.5833333333333334
3,13,20,15.0,12,0.002485564308283858,0.0015730643082838582,6.302584052326743e-05,0.0024225384677605912,0.0015100384677605913,0.6083333333333335,0.0026645802097174684,0.5833333333333334
3,13,20,25.0,12,0.002485564308283858,0.0009647309749505244,6.302584052326743e-05,0.0024225384677605912,0.0009017051344272576,0.6083333333333335,0.0026645802097174684,0.5833333333333334
3,13,20,35.0,12,0.002485564308283858,0.0003563976416171913,6.302584052326743e-05,0.0024225384677605912,0.0002933718010939248,0.6083333333333335,0.0026645802097174684,0.5833333333333334
3,13,50,10.0,12,0.0017011289300183352,0.001322795596685001,6.302584052326743e-05,0.0016381030894950684,0.0012597697561617343,0.37833333333333335,0.0026645802097174684,0.6666666666666666
3,13,50,15.0,12,0.0017011289300183352,0.0011336289300183347,6.302584052326743e-05,0.0016381030894950684,0.0010706030894950679,0.37833333333333335,0.0026645802097174684,0.6666666666666666
3,13,50,25.0,12,0.0017011289300183352,0.0007552955966850017,6.302584052326743e-05,0.0016381030894950684,0.0006922697561617349,0.37833333333333335,0.0026645802097174684,0.6666666666666666
3,13,50,35.0,12,0.0017011289300183352,0.0003769622633516682,6.302584052326743e-05,0.0016381030894950684,0.00031393642282840137,0.37833333333333335,0.0026645802097174684,0.6666666666666666
3,13,100,10.0,12,0.0,0.0,6.302584052326743e-05,-6.302584052326743e-05,-6.302584052326743e-05,0.0,0.0026645802097174684,0.0
3,13,100,15.0,12,0.0,0.0,6.302584052326743e-05,-6.302584052326743e-05,-6.302584052326743e-05,0.0,0.0026645802097174684,0.0
3,13,100,25.0,12,0.0,0.0,6.302584052326743e-05,-6.302584052326743e-05,-6.302584052326743e-05,0.0,0.0026645802097174684,0.0
3,13,100,35.0,12,0.0,0.0,6.302584052326743e-05,-6.302584052326743e-05,-6.302584052326743e-05,0.0,0.0026645802097174684,0.0
3,14,10,10.0,12,0.007149221870336553,0.006449221870336551,0.0008451303143510812,0.006304091555985471,0.005604091555985469,0.7000000000000002,0.04266952238551592,0.5
3,14,10,15.0,12,0.007149221870336553,0.006099221870336551,0.0008451303143510812,0.006304091555985471,0.005254091555985471,0.7000000000000002,0.04266952238551592,0.5
3,14,10,25.0,12,0.007149221870336553,0.005399221870336551,0.0008451303143510812,0.006304091555985471,0.00455409155598547,0.7000000000000002,0.04266952238551592,0.5
3,14,10,35.0,12,0.007149221870336553,0.004699221870336551,0.0008451303143510812,0.006304091555985471,0.0038540915559854695,0.7000000000000002,0.04266952238551592,0.5
3,14,20,10.0,12,0.003070509279431071,0.0024871759460977382,0.0008451303143510812,0.0022253789650799913,0.0016420456317466573,0.5833333333333334,0.04266952238551592,0.5
3,14,20,15.0,12,0.003070509279431071,0.002195509279431072,0.0008451303143510812,0.0022253789650799913,0.0013503789650799907,0.5833333333333334,0.04266952238551592,0.5
3,14,20,25.0,12,0.003070509279431071,0.0016121759460977381,0.0008451303143510812,0.0022253789650799913,0.0007670456317466568,0.5833333333333334,0.04266952238551592,0.5
3,14,20,35.0,12,0.003070509279431071,0.0010288426127644046,0.0008451303143510812,0.0022253789650799913,0.00018371229841332358,0.5833333333333334,0.04266952238551592,0.5
3,14,50,10.0,12,0.0012748416355735745,0.0009265083022402413,0.0008451303143510812,0.0004297113212224941,8.137798788916033e-05,0.34833333333333333,0.04266952238551592,0.4166666666666667
3,14,50,15.0,12,0.0012748416355735745,0.0007523416355735745,0.0008451303143510812,0.0004297113212224941,-9.278867877750567e-05,0.34833333333333333,0.04266952238551592,0.4166666666666667
3,14,50,25.0,12,0.0012748416355735745,0.00040400830224024127,0.0008451303143510812,0.0004297113212224941,-0.00044112201211083936,0.34833333333333333,0.04266952238551592,0.4166666666666667
3,14,50,35.0,12,0.0012748416355735745,5.567496890690869e-05,0.0008451303143510812,0.0004297113212224941,-0.0007894553454441728,0.34833333333333333,0.04266952238551592,0.4166666666666667
3,14,100,10.0,12,0.0,0.0,0.0008451303143510812,-0.0008451303143510812,-0.0008451303143510812,0.0,0.04266952238551592,0.0
3,14,100,15.0,12,0.0,0.0,0.0008451303143510812,-0.0008451303143510812,-0.0008451303143510812,0.0,0.04266952238551592,0.0
3,14,100,25.0,12,0.0,0.0,0.0008451303143510812,-0.0008451303143510812,-0.0008451303143510812,0.0,0.04266952238551592,0.0
3,14,100,35.0,12,0.0,0.0,0.0008451303143510812,-0.0008451303143510812,-0.0008451303143510812,0.0,0.04266952238551592,0.0
3,15,10,10.0,12,0.005788619389073106,0.005113619389073108,0.008180593858919642,-0.002391974469846536,-0.0030669744698465363,0.6750000000000002,-0.04071529219775238,0.5833333333333334
3,15,10,15.0,12,0.005788619389073106,0.004776119389073107,0.008180593858919642,-0.002391974469846536,-0.0034044744698465356,0.6750000000000002,-0.04071529219775238,0.5833333333333334
3,15,10,25.0,12,0.005788619389073106,0.0041011193890731065,0.008180593858919642,-0.002391974469846536,-0.004079474469846536,0.6750000000000002,-0.04071529219775238,0.5833333333333334
3,15,10,35.0,12,0.005788619389073106,0.0034261193890731067,0.008180593858919642,-0.002391974469846536,-0.0047544744698465365,0.6750000000000002,-0.04071529219775238,0.5833333333333334
3,15,20,10.0,12,0.005679672110961831,0.005129672110961831,0.008180593858919642,-0.002500921747957812,-0.003050921747957812,0.55,-0.04071529219775238,0.75
3,15,20,15.0,12,0.005679672110961831,0.004854672110961831,0.008180593858919642,-0.002500921747957812,-0.0033259217479578115,0.55,-0.04071529219775238,0.75
3,15,20,25.0,12,0.005679672110961831,0.004304672110961831,0.008180593858919642,-0.002500921747957812,-0.0038759217479578125,0.55,-0.04071529219775238,0.6666666666666666
3,15,20,35.0,12,0.005679672110961831,0.0037546721109618306,0.008180593858919642,-0.002500921747957812,-0.004425921747957812,0.55,-0.04071529219775238,0.6666666666666666
3,15,50,10.0,12,0.008677385248115314,0.008330718581448645,0.008180593858919642,0.0004967913891956703,0.0001501247225290033,0.3466666666666667,-0.04071529219775238,0.75
3,15,50,15.0,12,0.008677385248115314,0.008157385248115314,0.008180593858919642,0.0004967913891956703,-2.3208610804329247e-05,0.3466666666666667,-0.04071529219775238,0.75
3,15,50,25.0,12,0.008677385248115314,0.0078107185814486465,0.008180593858919642,0.0004967913891956703,-0.00036987527747099624,0.3466666666666667,-0.04071529219775238,0.6666666666666666
3,15,50,35.0,12,0.008677385248115314,0.0074640519147819795,0.008180593858919642,0.0004967913891956703,-0.0007165419441376627,0.3466666666666667,-0.04071529219775238,0.6666666666666666
3,15,100,10.0,12,0.0,0.0,0.008180593858919642,-0.008180593858919642,-0.008180593858919642,0.0,-0.04071529219775238,0.0
3,15,100,15.0,12,0.0,0.0,0.008180593858919642,-0.008180593858919642,-0.008180593858919642,0.0,-0.04071529219775238,0.0
3,15,100,25.0,12,0.0,0.0,0.008180593858919642,-0.008180593858919642,-0.008180593858919642,0.0,-0.04071529219775238,0.0
3,15,100,35.0,12,0.0,0.0,0.008180593858919642,-0.008180593858919642,-0.008180593858919642,0.0,-0.04071529219775238,0.0
3,16,10,10.0,12,0.012251665405032764,0.011443332071699432,0.01065540181188006,0.0015962635931527046,0.0007879302598193709,0.8083333333333335,0.0015765672145628673,0.6666666666666666
3,16,10,15.0,12,0.012251665405032764,0.011039165405032763,0.01065540181188006,0.0015962635931527046,0.0003837635931527046,0.8083333333333335,0.0015765672145628673,0.6666666666666666
3,16,10,25.0,12,0.012251665405032764,0.01023083207169943,0.01065540181188006,0.0015962635931527046,-0.0004245697401806294,0.8083333333333335,0.0015765672145628673,0.6666666666666666
3,16,10,35.0,12,0.012251665405032764,0.009422498738366097,0.01065540181188006,0.0015962635931527046,-0.0012329030735139619,0.8083333333333335,0.0015765672145628673,0.6666666666666666
3,16,20,10.0,12,0.010346148468159984,0.00976281513482665,0.01065540181188006,-0.00030925334372007503,-0.0008925866770534092,0.5833333333333334,0.0015765672145628673,0.6666666666666666
3,16,20,15.0,12,0.010346148468159984,0.009471148468159983,0.01065540181188006,-0.00030925334372007503,-0.0011842533437200753,0.5833333333333334,0.0015765672145628673,0.6666666666666666
3,16,20,25.0,12,0.010346148468159984,0.00888781513482665,0.01065540181188006,-0.00030925334372007503,-0.0017675866770534097,0.5833333333333334,0.0015765672145628673,0.6666666666666666
3,16,20,35.0,12,0.010346148468159984,0.008304481801493317,0.01065540181188006,-0.00030925334372007503,-0.0023509200103867425,0.5833333333333334,0.0015765672145628673,0.6666666666666666
3,16,50,10.0,12,0.009492419817557348,0.009197419817557348,0.01065540181188006,-0.0011629819943227108,-0.0014579819943227113,0.2950000000000001,0.0015765672145628673,0.75
3,16,50,15.0,12,0.009492419817557348,0.009049919817557348,0.01065540181188006,-0.0011629819943227108,-0.0016054819943227107,0.2950000000000001,0.0015765672145628673,0.75
3,16,50,25.0,12,0.009492419817557348,0.008754919817557348,0.01065540181188006,-0.0011629819943227108,-0.001900481994322711,0.2950000000000001,0.0015765672145628673,0.75
3,16,50,35.0,12,0.009492419817557348,0.00845991981755735,0.01065540181188006,-0.0011629819943227108,-0.0021954819943227114,0.2950000000000001,0.0015765672145628673,0.75
3,16,100,10.0,12,0.0,0.0,0.01065540181188006,-0.01065540181188006,-0.01065540181188006,0.0,0.0015765672145628673,0.0
3,16,100,15.0,12,0.0,0.0,0.01065540181188006,-0.01065540181188006,-0.01065540181188006,0.0,0.0015765672145628673,0.0
3,16,100,25.0,12,0.0,0.0,0.01065540181188006,-0.01065540181188006,-0.01065540181188006,0.0,0.0015765672145628673,0.0
3,16,100,35.0,12,0.0,0.0,0.01065540181188006,-0.01065540181188006,-0.01065540181188006,0.0,0.0015765672145628673,0.0
3,17,10,10.0,12,0.0013778493327524111,0.0006361826660857449,0.003343073072642002,-0.0019652237398895913,-0.0027068904065562587,0.7416666666666667,-0.017078722752961288,0.5833333333333334
3,17,10,15.0,12,0.0013778493327524111,0.0002653493327524111,0.003343073072642002,-0.0019652237398895913,-0.003077723739889592,0.7416666666666667,-0.017078722752961288,0.5833333333333334
3,17,10,25.0,12,0.0013778493327524111,-0.00047631733391425576,0.003343073072642002,-0.0019652237398895913,-0.0038193904065562585,0.7416666666666667,-0.017078722752961288,0.5833333333333334
3,17,10,35.0,12,0.0013778493327524111,-0.0012179840005809223,0.003343073072642002,-0.0019652237398895913,-0.0045610570732229246,0.7416666666666667,-0.017078722752961288,0.5
3,17,20,10.0,12,0.002447250400010486,0.0018264170666771528,0.003343073072642002,-0.0008958226726315167,-0.00151665600596485,0.6208333333333335,-0.017078722752961288,0.5
3,17,20,15.0,12,0.002447250400010486,0.0015160004000104846,0.003343073072642002,-0.0008958226726315167,-0.001827072672631517,0.6208333333333335,-0.017078722752961288,0.5
3,17,20,25.0,12,0.002447250400010486,0.0008951670666771527,0.003343073072642002,-0.0008958226726315167,-0.00244790600596485,0.6208333333333335,-0.017078722752961288,0.5
3,17,20,35.0,12,0.002447250400010486,0.00027433373334381843,0.003343073072642002,-0.0008958226726315167,-0.0030687393392981837,0.6208333333333335,-0.017078722752961288,0.5
3,17,50,10.0,12,0.0034213194135770055,0.003072986080243672,0.003343073072642002,7.824634093500298e-05,-0.00027008699239833056,0.3483333333333334,-0.017078722752961288,0.5833333333333334
3,17,50,15.0,12,0.0034213194135770055,0.002898819413577006,0.003343073072642002,7.824634093500298e-05,-0.00044425365906499694,0.3483333333333334,-0.017078722752961288,0.5833333333333334
3,17,50,25.0,12,0.0034213194135770055,0.0025504860802436718,0.003343073072642002,7.824634093500298e-05,-0.0007925869923983304,0.3483333333333334,-0.017078722752961288,0.5833333333333334
3,17,50,35.0,12,0.0034213194135770055,0.0022021527469103385,0.003343073072642002,7.824634093500298e-05,-0.0011409203257316638,0.3483333333333334,-0.017078722752961288,0.5833333333333334
3,17,100,10.0,12,0.0,0.0,0.003343073072642002,-0.003343073072642002,-0.003343073072642002,0.0,-0.017078722752961288,0.0
3,17,100,15.0,12,0.0,0.0,0.003343073072642002,-0.003343073072642002,-0.003343073072642002,0.0,-0.017078722752961288,0.0
3,17,100,25.0,12,0.0,0.0,0.003343073072642002,-0.003343073072642002,-0.003343073072642002,0.0,-0.017078722752961288,0.0
3,17,100,35.0,12,0.0,0.0,0.003343073072642002,-0.003343073072642002,-0.003343073072642002,0.0,-0.017078722752961288,0.0
3,18,10,10.0,12,0.006173677790932658,0.005473677790932657,0.004220523792191936,0.0019531539987407216,0.0012531539987407218,0.7000000000000001,0.01394470735975333,0.6666666666666666
3,18,10,15.0,12,0.006173677790932658,0.005123677790932656,0.004220523792191936,0.0019531539987407216,0.000903153998740721,0.7000000000000001,0.01394470735975333,0.6666666666666666
3,18,10,25.0,12,0.006173677790932658,0.004423677790932656,0.004220523792191936,0.0019531539987407216,0.00020315399874072082,0.7000000000000001,0.01394470735975333,0.6666666666666666
3,18,10,35.0,12,0.006173677790932658,0.003723677790932658,0.004220523792191936,0.0019531539987407216,-0.0004968460012592778,0.7000000000000001,0.01394470735975333,0.5833333333333334
3,18,20,10.0,12,0.0025126617762793266,0.0018293284429459933,0.004220523792191936,-0.0017078620159126092,-0.002391195349245942,0.6833333333333335,0.01394470735975333,0.5833333333333334
3,18,20,15.0,12,0.0025126617762793266,0.0014876617762793268,0.004220523792191936,-0.0017078620159126092,-0.0027328620159126093,0.6833333333333335,0.01394470735975333,0.5
3,18,20,25.0,12,0.0025126617762793266,0.0008043284429459931,0.004220523792191936,-0.0017078620159126092,-0.003416195349245942,0.6833333333333335,0.01394470735975333,0.5
3,18,20,35.0,12,0.0025126617762793266,0.00012099510961265942,0.004220523792191936,-0.0017078620159126092,-0.004099528682579276,0.6833333333333335,0.01394470735975333,0.5
3,18,50,10.0,12,0.0030299069004033016,0.0026815735670699683,0.004220523792191936,-0.0011906168917886345,-0.0015389502251219676,0.34833333333333333,0.01394470735975333,0.5
3,18,50,15.0,12,0.0030299069004033016,0.002507406900403301,0.004220523792191936,-0.0011906168917886345,-0.001713116891788634,0.34833333333333333,0.01394470735975333,0.5
3,18,50,25.0,12,0.0030299069004033016,0.0021590735670699683,0.004220523792191936,-0.0011906168917886345,-0.0020614502251219673,0.34833333333333333,0.01394470735975333,0.5
3,18,50,35.0,12,0.0030299069004033016,0.0018107402337366348,0.004220523792191936,-0.0011906168917886345,-0.0024097835584553015,0.34833333333333333,0.01394470735975333,0.5
3,18,100,10.0,12,0.0,0.0,0.004220523792191936,-0.004220523792191936,-0.004220523792191936,0.0,0.01394470735975333,0.0
3,18,100,15.0,12,0.0,0.0,0.004220523792191936,-0.004220523792191936,-0.004220523792191936,0.0,0.01394470735975333,0.0
3,18,100,25.0,12,0.0,0.0,0.004220523792191936,-0.004220523792191936,-0.004220523792191936,0.0,0.01394470735975333,0.0
3,18,100,35.0,12,0.0,0.0,0.004220523792191936,-0.004220523792191936,-0.004220523792191936,0.0,0.01394470735975333,0.0
3,19,10,10.0,12,0.004530991910827842,0.0038309919108278413,0.004560547147999435,-2.9555237171593394e-05,-0.0007295552371715935,0.7000000000000001,0.0651769852789368,0.5
3,19,10,15.0,12,0.004530991910827842,0.003480991910827841,0.004560547147999435,-2.9555237171593394e-05,-0.0010795552371715945,0.7000000000000001,0.0651769852789368,0.5
3,19,10,25.0,12,0.004530991910827842,0.0027809919108278407,0.004560547147999435,-2.9555237171593394e-05,-0.0017795552371715942,0.7000000000000001,0.0651769852789368,0.5
3,19,10,35.0,12,0.004530991910827842,0.0020809919108278415,0.004560547147999435,-2.9555237171593394e-05,-0.002479555237171593,0.7000000000000001,0.0651769852789368,0.5
3,19,20,10.0,12,0.005946230441126029,0.005242063774459363,0.004560547147999435,0.0013856832931265946,0.0006815166264599286,0.7041666666666666,0.0651769852789368,0.5
3,19,20,15.0,12,0.005946230441126029,0.004889980441126029,0.004560547147999435,0.0013856832931265946,0.00032943329312659484,0.7041666666666666,0.0651769852789368,0.5
3,19,20,25.0,12,0.005946230441126029,0.004185813774459364,0.004560547147999435,0.0013856832931265946,-0.0003747333735400722,0.7041666666666666,0.0651769852789368,0.4166666666666667
3,19,20,35.0,12,0.005946230441126029,0.0034816471077926976,0.004560547147999435,0.0013856832931265946,-0.001078900040206739,0.7041666666666666,0.0651769852789368,0.4166666666666667
3,19,50,10.0,12,0.005697235872926879,0.00519223587292688,0.004560547147999435,0.0011366887249274445,0.0006316887249274446,0.505,0.0651769852789368,0.5
3,19,50,15.0,12,0.005697235872926879,0.00493973587292688,0.004560547147999435,0.0011366887249274445,0.00037918872492744465,0.505,0.0651769852789368,0.5
3,19,50,25.0,12,0.005697235872926879,0.004434735872926879,0.004560547147999435,0.0011366887249274445,-0.00012581127507255556,0.505,0.0651769852789368,0.5
3,19,50,35.0,12,0.005697235872926879,0.003929735872926879,0.004560547147999435,0.0011366887249274445,-0.0006308112750725561,0.505,0.0651769852789368,0.5
3,19,100,10.0,12,-0.0006811203269907843,-0.0007640284902560904,0.004560547147999435,-0.005241667474990219,-0.0053245756382555255,0.08290816326530613,0.0651769852789368,0.3333333333333333
3,19,100,15.0,12,-0.0006811203269907843,-0.0008054825718887436,0.004560547147999435,-0.005241667474990219,-0.005366029719888178,0.08290816326530613,0.0651769852789368,0.3333333333333333
3,19,100,25.0,12,-0.0006811203269907843,-0.0008883907351540495,0.004560547147999435,-0.005241667474990219,-0.005448937883153484,0.08290816326530613,0.0651769852789368,0.3333333333333333
3,19,100,35.0,12,-0.0006811203269907843,-0.0009712988984193557,0.004560547147999435,-0.005241667474990219,-0.00553184604641879,0.08290816326530613,0.0651769852789368,0.3333333333333333
3,20,10,10.0,12,0.006540183205216065,0.005748516538549397,0.00010495199095992621,0.006435231214256139,0.0056435645475894705,0.7916666666666669,-0.010989511520854528,0.5
3,20,10,15.0,12,0.006540183205216065,0.005352683205216064,0.00010495199095992621,0.006435231214256139,0.005247731214256138,0.7916666666666669,-0.010989511520854528,0.5
3,20,10,25.0,12,0.006540183205216065,0.004561016538549397,0.00010495199095992621,0.006435231214256139,0.00445606454758947,0.7916666666666669,-0.010989511520854528,0.5
3,20,10,35.0,12,0.006540183205216065,0.003769349871882731,0.00010495199095992621,0.006435231214256139,0.003664397880922805,0.7916666666666669,-0.010989511520854528,0.5
3,20,20,10.0,12,0.003070980220195032,0.0024168135535283645,0.00010495199095992621,0.002966028229235105,0.002311861562568438,0.6541666666666667,-0.010989511520854528,0.5833333333333334
3,20,20,15.0,12,0.003070980220195032,0.0020897302201950316,0.00010495199095992621,0.002966028229235105,0.0019847782292351053,0.6541666666666667,-0.010989511520854528,0.5833333333333334
3,20,20,25.0,12,0.003070980220195032,0.001435563553528364,0.00010495199095992621,0.002966028229235105,0.0013306115625684376,0.6541666666666667,-0.010989511520854528,0.5833333333333334
3,20,20,35.0,12,0.003070980220195032,0.000781396886861698,0.00010495199095992621,0.002966028229235105,0.0006764448959017717,0.6541666666666667,-0.010989511520854528,0.5833333333333334
3,20,50,10.0,12,0.0010870274568015167,0.0006670274568015165,0.00010495199095992621,0.0009820754658415901,0.0005620754658415906,0.4200000000000001,-0.010989511520854528,0.5
3,20,50,15.0,12,0.0010870274568015167,0.00045702745680151636,0.00010495199095992621,0.0009820754658415901,0.00035207546584158984,0.4200000000000001,-0.010989511520854528,0.5
3,20,50,25.0,12,0.0010870274568015167,3.7027456801516416e-05,0.00010495199095992621,0.0009820754658415901,-6.792453415840973e-05,0.4200000000000001,-0.010989511520854528,0.4166666666666667
3,20,50,35.0,12,0.0010870274568015167,-0.00038297254319848324,0.00010495199095992621,0.0009820754658415901,-0.00048792453415840987,0.4200000000000001,-0.010989511520854528,0.4166666666666667
3,20,100,10.0,12,0.0,0.0,0.00010495199095992621,-0.00010495199095992621,-0.00010495199095992621,0.0,-0.010989511520854528,0.0
3,20,100,15.0,12,0.0,0.0,0.00010495199095992621,-0.00010495199095992621,-0.00010495199095992621,0.0,-0.010989511520854528,0.0
3,20,100,25.0,12,0.0,0.0,0.00010495199095992621,-0.00010495199095992621,-0.00010495199095992621,0.0,-0.010989511520854528,0.0
3,20,100,35.0,12,0.0,0.0,0.00010495199095992621,-0.00010495199095992621,-0.00010495199095992621,0.0,-0.010989511520854528,0.0
5,0,10,10.0,11,0.005632993349654018,0.005178447895108563,0.006308180494295881,-0.0006751871446418639,-0.0011297325991873185,0.45454545454545464,0.046319778372022856,0.6363636363636364
5,0,10,15.0,11,0.005632993349654018,0.004951175167835837,0.006308180494295881,-0.0006751871446418639,-0.0013570053264600453,0.45454545454545464,0.046319778372022856,0.5454545454545454
5,0,10,25.0,11,0.005632993349654018,0.004496629713290381,0.006308180494295881,-0.0006751871446418639,-0.0018115507810055004,0.45454545454545464,0.046319778372022856,0.5454545454545454
5,0,10,35.0,11,0.005632993349654018,0.004042084258744927,0.006308180494295881,-0.0006751871446418639,-0.0022660962355509546,0.45454545454545464,0.046319778372022856,0.5454545454545454
5,0,20,10.0,11,0.008033510439973428,0.007583510439973429,0.006308180494295881,0.0017253299456775465,0.0012753299456775464,0.45,0.046319778372022856,0.6363636363636364
5,0,20,15.0,11,0.008033510439973428,0.007358510439973429,0.006308180494295881,0.0017253299456775465,0.001050329945677546,0.45,0.046319778372022856,0.6363636363636364
5,0,20,25.0,11,0.008033510439973428,0.006908510439973428,0.006308180494295881,0.0017253299456775465,0.0006003299456775459,0.45,0.046319778372022856,0.6363636363636364
5,0,20,35.0,11,0.008033510439973428,0.006458510439973427,0.006308180494295881,0.0017253299456775465,0.00015032994567754633,0.45,0.046319778372022856,0.6363636363636364
5,0,50,10.0,11,0.0081463320814265,0.007929968445062864,0.006308180494295881,0.001838151587130619,0.0016217879507669823,0.2163636363636364,0.046319778372022856,0.8181818181818182
5,0,50,15.0,11,0.0081463320814265,0.007821786626881046,0.006308180494295881,0.001838151587130619,0.0015136061325851644,0.2163636363636364,0.046319778372022856,0.8181818181818182
5,0,50,25.0,11,0.0081463320814265,0.00760542299051741,0.006308180494295881,0.001838151587130619,0.0012972424962215282,0.2163636363636364,0.046319778372022856,0.8181818181818182
5,0,50,35.0,11,0.0081463320814265,0.007389059354153774,0.006308180494295881,0.001838151587130619,0.0010808788598578919,0.2163636363636364,0.046319778372022856,0.8181818181818182
5,0,100,10.0,11,0.0,0.0,0.006308180494295881,-0.006308180494295881,-0.006308180494295881,0.0,0.046319778372022856,0.0
5,0,100,15.0,11,0.0,0.0,0.006308180494295881,-0.006308180494295881,-0.006308180494295881,0.0,0.046319778372022856,0.0
5,0,100,25.0,11,0.0,0.0,0.006308180494295881,-0.006308180494295881,-0.006308180494295881,0.0,0.046319778372022856,0.0
5,0,100,35.0,11,0.0,0.0,0.006308180494295881,-0.006308180494295881,-0.006308180494295881,0.0,0.046319778372022856,0.0
5,1,10,10.0,12,0.0031469567365160177,0.0024802900698493507,0.004514027906303346,-0.0013670711697873286,-0.002033737836453995,0.6666666666666666,0.03713716400293747,0.4166666666666667
5,1,10,15.0,12,0.0031469567365160177,0.0021469567365160172,0.004514027906303346,-0.0013670711697873286,-0.0023670711697873297,0.6666666666666666,0.03713716400293747,0.4166666666666667
5,1,10,25.0,12,0.0031469567365160177,0.00148029006984935,0.004514027906303346,-0.0013670711697873286,-0.003033737836453996,0.6666666666666666,0.03713716400293747,0.3333333333333333
5,1,10,35.0,12,0.0031469567365160177,0.0008136234031826825,0.004514027906303346,-0.0013670711697873286,-0.003700404503120662,0.6666666666666666,0.03713716400293747,0.3333333333333333
5,1,20,10.0,12,0.0076197232858388276,0.007036389952505494,0.004514027906303346,0.0031056953795354798,0.002522362046202148,0.5833333333333334,0.03713716400293747,0.5
5,1,20,15.0,12,0.0076197232858388276,0.006744723285838826,0.004514027906303346,0.0031056953795354798,0.0022306953795354803,0.5833333333333334,0.03713716400293747,0.5
5,1,20,25.0,12,0.0076197232858388276,0.0061613899525054935,0.004514027906303346,0.0031056953795354798,0.0016473620462021464,0.5833333333333334,0.03713716400293747,0.5
5,1,20,35.0,12,0.0076197232858388276,0.005578056619172159,0.004514027906303346,0.0031056953795354798,0.001064028712868813,0.5833333333333334,0.03713716400293747,0.5
5,1,50,10.0,12,0.006248397540708629,0.005878397540708631,0.004514027906303346,0.001734369634405283,0.0013643696344052833,0.37000000000000005,0.03713716400293747,0.5833333333333334
5,1,50,15.0,12,0.006248397540708629,0.005693397540708629,0.004514027906303346,0.001734369634405283,0.001179369634405283,0.37000000000000005,0.03713716400293747,0.5833333333333334
5,1,50,25.0,12,0.006248397540708629,0.005323397540708629,0.004514027906303346,0.001734369634405283,0.0008093696344052826,0.37000000000000005,0.03713716400293747,0.5833333333333334
5,1,50,35.0,12,0.006248397540708629,0.004953397540708628,0.004514027906303346,0.001734369634405283,0.0004393696344052829,0.37000000000000005,0.03713716400293747,0.5833333333333334
5,1,100,10.0,12,0.005169355059988054,0.00508662559138902,0.004514027906303346,0.0006553271536847075,0.0005725976850856736,0.08272946859903381,0.03713716400293747,0.16666666666666666
5,1,100,15.0,12,0.005169355059988054,0.005045260857089504,0.004514027906303346,0.0006553271536847075,0.0005312329507861565,0.08272946859903381,0.03713716400293747,0.16666666666666666
5,1,100,25.0,12,0.005169355059988054,0.004962531388490469,0.004514027906303346,0.0006553271536847075,0.0004485034821871227,0.08272946859903381,0.03713716400293747,0.08333333333333333
5,1,100,35.0,12,0.005169355059988054,0.004879801919891436,0.004514027906303346,0.0006553271536847075,0.00036577401358808885,0.08272946859903381,0.03713716400293747,0.08333333333333333
5,2,10,10.0,12,0.020751161579350502,0.020084494912683836,0.014326526382607433,0.006424635196743068,0.005757968530076402,0.6666666666666669,0.03895338442601046,0.9166666666666666
5,2,10,15.0,12,0.020751161579350502,0.019751161579350505,0.014326526382607433,0.006424635196743068,0.005424635196743068,0.6666666666666669,0.03895338442601046,0.9166666666666666
5,2,10,25.0,12,0.020751161579350502,0.019084494912683835,0.014326526382607433,0.006424635196743068,0.004757968530076402,0.6666666666666669,0.03895338442601046,0.8333333333333334
5,2,10,35.0,12,0.020751161579350502,0.01841782824601717,0.014326526382607433,0.006424635196743068,0.004091301863409735,0.6666666666666669,0.03895338442601046,0.8333333333333334
5,2,20,10.0,12,0.014959457941286378,0.014417791274619713,0.014326526382607433,0.0006329315586789454,9.126489201227832e-05,0.5416666666666669,0.03895338442601046,0.8333333333333334
5,2,20,15.0,12,0.014959457941286378,0.014146957941286382,0.014326526382607433,0.0006329315586789454,-0.00017956844132105553,0.5416666666666669,0.03895338442601046,0.8333333333333334
5,2,20,25.0,12,0.014959457941286378,0.013605291274619713,0.014326526382607433,0.0006329315586789454,-0.0007212351079877227,0.5416666666666669,0.03895338442601046,0.8333333333333334
5,2,20,35.0,12,0.014959457941286378,0.013063624607953045,0.014326526382607433,0.0006329315586789454,-0.0012629017746543887,0.5416666666666669,0.03895338442601046,0.8333333333333334
5,2,50,10.0,12,0.01436625633600803,0.014086256336008032,0.014326526382607433,3.9729953400596635e-05,-0.00024027004659940362,0.2800000000000001,0.03895338442601046,0.9166666666666666
5,2,50,15.0,12,0.01436625633600803,0.013946256336008031,0.014326526382607433,3.9729953400596635e-05,-0.00038027004659940385,0.2800000000000001,0.03895338442601046,0.9166666666666666
5,2,50,25.0,12,0.01436625633600803,0.013666256336008034,0.014326526382607433,3.9729953400596635e-05,-0.0006602700465994033,0.2800000000000001,0.03895338442601046,0.9166666666666666
5,2,50,35.0,12,0.01436625633600803,0.013386256336008031,0.014326526382607433,3.9729953400596635e-05,-0.0009402700465994035,0.2800000000000001,0.03895338442601046,0.9166666666666666
5,2,100,10.0,12,0.0,0.0,0.014326526382607433,-0.014326526382607433,-0.014326526382607433,0.0,0.03895338442601046,0.0
5,2,100,15.0,12,0.0,0.0,0.014326526382607433,-0.014326526382607433,-0.014326526382607433,0.0,0.03895338442601046,0.0
5,2,100,25.0,12,0.0,0.0,0.014326526382607433,-0.014326526382607433,-0.014326526382607433,0.0,0.03895338442601046,0.0
5,2,100,35.0,12,0.0,0.0,0.014326526382607433,-0.014326526382607433,-0.014326526382607433,0.0,0.03895338442601046,0.0
5,3,10,10.0,12,0.02143666520088823,0.02076999853422156,0.012358952004004128,0.009077713196884106,0.00841104653021744,0.6666666666666666,-0.010834127198842849,0.75
5,3,10,15.0,12,0.02143666520088823,0.02043666520088823,0.012358952004004128,0.009077713196884106,0.008077713196884106,0.6666666666666666,-0.010834127198842849,0.75
5,3,10,25.0,12,0.02143666520088823,0.019769998534221563,0.012358952004004128,0.009077713196884106,0.0074110465302174395,0.6666666666666666,-0.010834127198842849,0.75
5,3,10,35.0,12,0.02143666520088823,0.019103331867554897,0.012358952004004128,0.009077713196884106,0.006744379863550771,0.6666666666666666,-0.010834127198842849,0.75
5,3,20,10.0,12,0.018644773829050578,0.01818644049571724,0.012358952004004128,0.006285821825046451,0.005827488491713118,0.4583333333333333,-0.010834127198842849,0.75
5,3,20,15.0,12,0.018644773829050578,0.017957273829050577,0.012358952004004128,0.006285821825046451,0.005598321825046451,0.4583333333333333,-0.010834127198842849,0.75
5,3,20,25.0,12,0.018644773829050578,0.017498940495717243,0.012358952004004128,0.006285821825046451,0.005139988491713116,0.4583333333333333,-0.010834127198842849,0.75
5,3,20,35.0,12,0.018644773829050578,0.01704060716238391,0.012358952004004128,0.006285821825046451,0.004681655158379785,0.4583333333333333,-0.010834127198842849,0.75
5,3,50,10.0,12,0.012016553315288817,0.011754886648622153,0.012358952004004128,-0.0003423986887153071,-0.0006040653553819735,0.2616666666666667,-0.010834127198842849,0.75
5,3,50,15.0,12,0.012016553315288817,0.011624053315288818,0.012358952004004128,-0.0003423986887153071,-0.000734898688715307,0.2616666666666667,-0.010834127198842849,0.75
5,3,50,25.0,12,0.012016553315288817,0.011362386648622153,0.012358952004004128,-0.0003423986887153071,-0.0009965653553819739,0.2616666666666667,-0.010834127198842849,0.75
5,3,50,35.0,12,0.012016553315288817,0.011100719981955486,0.012358952004004128,-0.0003423986887153071,-0.0012582320220486402,0.2616666666666667,-0.010834127198842849,0.75
5,3,100,10.0,12,0.0,0.0,0.012358952004004128,-0.012358952004004128,-0.012358952004004128,0.0,-0.010834127198842849,0.0
5,3,100,15.0,12,0.0,0.0,0.012358952004004128,-0.012358952004004128,-0.012358952004004128,0.0,-0.010834127198842849,0.0
5,3,100,25.0,12,0.0,0.0,0.012358952004004128,-0.012358952004004128,-0.012358952004004128,0.0,-0.010834127198842849,0.0
5,3,100,35.0,12,0.0,0.0,0.012358952004004128,-0.012358952004004128,-0.012358952004004128,0.0,-0.010834127198842849,0.0
5,4,10,10.0,12,0.0061253741901562625,0.005383707523489593,-0.0015699278758925493,0.007695302066048814,0.0069536353993821486,0.7416666666666668,0.08287156485687049,0.5833333333333334
5,4,10,15.0,12,0.0061253741901562625,0.005012874190156263,-0.0015699278758925493,0.007695302066048814,0.0065828020660488136,0.7416666666666668,0.08287156485687049,0.5833333333333334
5,4,10,25.0,12,0.0061253741901562625,0.004271207523489597,-0.0015699278758925493,0.007695302066048814,0.005841135399382147,0.7416666666666668,0.08287156485687049,0.5833333333333334
5,4,10,35.0,12,0.0061253741901562625,0.0035295408568229297,-0.0015699278758925493,0.007695302066048814,0.005099468732715481,0.7416666666666668,0.08287156485687049,0.5833333333333334
5,4,20,10.0,12,0.008666048953715437,0.008041048953715435,-0.0015699278758925493,0.010235976829607989,0.009610976829607987,0.6250000000000001,0.08287156485687049,0.5833333333333334
5,4,20,15.0,12,0.008666048953715437,0.007728548953715437,-0.0015699278758925493,0.010235976829607989,0.00929847682960799,0.6250000000000001,0.08287156485687049,0.5833333333333334
5,4,20,25.0,12,0.008666048953715437,0.007103548953715438,-0.0015699278758925493,0.010235976829607989,0.008673476829607988,0.6250000000000001,0.08287156485687049,0.5833333333333334
5,4,20,35.0,12,0.008666048953715437,0.006478548953715438,-0.0015699278758925493,0.010235976829607989,0.008048476829607987,0.6250000000000001,0.08287156485687049,0.5833333333333334
5,4,50,10.0,12,0.004847486667229508,0.004509153333896173,-0.0015699278758925493,0.0064174145431220575,0.006079081209788724,0.3383333333333333,0.08287156485687049,0.5833333333333334
5,4,50,15.0,12,0.004847486667229508,0.004339986667229508,-0.0015699278758925493,0.0064174145431220575,0.005909914543122057,0.3383333333333333,0.08287156485687049,0.5833333333333334
5,4,50,25.0,12,0.004847486667229508,0.004001653333896173,-0.0015699278758925493,0.0064174145431220575,0.0055715812097887245,0.3383333333333333,0.08287156485687049,0.5833333333333334
5,4,50,35.0,12,0.004847486667229508,0.0036633200005628387,-0.0015699278758925493,0.0064174145431220575,0.00523324787645539,0.3383333333333333,0.08287156485687049,0.5833333333333334
5,4,100,10.0,12,0.0,0.0,-0.0015699278758925493,0.0015699278758925493,0.0015699278758925493,0.0,0.08287156485687049,0.0
5,4,100,15.0,12,0.0,0.0,-0.0015699278758925493,0.0015699278758925493,0.0015699278758925493,0.0,0.08287156485687049,0.0
5,4,100,25.0,12,0.0,0.0,-0.0015699278758925493,0.0015699278758925493,0.0015699278758925493,0.0,0.08287156485687049,0.0
5,4,100,35.0,12,0.0,0.0,-0.0015699278758925493,0.0015699278758925493,0.0015699278758925493,0.0,0.08287156485687049,0.0
5,5,10,10.0,12,0.05174629438674957,0.051054627720082894,0.04828879453869712,0.003457499848052449,0.002765833181385784,0.6916666666666668,-0.007705815402221751,1.0
5,5,10,15.0,12,0.05174629438674957,0.05070879438674957,0.04828879453869712,0.003457499848052449,0.0024199998480524494,0.6916666666666668,-0.007705815402221751,1.0
5,5,10,25.0,12,0.05174629438674957,0.050017127720082905,0.04828879453869712,0.003457499848052449,0.0017283331813857823,0.6916666666666668,-0.007705815402221751,1.0
5,5,10,35.0,12,0.05174629438674957,0.04932546105341623,0.04828879453869712,0.003457499848052449,0.0010366665147191166,0.6916666666666668,-0.007705815402221751,1.0
5,5,20,10.0,12,0.055715740309947394,0.055153240309947414,0.04828879453869712,0.0074269457712502875,0.0068644457712502905,0.5625000000000001,-0.007705815402221751,0.9166666666666666
5,5,20,15.0,12,0.055715740309947394,0.05487199030994739,0.04828879453869712,0.0074269457712502875,0.006583195771250283,0.5625000000000001,-0.007705815402221751,0.9166666666666666
5,5,20,25.0,12,0.055715740309947394,0.05430949030994741,0.04828879453869712,0.0074269457712502875,0.006020695771250288,0.5625000000000001,-0.007705815402221751,0.9166666666666666
5,5,20,35.0,12,0.055715740309947394,0.053746990309947396,0.04828879453869712,0.0074269457712502875,0.0054581957712502875,0.5625000000000001,-0.007705815402221751,0.9166666666666666
5,5,50,10.0,12,0.049898067850421314,0.04955806785042132,0.04828879453869712,0.0016092733117242053,0.0012692733117242061,0.34,-0.007705815402221751,0.9166666666666666
5,5,50,15.0,12,0.049898067850421314,0.049388067850421304,0.04828879453869712,0.0016092733117242053,0.0010992733117242035,0.34,-0.007705815402221751,0.9166666666666666
5,5,50,25.0,12,0.049898067850421314,0.04904806785042131,0.04828879453869712,0.0016092733117242053,0.0007592733117242038,0.34,-0.007705815402221751,0.9166666666666666
5,5,50,35.0,12,0.049898067850421314,0.04870806785042132,0.04828879453869712,0.0016092733117242053,0.000419273311724205,0.34,-0.007705815402221751,0.9166666666666666
5,5,100,10.0,12,0.0,0.0,0.04828879453869712,-0.04828879453869712,-0.04828879453869712,0.0,-0.007705815402221751,0.0
5,5,100,15.0,12,0.0,0.0,0.04828879453869712,-0.04828879453869712,-0.04828879453869712,0.0,-0.007705815402221751,0.0
5,5,100,25.0,12,0.0,0.0,0.04828879453869712,-0.04828879453869712,-0.04828879453869712,0.0,-0.007705815402221751,0.0
5,5,100,35.0,12,0.0,0.0,0.04828879453869712,-0.04828879453869712,-0.04828879453869712,0.0,-0.007705815402221751,0.0
5,6,10,10.0,12,0.014501241795025257,0.013817908461691923,0.01318574930563726,0.001315492489387995,0.0006321591560546624,0.6833333333333335,0.02415682593834466,0.6666666666666666
5,6,10,15.0,12,0.014501241795025257,0.013476241795025254,0.01318574930563726,0.001315492489387995,0.0002904924893879955,0.6833333333333335,0.02415682593834466,0.6666666666666666
5,6,10,25.0,12,0.014501241795025257,0.012792908461691921,0.01318574930563726,0.001315492489387995,-0.000392840843945338,0.6833333333333335,0.02415682593834466,0.6666666666666666
5,6,10,35.0,12,0.014501241795025257,0.012109575128358587,0.01318574930563726,0.001315492489387995,-0.0010761741772786712,0.6833333333333335,0.02415682593834466,0.6666666666666666
5,6,20,10.0,12,0.013065366242942626,0.01251536624294263,0.01318574930563726,-0.00012038306269463344,-0.0006703830626946331,0.5499999999999999,0.02415682593834466,0.75
5,6,20,15.0,12,0.013065366242942626,0.012240366242942629,0.01318574930563726,-0.00012038306269463344,-0.0009453830626946334,0.5499999999999999,0.02415682593834466,0.75
5,6,20,25.0,12,0.013065366242942626,0.011690366242942625,0.01318574930563726,-0.00012038306269463344,-0.0014953830626946343,0.5499999999999999,0.02415682593834466,0.75
5,6,20,35.0,12,0.013065366242942626,0.011140366242942628,0.01318574930563726,-0.00012038306269463344,-0.0020453830626946333,0.5499999999999999,0.02415682593834466,0.75
5,6,50,10.0,12,0.014197698911608046,0.013861032244941377,0.01318574930563726,0.0010119496059707845,0.0006752829393041178,0.33666666666666667,0.02415682593834466,0.8333333333333334
5,6,50,15.0,12,0.014197698911608046,0.013692698911608044,0.01318574930563726,0.0010119496059707845,0.0005069496059707845,0.33666666666666667,0.02415682593834466,0.8333333333333334
5,6,50,25.0,12,0.014197698911608046,0.013356032244941378,0.01318574930563726,0.0010119496059707845,0.00017028293930411778,0.33666666666666667,0.02415682593834466,0.8333333333333334
5,6,50,35.0,12,0.014197698911608046,0.013019365578274713,0.01318574930563726,0.0010119496059707845,-0.00016638372736254927,0.33666666666666667,0.02415682593834466,0.8333333333333334
5,6,100,10.0,12,0.0,0.0,0.01318574930563726,-0.01318574930563726,-0.01318574930563726,0.0,0.02415682593834466,0.0
5,6,100,15.0,12,0.0,0.0,0.01318574930563726,-0.01318574930563726,-0.01318574930563726,0.0,0.02415682593834466,0.0
5,6,100,25.0,12,0.0,0.0,0.01318574930563726,-0.01318574930563726,-0.01318574930563726,0.0,0.02415682593834466,0.0
5,6,100,35.0,12,0.0,0.0,0.01318574930563726,-0.01318574930563726,-0.01318574930563726,0.0,0.02415682593834466,0.0
5,7,10,10.0,12,-0.0042571951886444,-0.004957195188644401,-0.006536352940257831,0.002279157751613431,0.0015791577516134309,0.7000000000000001,0.04171562001649588,0.5
5,7,10,15.0,12,-0.0042571951886444,-0.005307195188644399,-0.006536352940257831,0.002279157751613431,0.0012291577516134317,0.7000000000000001,0.04171562001649588,0.5
5,7,10,25.0,12,-0.0042571951886444,-0.006007195188644401,-0.006536352940257831,0.002279157751613431,0.0005291577516134309,0.7000000000000001,0.04171562001649588,0.5
5,7,10,35.0,12,-0.0042571951886444,-0.0067071951886444004,-0.006536352940257831,0.002279157751613431,-0.00017084224838656887,0.7000000000000001,0.04171562001649588,0.5
5,7,20,10.0,12,-0.005458736391905631,-0.006033736391905632,-0.006536352940257831,0.0010776165483521994,0.000502616548352199,0.5750000000000001,0.04171562001649588,0.3333333333333333
5,7,20,15.0,12,-0.005458736391905631,-0.006321236391905631,-0.006536352940257831,0.0010776165483521994,0.00021511654835220002,0.5750000000000001,0.04171562001649588,0.3333333333333333
5,7,20,25.0,12,-0.005458736391905631,-0.006896236391905632,-0.006536352940257831,0.0010776165483521994,-0.0003598834516478017,0.5750000000000001,0.04171562001649588,0.3333333333333333
5,7,20,35.0,12,-0.005458736391905631,-0.007471236391905632,-0.006536352940257831,0.0010776165483521994,-0.0009348834516478008,0.5750000000000001,0.04171562001649588,0.3333333333333333
5,7,50,10.0,12,-0.0043745415169056225,-0.004807874850238955,-0.006536352940257831,0.002161811423352208,0.0017284780900188746,0.43333333333333335,0.04171562001649588,0.3333333333333333
5,7,50,15.0,12,-0.0043745415169056225,-0.005024541516905624,-0.006536352940257831,0.002161811423352208,0.0015118114233522082,0.43333333333333335,0.04171562001649588,0.3333333333333333
5,7,50,25.0,12,-0.0043745415169056225,-0.005457874850238956,-0.006536352940257831,0.002161811423352208,0.0010784780900188753,0.43333333333333335,0.04171562001649588,0.3333333333333333
5,7,50,35.0,12,-0.0043745415169056225,-0.005891208183572291,-0.006536352940257831,0.002161811423352208,0.0006451447566855406,0.43333333333333335,0.04171562001649588,0.3333333333333333
5,7,100,10.0,12,0.0,0.0,-0.006536352940257831,0.006536352940257831,0.006536352940257831,0.0,0.04171562001649588,0.0
5,7,100,15.0,12,0.0,0.0,-0.006536352940257831,0.006536352940257831,0.006536352940257831,0.0,0.04171562001649588,0.0
5,7,100,25.0,12,0.0,0.0,-0.006536352940257831,0.006536352940257831,0.006536352940257831,0.0,0.04171562001649588,0.0
5,7,100,35.0,12,0.0,0.0,-0.006536352940257831,0.006536352940257831,0.006536352940257831,0.0,0.04171562001649588,0.0
5,8,10,10.0,12,0.0007304943566648608,-2.838976668472458e-06,-0.006557028280893825,0.007287522637558684,0.006554189304225351,0.7333333333333334,-0.011127534756654312,0.5
5,8,10,15.0,12,0.0007304943566648608,-0.0003695056433351395,-0.006557028280893825,0.007287522637558684,0.006187522637558685,0.7333333333333334,-0.011127534756654312,0.5
5,8,10,25.0,12,0.0007304943566648608,-0.0011028389766684736,-0.006557028280893825,0.007287522637558684,0.005454189304225351,0.7333333333333334,-0.011127534756654312,0.5
5,8,10,35.0,12,0.0007304943566648608,-0.0018361723100018062,-0.006557028280893825,0.007287522637558684,0.004720855970892018,0.7333333333333334,-0.011127534756654312,0.5
5,8,20,10.0,12,0.001460932003205134,0.0007567653365384669,-0.006557028280893825,0.008017960284098957,0.007313793617432292,0.7041666666666667,-0.011127534756654312,0.4166666666666667
5,8,20,15.0,12,0.001460932003205134,0.00040468200320513355,-0.006557028280893825,0.008017960284098957,0.006961710284098958,0.7041666666666667,-0.011127534756654312,0.4166666666666667
5,8,20,25.0,12,0.001460932003205134,-0.00029948466346153347,-0.006557028280893825,0.008017960284098957,0.00625754361743229,0.7041666666666667,-0.011127534756654312,0.4166666666666667
5,8,20,35.0,12,0.001460932003205134,-0.0010036513301282,-0.006557028280893825,0.008017960284098957,0.005553376950765624,0.7041666666666667,-0.011127534756654312,0.4166666666666667
5,8,50,10.0,12,-0.004022062179270183,-0.004468728845936849,-0.006557028280893825,0.002534966101623641,0.0020882994349569746,0.4466666666666667,-0.011127534756654312,0.4166666666666667
5,8,50,15.0,12,-0.004022062179270183,-0.004692062179270185,-0.006557028280893825,0.002534966101623641,0.0018649661016236399,0.4466666666666667,-0.011127534756654312,0.4166666666666667
5,8,50,25.0,12,-0.004022062179270183,-0.0051387288459368505,-0.006557028280893825,0.002534966101623641,0.001418299434956974,0.4466666666666667,-0.011127534756654312,0.4166666666666667
5,8,50,35.0,12,-0.004022062179270183,-0.005585395512603516,-0.006557028280893825,0.002534966101623641,0.0009716327682903073,0.4466666666666667,-0.011127534756654312,0.3333333333333333
5,8,100,10.0,12,0.0,0.0,-0.006557028280893825,0.006557028280893825,0.006557028280893825,0.0,-0.011127534756654312,0.0
5,8,100,15.0,12,0.0,0.0,-0.006557028280893825,0.006557028280893825,0.006557028280893825,0.0,-0.011127534756654312,0.0
5,8,100,25.0,12,0.0,0.0,-0.006557028280893825,0.006557028280893825,0.006557028280893825,0.0,-0.011127534756654312,0.0
5,8,100,35.0,12,0.0,0.0,-0.006557028280893825,0.006557028280893825,0.006557028280893825,0.0,-0.011127534756654312,0.0
5,9,10,10.0,12,0.021148722051032076,0.02047372205103207,0.01791395915670643,0.0032347628943256413,0.002559762894325641,0.6750000000000002,-0.00011905423086653481,0.75
5,9,10,15.0,12,0.021148722051032076,0.020136222051032073,0.01791395915670643,0.0032347628943256413,0.002222262894325642,0.6750000000000002,-0.00011905423086653481,0.75
5,9,10,25.0,12,0.021148722051032076,0.01946122205103207,0.01791395915670643,0.0032347628943256413,0.0015472628943256402,0.6750000000000002,-0.00011905423086653481,0.75
5,9,10,35.0,12,0.021148722051032076,0.018786222051032073,0.01791395915670643,0.0032347628943256413,0.0008722628943256412,0.6750000000000002,-0.00011905423086653481,0.75
5,9,20,10.0,12,0.02400644470701982,0.02333144470701982,0.01791395915670643,0.006092485550313387,0.005417485550313387,0.6749999999999999,-0.00011905423086653481,0.75
5,9,20,15.0,12,0.02400644470701982,0.02299394470701982,0.01791395915670643,0.006092485550313387,0.005079985550313386,0.6749999999999999,-0.00011905423086653481,0.75
5,9,20,25.0,12,0.02400644470701982,0.02231894470701982,0.01791395915670643,0.006092485550313387,0.004404985550313386,0.6749999999999999,-0.00011905423086653481,0.75
5,9,20,35.0,12,0.02400644470701982,0.02164394470701982,0.01791395915670643,0.006092485550313387,0.0037299855503133863,0.6749999999999999,-0.00011905423086653481,0.6666666666666666
5,9,50,10.0,12,0.02070486246134126,0.020296529128007928,0.01791395915670643,0.002790903304634832,0.0023825699713015003,0.4083333333333334,-0.00011905423086653481,0.9166666666666666
5,9,50,15.0,12,0.02070486246134126,0.020092362461341263,0.01791395915670643,0.002790903304634832,0.0021784033046348314,0.4083333333333334,-0.00011905423086653481,0.9166666666666666
5,9,50,25.0,12,0.02070486246134126,0.01968402912800793,0.01791395915670643,0.002790903304634832,0.001770069971301497,0.4083333333333334,-0.00011905423086653481,0.9166666666666666
5,9,50,35.0,12,0.02070486246134126,0.019275695794674596,0.01791395915670643,0.002790903304634832,0.0013617366379681652,0.4083333333333334,-0.00011905423086653481,0.8333333333333334
5,9,100,10.0,12,0.0,0.0,0.01791395915670643,-0.01791395915670643,-0.01791395915670643,0.0,-0.00011905423086653481,0.0
5,9,100,15.0,12,0.0,0.0,0.01791395915670643,-0.01791395915670643,-0.01791395915670643,0.0,-0.00011905423086653481,0.0
5,9,100,25.0,12,0.0,0.0,0.01791395915670643,-0.01791395915670643,-0.01791395915670643,0.0,-0.00011905423086653481,0.0
5,9,100,35.0,12,0.0,0.0,0.01791395915670643,-0.01791395915670643,-0.01791395915670643,0.0,-0.00011905423086653481,0.0
5,10,10,10.0,12,0.0018984657624592928,0.0011901324291259576,-0.005313334808368893,0.007211800570828185,0.006503467237494852,0.7083333333333335,0.0516343294339698,0.4166666666666667
5,10,10,15.0,12,0.0018984657624592928,0.0008359657624592934,-0.005313334808368893,0.007211800570828185,0.006149300570828187,0.7083333333333335,0.0516343294339698,0.4166666666666667
5,10,10,25.0,12,0.0018984657624592928,0.00012763242912595778,-0.005313334808368893,0.007211800570828185,0.005440967237494852,0.7083333333333335,0.0516343294339698,0.4166666666666667
5,10,10,35.0,12,0.0018984657624592928,-0.0005807009042073756,-0.005313334808368893,0.007211800570828185,0.004732633904161519,0.7083333333333335,0.0516343294339698,0.4166666666666667
5,10,20,10.0,12,-0.0002559291825129353,-0.0009475958491796023,-0.005313334808368893,0.005057405625855959,0.00436573895918929,0.6916666666666669,0.0516343294339698,0.4166666666666667
5,10,20,15.0,12,-0.0002559291825129353,-0.0012934291825129351,-0.005313334808368893,0.005057405625855959,0.004019905625855957,0.6916666666666669,0.0516343294339698,0.4166666666666667
5,10,20,25.0,12,-0.0002559291825129353,-0.0019850958491796035,-0.005313334808368893,0.005057405625855959,0.0033282389591892895,0.6916666666666669,0.0516343294339698,0.4166666666666667
5,10,20,35.0,12,-0.0002559291825129353,-0.002676762515846269,-0.005313334808368893,0.005057405625855959,0.0026365722925226244,0.6916666666666669,0.0516343294339698,0.4166666666666667
5,10,50,10.0,12,-0.004584029941762102,-0.005004029941762102,-0.005313334808368893,0.0007293048666067912,0.00030930486660679153,0.4200000000000001,0.0516343294339698,0.3333333333333333
5,10,50,15.0,12,-0.004584029941762102,-0.005214029941762103,-0.005313334808368893,0.0007293048666067912,9.930486660679081e-05,0.4200000000000001,0.0516343294339698,0.3333333333333333
5,10,50,25.0,12,-0.004584029941762102,-0.005634029941762104,-0.005313334808368893,0.0007293048666067912,-0.0003206951333932088,0.4200000000000001,0.0516343294339698,0.3333333333333333
5,10,50,35.0,12,-0.004584029941762102,-0.006054029941762102,-0.005313334808368893,0.0007293048666067912,-0.0007406951333932088,0.4200000000000001,0.0516343294339698,0.3333333333333333
5,10,100,10.0,12,0.0,0.0,-0.005313334808368893,0.005313334808368893,0.005313334808368893,0.0,0.0516343294339698,0.0
5,10,100,15.0,12,0.0,0.0,-0.005313334808368893,0.005313334808368893,0.005313334808368893,0.0,0.0516343294339698,0.0
5,10,100,25.0,12,0.0,0.0,-0.005313334808368893,0.005313334808368893,0.005313334808368893,0.0,0.0516343294339698,0.0
5,10,100,35.0,12,0.0,0.0,-0.005313334808368893,0.005313334808368893,0.005313334808368893,0.0,0.0516343294339698,0.0
5,11,10,10.0,12,0.010012492791915703,0.009312492791915703,0.008854245210962565,0.0011582475809531376,0.00045824758095313716,0.7000000000000002,0.014326646768624883,0.75
5,11,10,15.0,12,0.010012492791915703,0.008962492791915702,0.008854245210962565,0.0011582475809531376,0.00010824758095313713,0.7000000000000002,0.014326646768624883,0.75
5,11,10,25.0,12,0.010012492791915703,0.008262492791915701,0.008854245210962565,0.0011582475809531376,-0.0005917524190468633,0.7000000000000002,0.014326646768624883,0.75
5,11,10,35.0,12,0.010012492791915703,0.007562492791915701,0.008854245210962565,0.0011582475809531376,-0.0012917524190468627,0.7000000000000002,0.014326646768624883,0.75
5,11,20,10.0,12,0.010655374682059201,0.010022041348725868,0.008854245210962565,0.0018011294710966353,0.001167796137763302,0.6333333333333334,0.014326646768624883,0.75
5,11,20,15.0,12,0.010655374682059201,0.009705374682059202,0.008854245210962565,0.0018011294710966353,0.0008511294710966353,0.6333333333333334,0.014326646768624883,0.75
5,11,20,25.0,12,0.010655374682059201,0.009072041348725867,0.008854245210962565,0.0018011294710966353,0.0002177961377633009,0.6333333333333334,0.014326646768624883,0.6666666666666666
5,11,20,35.0,12,0.010655374682059201,0.008438708015392536,0.008854245210962565,0.0018011294710966353,-0.00041553719557003147,0.6333333333333334,0.014326646768624883,0.6666666666666666
5,11,50,10.0,12,0.010562794377254449,0.010164461043921113,0.008854245210962565,0.0017085491662918821,0.0013102158329585485,0.3983333333333334,0.014326646768624883,0.75
5,11,50,15.0,12,0.010562794377254449,0.00996529437725445,0.008854245210962565,0.0017085491662918821,0.001111049166291882,0.3983333333333334,0.014326646768624883,0.75
5,11,50,25.0,12,0.010562794377254449,0.009566961043921114,0.008854245210962565,0.0017085491662918821,0.0007127158329585486,0.3983333333333334,0.014326646768624883,0.75
5,11,50,35.0,12,0.010562794377254449,0.009168627710587778,0.008854245210962565,0.0017085491662918821,0.00031438249962521494,0.3983333333333334,0.014326646768624883,0.75
5,11,100,10.0,12,0.0,0.0,0.008854245210962565,-0.008854245210962565,-0.008854245210962565,0.0,0.014326646768624883,0.0
5,11,100,15.0,12,0.0,0.0,0.008854245210962565,-0.008854245210962565,-0.008854245210962565,0.0,0.014326646768624883,0.0
5,11,100,25.0,12,0.0,0.0,0.008854245210962565,-0.008854245210962565,-0.008854245210962565,0.0,0.014326646768624883,0.0
5,11,100,35.0,12,0.0,0.0,0.008854245210962565,-0.008854245210962565,-0.008854245210962565,0.0,0.014326646768624883,0.0
5,12,10,10.0,12,0.007179718676453377,0.006496385343120043,0.0020236586501078163,0.00515606002634556,0.004472726693012226,0.6833333333333335,0.061515075550101314,0.6666666666666666
5,12,10,15.0,12,0.007179718676453377,0.006154718676453377,0.0020236586501078163,0.00515606002634556,0.00413106002634556,0.6833333333333335,0.061515075550101314,0.6666666666666666
5,12,10,25.0,12,0.007179718676453377,0.0054713853431200415,0.0020236586501078163,0.00515606002634556,0.0034477266930122256,0.6833333333333335,0.061515075550101314,0.6666666666666666
5,12,10,35.0,12,0.007179718676453377,0.00478805200978671,0.0020236586501078163,0.00515606002634556,0.0027643933596788925,0.6833333333333335,0.061515075550101314,0.6666666666666666
5,12,20,10.0,12,0.006921897199036624,0.006271897199036625,0.0020236586501078163,0.004898238548928808,0.004248238548928808,0.65,0.061515075550101314,0.6666666666666666
5,12,20,15.0,12,0.006921897199036624,0.0059468971990366245,0.0020236586501078163,0.004898238548928808,0.0039232385489288086,0.65,0.061515075550101314,0.6666666666666666
5,12,20,25.0,12,0.006921897199036624,0.005296897199036625,0.0020236586501078163,0.004898238548928808,0.0032732385489288077,0.65,0.061515075550101314,0.6666666666666666
5,12,20,35.0,12,0.006921897199036624,0.0046468971990366245,0.0020236586501078163,0.004898238548928808,0.002623238548928808,0.65,0.061515075550101314,0.5833333333333334
5,12,50,10.0,12,0.004333189123389407,0.003899855790056073,0.0020236586501078163,0.0023095304732815903,0.0018761971399482568,0.43333333333333335,0.061515075550101314,0.75
5,12,50,15.0,12,0.004333189123389407,0.0036831891233894062,0.0020236586501078163,0.0023095304732815903,0.0016595304732815903,0.43333333333333335,0.061515075550101314,0.6666666666666666
5,12,50,25.0,12,0.004333189123389407,0.0032498557900560734,0.0020236586501078163,0.0023095304732815903,0.0012261971399482568,0.43333333333333335,0.061515075550101314,0.6666666666666666
5,12,50,35.0,12,0.004333189123389407,0.002816522456722739,0.0020236586501078163,0.0023095304732815903,0.0007928638066149228,0.43333333333333335,0.061515075550101314,0.5833333333333334
5,12,100,10.0,12,0.0,0.0,0.0020236586501078163,-0.0020236586501078163,-0.0020236586501078163,0.0,0.061515075550101314,0.0
5,12,100,15.0,12,0.0,0.0,0.0020236586501078163,-0.0020236586501078163,-0.0020236586501078163,0.0,0.061515075550101314,0.0
5,12,100,25.0,12,0.0,0.0,0.0020236586501078163,-0.0020236586501078163,-0.0020236586501078163,0.0,0.061515075550101314,0.0
5,12,100,35.0,12,0.0,0.0,0.0020236586501078163,-0.0020236586501078163,-0.0020236586501078163,0.0,0.061515075550101314,0.0
5,13,10,10.0,12,-0.00025564287708474374,-0.0010056428770847444,-0.0005461826002182366,0.00029053972313349284,-0.00045946027686650663,0.75,0.03752193064451485,0.25
5,13,10,15.0,12,-0.00025564287708474374,-0.0013806428770847437,-0.0005461826002182366,0.00029053972313349284,-0.0008344602768665076,0.75,0.03752193064451485,0.25
5,13,10,25.0,12,-0.00025564287708474374,-0.0021306428770847454,-0.0005461826002182366,0.00029053972313349284,-0.0015844602768665076,0.75,0.03752193064451485,0.25
5,13,10,35.0,12,-0.00025564287708474374,-0.002880642877084746,-0.0005461826002182366,0.00029053972313349284,-0.0023344602768665076,0.75,0.03752193064451485,0.25
5,13,20,10.0,12,0.002199086990059728,0.0014782536567263954,-0.0005461826002182366,0.0027452695902779657,0.0020244362569446324,0.7208333333333333,0.03752193064451485,0.4166666666666667
5,13,20,15.0,12,0.002199086990059728,0.0011178369900597285,-0.0005461826002182366,0.0027452695902779657,0.0016640195902779657,0.7208333333333333,0.03752193064451485,0.4166666666666667
5,13,20,25.0,12,0.002199086990059728,0.0003970036567263943,-0.0005461826002182366,0.0027452695902779657,0.000943186256944631,0.7208333333333333,0.03752193064451485,0.3333333333333333
5,13,20,35.0,12,0.002199086990059728,-0.0003238296766069383,-0.0005461826002182366,0.0027452695902779657,0.0002223529236112983,0.7208333333333333,0.03752193064451485,0.3333333333333333
5,13,50,10.0,12,0.001972913641405919,0.0014912469747392527,-0.0005461826002182366,0.0025190962416241558,0.002037429574957489,0.4816666666666667,0.03752193064451485,0.3333333333333333
5,13,50,15.0,12,0.001972913641405919,0.0012504136414059192,-0.0005461826002182366,0.0025190962416241558,0.001796596241624155,0.4816666666666667,0.03752193064451485,0.3333333333333333
5,13,50,25.0,12,0.001972913641405919,0.0007687469747392518,-0.0005461826002182366,0.0025190962416241558,0.0013149295749574884,0.4816666666666667,0.03752193064451485,0.3333333333333333
5,13,50,35.0,12,0.001972913641405919,0.00028708030807258453,-0.0005461826002182366,0.0025190962416241558,0.0008332629082908219,0.4816666666666667,0.03752193064451485,0.3333333333333333
5,13,100,10.0,12,0.0,0.0,-0.0005461826002182366,0.0005461826002182366,0.0005461826002182366,0.0,0.03752193064451485,0.0
5,13,100,15.0,12,0.0,0.0,-0.0005461826002182366,0.0005461826002182366,0.0005461826002182366,0.0,0.03752193064451485,0.0
5,13,100,25.0,12,0.0,0.0,-0.0005461826002182366,0.0005461826002182366,0.0005461826002182366,0.0,0.03752193064451485,0.0
5,13,100,35.0,12,0.0,0.0,-0.0005461826002182366,0.0005461826002182366,0.0005461826002182366,0.0,0.03752193064451485,0.0
5,14,10,10.0,12,0.02067386888949389,0.01999053555616056,0.01965547001136803,0.0010183988781258596,0.00033506554479252577,0.6833333333333332,-0.007580388558647797,0.75
5,14,10,15.0,12,0.02067386888949389,0.01964886888949389,0.01965547001136803,0.0010183988781258596,-6.6011218741400075e-06,0.6833333333333332,-0.007580388558647797,0.75
5,14,10,25.0,12,0.02067386888949389,0.018965535556160554,0.01965547001136803,0.0010183988781258596,-0.000689934455207475,0.6833333333333332,-0.007580388558647797,0.75
5,14,10,35.0,12,0.02067386888949389,0.018282202222827223,0.01965547001136803,0.0010183988781258596,-0.0013732677885408072,0.6833333333333332,-0.007580388558647797,0.75
5,14,20,10.0,12,0.01839766199963352,0.017814328666300186,0.01965547001136803,-0.0012578080117345107,-0.0018411413450678436,0.5833333333333334,-0.007580388558647797,0.75
5,14,20,15.0,12,0.01839766199963352,0.01752266199963352,0.01965547001136803,-0.0012578080117345107,-0.0021328080117345104,0.5833333333333334,-0.007580388558647797,0.75
5,14,20,25.0,12,0.01839766199963352,0.016939328666300185,0.01965547001136803,-0.0012578080117345107,-0.0027161413450678454,0.5833333333333334,-0.007580388558647797,0.75
5,14,20,35.0,12,0.01839766199963352,0.016355995332966854,0.01965547001136803,-0.0012578080117345107,-0.0032994746784011787,0.5833333333333334,-0.007580388558647797,0.75
5,14,50,10.0,12,0.018145128978626673,0.01776846231196,0.01965547001136803,-0.00151034103274136,-0.001887007699408026,0.3766666666666667,-0.007580388558647797,0.75
5,14,50,15.0,12,0.018145128978626673,0.01758012897862667,0.01965547001136803,-0.00151034103274136,-0.0020753410327413596,0.3766666666666667,-0.007580388558647797,0.75
5,14,50,25.0,12,0.018145128978626673,0.017203462311960006,0.01965547001136803,-0.00151034103274136,-0.0024520076994080263,0.3766666666666667,-0.007580388558647797,0.75
5,14,50,35.0,12,0.018145128978626673,0.016826795645293338,0.01965547001136803,-0.00151034103274136,-0.0028286743660746946,0.3766666666666667,-0.007580388558647797,0.75
5,14,100,10.0,12,0.0,0.0,0.01965547001136803,-0.01965547001136803,-0.01965547001136803,0.0,-0.007580388558647797,0.0
5,14,100,15.0,12,0.0,0.0,0.01965547001136803,-0.01965547001136803,-0.01965547001136803,0.0,-0.007580388558647797,0.0
5,14,100,25.0,12,0.0,0.0,0.01965547001136803,-0.01965547001136803,-0.01965547001136803,0.0,-0.007580388558647797,0.0
5,14,100,35.0,12,0.0,0.0,0.01965547001136803,-0.01965547001136803,-0.01965547001136803,0.0,-0.007580388558647797,0.0
5,15,10,10.0,12,0.001193147396833812,0.000451480730167145,-0.0011136924865141702,0.002306839883347983,0.001565173216681316,0.7416666666666666,0.0029277020290531053,0.4166666666666667
5,15,10,15.0,12,0.001193147396833812,8.064739683381315e-05,-0.0011136924865141702,0.002306839883347983,0.0011943398833479833,0.7416666666666666,0.0029277020290531053,0.4166666666666667
5,15,10,25.0,12,0.001193147396833812,-0.0006610192698328551,-0.0011136924865141702,0.002306839883347983,0.00045267321668131564,0.7416666666666666,0.0029277020290531053,0.4166666666666667
5,15,10,35.0,12,0.001193147396833812,-0.0014026859364995217,-0.0011136924865141702,0.002306839883347983,-0.00028899344998535077,0.7416666666666666,0.0029277020290531053,0.4166666666666667
5,15,20,10.0,12,-0.003110595010285771,-0.003752261676952438,-0.0011136924865141702,-0.0019969025237715995,-0.002638569190438266,0.6416666666666667,0.0029277020290531053,0.3333333333333333
5,15,20,15.0,12,-0.003110595010285771,-0.004073095010285771,-0.0011136924865141702,-0.0019969025237715995,-0.0029594025237716,0.6416666666666667,0.0029277020290531053,0.3333333333333333
5,15,20,25.0,12,-0.003110595010285771,-0.004714761676952438,-0.0011136924865141702,-0.0019969025237715995,-0.0036010691904382677,0.6416666666666667,0.0029277020290531053,0.3333333333333333
5,15,20,35.0,12,-0.003110595010285771,-0.005356428343619104,-0.0011136924865141702,-0.0019969025237715995,-0.004242735857104934,0.6416666666666667,0.0029277020290531053,0.3333333333333333
5,15,50,10.0,12,-0.0032470046238787715,-0.0036670046238787713,-0.0011136924865141702,-0.0021333121373646007,-0.0025533121373646005,0.4200000000000001,0.0029277020290531053,0.3333333333333333
5,15,50,15.0,12,-0.0032470046238787715,-0.0038770046238787714,-0.0011136924865141702,-0.0021333121373646007,-0.0027633121373646006,0.4200000000000001,0.0029277020290531053,0.3333333333333333
5,15,50,25.0,12,-0.0032470046238787715,-0.0042970046238787725,-0.0011136924865141702,-0.0021333121373646007,-0.003183312137364601,0.4200000000000001,0.0029277020290531053,0.3333333333333333
5,15,50,35.0,12,-0.0032470046238787715,-0.004717004623878772,-0.0011136924865141702,-0.0021333121373646007,-0.003603312137364601,0.4200000000000001,0.0029277020290531053,0.3333333333333333
5,15,100,10.0,12,0.0,0.0,-0.0011136924865141702,0.0011136924865141702,0.0011136924865141702,0.0,0.0029277020290531053,0.0
5,15,100,15.0,12,0.0,0.0,-0.0011136924865141702,0.0011136924865141702,0.0011136924865141702,0.0,0.0029277020290531053,0.0
5,15,100,25.0,12,0.0,0.0,-0.0011136924865141702,0.0011136924865141702,0.0011136924865141702,0.0,0.0029277020290531053,0.0
5,15,100,35.0,12,0.0,0.0,-0.0011136924865141702,0.0011136924865141702,0.0011136924865141702,0.0,0.0029277020290531053,0.0
5,16,10,10.0,12,0.017703526728991704,0.01699519339565837,0.010594109971601054,0.007109416757390646,0.0064010834240573146,0.7083333333333334,0.03871540513070881,0.8333333333333334
5,16,10,15.0,12,0.017703526728991704,0.016641026728991704,0.010594109971601054,0.007109416757390646,0.006046916757390646,0.7083333333333334,0.03871540513070881,0.8333333333333334
5,16,10,25.0,12,0.017703526728991704,0.01593269339565837,0.010594109971601054,0.007109416757390646,0.005338583424057314,0.7083333333333334,0.03871540513070881,0.75
5,16,10,35.0,12,0.017703526728991704,0.015224360062325033,0.010594109971601054,0.007109416757390646,0.0046302500907239785,0.7083333333333334,0.03871540513070881,0.75
5,16,20,10.0,12,0.012723453449302235,0.012140120115968898,0.010594109971601054,0.002129343477701178,0.0015460101443678452,0.5833333333333334,0.03871540513070881,0.75
5,16,20,15.0,12,0.012723453449302235,0.011848453449302234,0.010594109971601054,0.002129343477701178,0.0012543434777011777,0.5833333333333334,0.03871540513070881,0.75
5,16,20,25.0,12,0.012723453449302235,0.0112651201159689,0.010594109971601054,0.002129343477701178,0.0006710101443678443,0.5833333333333334,0.03871540513070881,0.75
5,16,20,35.0,12,0.012723453449302235,0.010681786782635568,0.010594109971601054,0.002129343477701178,8.767681103451139e-05,0.5833333333333334,0.03871540513070881,0.75
5,16,50,10.0,12,0.012550859988680092,0.012149193322013425,0.010594109971601054,0.0019567500170790363,0.00155508335041237,0.4016666666666668,0.03871540513070881,0.8333333333333334
5,16,50,15.0,12,0.012550859988680092,0.011948359988680093,0.010594109971601054,0.0019567500170790363,0.0013542500170790363,0.4016666666666668,0.03871540513070881,0.8333333333333334
5,16,50,25.0,12,0.012550859988680092,0.011546693322013427,0.010594109971601054,0.0019567500170790363,0.0009525833504123695,0.4016666666666668,0.03871540513070881,0.8333333333333334
5,16,50,35.0,12,0.012550859988680092,0.011145026655346758,0.010594109971601054,0.0019567500170790363,0.0005509166837457032,0.4016666666666668,0.03871540513070881,0.8333333333333334
5,16,100,10.0,12,0.0,0.0,0.010594109971601054,-0.010594109971601054,-0.010594109971601054,0.0,0.03871540513070881,0.0
5,16,100,15.0,12,0.0,0.0,0.010594109971601054,-0.010594109971601054,-0.010594109971601054,0.0,0.03871540513070881,0.0
5,16,100,25.0,12,0.0,0.0,0.010594109971601054,-0.010594109971601054,-0.010594109971601054,0.0,0.03871540513070881,0.0
5,16,100,35.0,12,0.0,0.0,0.010594109971601054,-0.010594109971601054,-0.010594109971601054,0.0,0.03871540513070881,0.0
5,17,10,10.0,12,0.0019336521249298654,0.0011836521249298656,-0.001861189500214433,0.003794841625144299,0.0030448416251442983,0.75,0.023116892539245423,0.5833333333333334
5,17,10,15.0,12,0.0019336521249298654,0.0008086521249298668,-0.001861189500214433,0.003794841625144299,0.002669841625144299,0.75,0.023116892539245423,0.5833333333333334
5,17,10,25.0,12,0.0019336521249298654,5.865212492986554e-05,-0.001861189500214433,0.003794841625144299,0.001919841625144298,0.75,0.023116892539245423,0.5833333333333334
5,17,10,35.0,12,0.0019336521249298654,-0.0006913478750701336,-0.001861189500214433,0.003794841625144299,0.0011698416251442985,0.75,0.023116892539245423,0.5
5,17,20,10.0,12,-0.0020062421963130887,-0.002685408862979755,-0.001861189500214433,-0.0001450526960986554,-0.000824219362765322,0.6791666666666667,0.023116892539245423,0.5
5,17,20,15.0,12,-0.0020062421963130887,-0.003024992196313088,-0.001861189500214433,-0.0001450526960986554,-0.0011638026960986555,0.6791666666666667,0.023116892539245423,0.5
5,17,20,25.0,12,-0.0020062421963130887,-0.0037041588629797557,-0.001861189500214433,-0.0001450526960986554,-0.0018429693627653226,0.6791666666666667,0.023116892539245423,0.5
5,17,20,35.0,12,-0.0020062421963130887,-0.004383325529646422,-0.001861189500214433,-0.0001450526960986554,-0.0025221360294319893,0.6791666666666667,0.023116892539245423,0.5
5,17,50,10.0,12,-0.0009182957590123288,-0.0014032957590123284,-0.001861189500214433,0.0009428937412021042,0.0004578937412021042,0.48500000000000004,0.023116892539245423,0.5
5,17,50,15.0,12,-0.0009182957590123288,-0.0016457957590123291,-0.001861189500214433,0.0009428937412021042,0.00021539374120210398,0.48500000000000004,0.023116892539245423,0.5
5,17,50,25.0,12,-0.0009182957590123288,-0.0021307957590123282,-0.001861189500214433,0.0009428937412021042,-0.00026960625879789564,0.48500000000000004,0.023116892539245423,0.5
5,17,50,35.0,12,-0.0009182957590123288,-0.002615795759012329,-0.001861189500214433,0.0009428937412021042,-0.000754606258797896,0.48500000000000004,0.023116892539245423,0.5
5,17,100,10.0,12,0.0,0.0,-0.001861189500214433,0.001861189500214433,0.001861189500214433,0.0,0.023116892539245423,0.0
5,17,100,15.0,12,0.0,0.0,-0.001861189500214433,0.001861189500214433,0.001861189500214433,0.0,0.023116892539245423,0.0
5,17,100,25.0,12,0.0,0.0,-0.001861189500214433,0.001861189500214433,0.001861189500214433,0.0,0.023116892539245423,0.0
5,17,100,35.0,12,0.0,0.0,-0.001861189500214433,0.001861189500214433,0.001861189500214433,0.0,0.023116892539245423,0.0
5,18,10,10.0,12,-0.00620900570568108,-0.006950672372347747,0.0003829505482154662,-0.0065919562538965465,-0.007333622920563215,0.7416666666666667,0.03588708963312282,0.5
5,18,10,15.0,12,-0.00620900570568108,-0.007321505705681081,0.0003829505482154662,-0.0065919562538965465,-0.007704456253896545,0.7416666666666667,0.03588708963312282,0.5
5,18,10,25.0,12,-0.00620900570568108,-0.008063172372347749,0.0003829505482154662,-0.0065919562538965465,-0.008446122920563215,0.7416666666666667,0.03588708963312282,0.5
5,18,10,35.0,12,-0.00620900570568108,-0.008804839039014415,0.0003829505482154662,-0.0065919562538965465,-0.009187789587229881,0.7416666666666667,0.03588708963312282,0.5
5,18,20,10.0,12,-0.0021289465840416987,-0.0028206132507083664,0.0003829505482154662,-0.0025118971322571648,-0.0032035637989238316,0.6916666666666668,0.03588708963312282,0.5
5,18,20,15.0,12,-0.0021289465840416987,-0.003166446584041699,0.0003829505482154662,-0.0025118971322571648,-0.003549397132257166,0.6916666666666668,0.03588708963312282,0.5
5,18,20,25.0,12,-0.0021289465840416987,-0.0038581132507083658,0.0003829505482154662,-0.0025118971322571648,-0.004241063798923832,0.6916666666666668,0.03588708963312282,0.5
5,18,20,35.0,12,-0.0021289465840416987,-0.004549779917375033,0.0003829505482154662,-0.0025118971322571648,-0.004932730465590499,0.6916666666666668,0.03588708963312282,0.5
5,18,50,10.0,12,0.0002732229482395497,-0.00020011038509378326,0.0003829505482154662,-0.0001097275999759161,-0.0005830609333092495,0.4733333333333334,0.03588708963312282,0.5833333333333334
5,18,50,15.0,12,0.0002732229482395497,-0.0004367770517604498,0.0003829505482154662,-0.0001097275999759161,-0.000819727599975916,0.4733333333333334,0.03588708963312282,0.5833333333333334
5,18,50,25.0,12,0.0002732229482395497,-0.0009101103850937828,0.0003829505482154662,-0.0001097275999759161,-0.0012930609333092493,0.4733333333333334,0.03588708963312282,0.5833333333333334
5,18,50,35.0,12,0.0002732229482395497,-0.0013834437184271165,0.0003829505482154662,-0.0001097275999759161,-0.0017663942666425825,0.4733333333333334,0.03588708963312282,0.5833333333333334
5,18,100,10.0,12,0.0,0.0,0.0003829505482154662,-0.0003829505482154662,-0.0003829505482154662,0.0,0.03588708963312282,0.0
5,18,100,15.0,12,0.0,0.0,0.0003829505482154662,-0.0003829505482154662,-0.0003829505482154662,0.0,0.03588708963312282,0.0
5,18,100,25.0,12,0.0,0.0,0.0003829505482154662,-0.0003829505482154662,-0.0003829505482154662,0.0,0.03588708963312282,0.0
5,18,100,35.0,12,0.0,0.0,0.0003829505482154662,-0.0003829505482154662,-0.0003829505482154662,0.0,0.03588708963312282,0.0
10,0,10,10.0,12,0.017684259420963508,0.017084259420963508,0.012790533869871,0.004893725551092508,0.004293725551092509,0.6,-0.010606228246458602,0.6666666666666666
10,0,10,15.0,12,0.017684259420963508,0.01678425942096351,0.012790533869871,0.004893725551092508,0.0039937255510925085,0.6,-0.010606228246458602,0.6666666666666666
10,0,10,25.0,12,0.017684259420963508,0.016184259420963507,0.012790533869871,0.004893725551092508,0.0033937255510925073,0.6,-0.010606228246458602,0.6666666666666666
10,0,10,35.0,12,0.017684259420963508,0.015584259420963508,0.012790533869871,0.004893725551092508,0.0027937255510925075,0.6,-0.010606228246458602,0.6666666666666666
10,0,20,10.0,12,0.014528673248553413,0.014053673248553411,0.012790533869871,0.0017381393786824126,0.0012631393786824128,0.4750000000000001,-0.010606228246458602,0.75
10,0,20,15.0,12,0.014528673248553413,0.01381617324855341,0.012790533869871,0.0017381393786824126,0.0010256393786824119,0.4750000000000001,-0.010606228246458602,0.75
10,0,20,25.0,12,0.014528673248553413,0.013341173248553412,0.012790533869871,0.0017381393786824126,0.0005506393786824122,0.4750000000000001,-0.010606228246458602,0.75
10,0,20,35.0,12,0.014528673248553413,0.01286617324855341,0.012790533869871,0.0017381393786824126,7.563937868241243e-05,0.4750000000000001,-0.010606228246458602,0.75
10,0,50,10.0,12,0.012346489405121392,0.012126489405121394,0.012790533869871,-0.0004440444647496059,-0.0006640444647496056,0.22000000000000006,-0.010606228246458602,0.75
10,0,50,15.0,12,0.012346489405121392,0.012016489405121393,0.012790533869871,-0.0004440444647496059,-0.0007740444647496062,0.22000000000000006,-0.010606228246458602,0.75
10,0,50,25.0,12,0.012346489405121392,0.011796489405121393,0.012790533869871,-0.0004440444647496059,-0.000994044464749606,0.22000000000000006,-0.010606228246458602,0.75
10,0,50,35.0,12,0.012346489405121392,0.011576489405121395,0.012790533869871,-0.0004440444647496059,-0.0012140444647496054,0.22000000000000006,-0.010606228246458602,0.75
10,0,100,10.0,12,0.0,0.0,0.012790533869871,-0.012790533869871,-0.012790533869871,0.0,-0.010606228246458602,0.0
10,0,100,15.0,12,0.0,0.0,0.012790533869871,-0.012790533869871,-0.012790533869871,0.0,-0.010606228246458602,0.0
10,0,100,25.0,12,0.0,0.0,0.012790533869871,-0.012790533869871,-0.012790533869871,0.0,-0.010606228246458602,0.0
10,0,100,35.0,12,0.0,0.0,0.012790533869871,-0.012790533869871,-0.012790533869871,0.0,-0.010606228246458602,0.0
10,1,10,10.0,11,0.014714718546182589,0.01413290036436441,0.015211748336346982,-0.0004970297901643928,-0.0010788479719825745,0.5818181818181819,0.045114637273512795,0.6363636363636364
10,1,10,15.0,11,0.014714718546182589,0.013841991273455319,0.015211748336346982,-0.0004970297901643928,-0.0013697570628916661,0.5818181818181819,0.045114637273512795,0.6363636363636364
10,1,10,25.0,11,0.014714718546182589,0.013260173091637134,0.015211748336346982,-0.0004970297901643928,-0.001951575244709848,0.5818181818181819,0.045114637273512795,0.6363636363636364
10,1,10,35.0,11,0.014714718546182589,0.012678354909818952,0.015211748336346982,-0.0004970297901643928,-0.0025333934265280287,0.5818181818181819,0.045114637273512795,0.6363636363636364
10,1,20,10.0,11,0.02940403064359103,0.028890394279954667,0.015211748336346982,0.014192282307244043,0.013678645943607681,0.5136363636363637,0.045114637273512795,0.7272727272727273
10,1,20,15.0,11,0.02940403064359103,0.028633576098136482,0.015211748336346982,0.014192282307244043,0.0134218277617895,0.5136363636363637,0.045114637273512795,0.7272727272727273
10,1,20,25.0,11,0.02940403064359103,0.028119939734500114,0.015211748336346982,0.014192282307244043,0.01290819139815314,0.5136363636363637,0.045114637273512795,0.7272727272727273
10,1,20,35.0,11,0.02940403064359103,0.02760630337086375,0.015211748336346982,0.014192282307244043,0.01239455503451677,0.5136363636363637,0.045114637273512795,0.7272727272727273
10,1,50,10.0,11,0.02032991888062495,0.020086282516988588,0.015211748336346982,0.005118170544277969,0.004874534180641606,0.24363636363636368,0.045114637273512795,0.7272727272727273
10,1,50,15.0,11,0.02032991888062495,0.019964464335170403,0.015211748336346982,0.005118170544277969,0.004752715998823423,0.24363636363636368,0.045114637273512795,0.7272727272727273
10,1,50,25.0,11,0.02032991888062495,0.01972082797153404,0.015211748336346982,0.005118170544277969,0.00450907963518706,0.24363636363636368,0.045114637273512795,0.7272727272727273
10,1,50,35.0,11,0.02032991888062495,0.019477191607897678,0.015211748336346982,0.005118170544277969,0.004265443271550697,0.24363636363636368,0.045114637273512795,0.7272727272727273
10,1,100,10.0,11,0.0,0.0,0.015211748336346982,-0.015211748336346982,-0.015211748336346982,0.0,0.045114637273512795,0.0
10,1,100,15.0,11,0.0,0.0,0.015211748336346982,-0.015211748336346982,-0.015211748336346982,0.0,0.045114637273512795,0.0
10,1,100,25.0,11,0.0,0.0,0.015211748336346982,-0.015211748336346982,-0.015211748336346982,0.0,0.045114637273512795,0.0
10,1,100,35.0,11,0.0,0.0,0.015211748336346982,-0.015211748336346982,-0.015211748336346982,0.0,0.045114637273512795,0.0
10,2,10,10.0,12,0.02013275277040735,0.019824419437074015,0.025463145066888068,-0.005330392296480714,-0.005638725629814046,0.30833333333333335,-0.011916720785348807,0.8333333333333334
10,2,10,15.0,12,0.02013275277040735,0.01967025277040735,0.025463145066888068,-0.005330392296480714,-0.005792892296480715,0.30833333333333335,-0.011916720785348807,0.8333333333333334
10,2,10,25.0,12,0.02013275277040735,0.01936191943707402,0.025463145066888068,-0.005330392296480714,-0.006101225629814047,0.30833333333333335,-0.011916720785348807,0.8333333333333334
10,2,10,35.0,12,0.02013275277040735,0.019053586103740684,0.025463145066888068,-0.005330392296480714,-0.0064095589631473805,0.30833333333333335,-0.011916720785348807,0.8333333333333334
10,2,20,10.0,12,0.021885092043358718,0.021585092043358716,0.025463145066888068,-0.003578053023529352,-0.0038780530235293514,0.3,-0.011916720785348807,0.75
10,2,20,15.0,12,0.021885092043358718,0.021435092043358712,0.025463145066888068,-0.003578053023529352,-0.004028053023529352,0.3,-0.011916720785348807,0.75
10,2,20,25.0,12,0.021885092043358718,0.02113509204335871,0.025463145066888068,-0.003578053023529352,-0.004328053023529352,0.3,-0.011916720785348807,0.75
10,2,20,35.0,12,0.021885092043358718,0.020835092043358715,0.025463145066888068,-0.003578053023529352,-0.004628053023529351,0.3,-0.011916720785348807,0.75
10,2,50,10.0,12,0.023007481722019402,0.02275581505535274,0.025463145066888068,-0.0024556633448686604,-0.002707330011535328,0.25166666666666665,-0.011916720785348807,0.8333333333333334
10,2,50,15.0,12,0.023007481722019402,0.02262998172201941,0.025463145066888068,-0.0024556633448686604,-0.002833163344868661,0.25166666666666665,-0.011916720785348807,0.8333333333333334
10,2,50,25.0,12,0.023007481722019402,0.022378315055352732,0.025463145066888068,-0.0024556633448686604,-0.003084830011535327,0.25166666666666665,-0.011916720785348807,0.8333333333333334
10,2,50,35.0,12,0.023007481722019402,0.02212664838868607,0.025463145066888068,-0.0024556633448686604,-0.003336496678201994,0.25166666666666665,-0.011916720785348807,0.8333333333333334
10,2,100,10.0,12,0.0,0.0,0.025463145066888068,-0.025463145066888068,-0.025463145066888068,0.0,-0.011916720785348807,0.0
10,2,100,15.0,12,0.0,0.0,0.025463145066888068,-0.025463145066888068,-0.025463145066888068,0.0,-0.011916720785348807,0.0
10,2,100,25.0,12,0.0,0.0,0.025463145066888068,-0.025463145066888068,-0.025463145066888068,0.0,-0.011916720785348807,0.0
10,2,100,35.0,12,0.0,0.0,0.025463145066888068,-0.025463145066888068,-0.025463145066888068,0.0,-0.011916720785348807,0.0
10,3,10,10.0,12,0.024332820946750877,0.02370782094675088,0.021432623366397036,0.002900197580353842,0.0022751975803538414,0.625,-0.048346468147002615,0.75
10,3,10,15.0,12,0.024332820946750877,0.02339532094675088,0.021432623366397036,0.002900197580353842,0.001962697580353841,0.625,-0.048346468147002615,0.75
10,3,10,25.0,12,0.024332820946750877,0.022770320946750883,0.021432623366397036,0.002900197580353842,0.0013376975803538408,0.625,-0.048346468147002615,0.75
10,3,10,35.0,12,0.024332820946750877,0.022145320946750882,0.021432623366397036,0.002900197580353842,0.0007126975803538418,0.625,-0.048346468147002615,0.75
10,3,20,10.0,12,0.02015392310566937,0.0197372564390027,0.021432623366397036,-0.0012787002607276704,-0.001695366927394338,0.4166666666666666,-0.048346468147002615,0.8333333333333334
10,3,20,15.0,12,0.02015392310566937,0.01952892310566937,0.021432623366397036,-0.0012787002607276704,-0.0019037002607276716,0.4166666666666666,-0.048346468147002615,0.8333333333333334
10,3,20,25.0,12,0.02015392310566937,0.0191122564390027,0.021432623366397036,-0.0012787002607276704,-0.002320366927394338,0.4166666666666666,-0.048346468147002615,0.8333333333333334
10,3,20,35.0,12,0.02015392310566937,0.018695589772336034,0.021432623366397036,-0.0012787002607276704,-0.0027370335940610038,0.4166666666666666,-0.048346468147002615,0.8333333333333334
10,3,50,10.0,12,0.02259687722858973,0.022311877228589724,0.021432623366397036,0.0011642538621926901,0.0008792538621926897,0.2850000000000001,-0.048346468147002615,0.75
10,3,50,15.0,12,0.02259687722858973,0.02216937722858973,0.021432623366397036,0.0011642538621926901,0.0007367538621926908,0.2850000000000001,-0.048346468147002615,0.75
10,3,50,25.0,12,0.02259687722858973,0.021884377228589727,0.021432623366397036,0.0011642538621926901,0.00045175386219269056,0.2850000000000001,-0.048346468147002615,0.75
10,3,50,35.0,12,0.02259687722858973,0.021599377228589723,0.021432623366397036,0.0011642538621926901,0.0001667538621926899,0.2850000000000001,-0.048346468147002615,0.75
10,3,100,10.0,12,0.0,0.0,0.021432623366397036,-0.021432623366397036,-0.021432623366397036,0.0,-0.048346468147002615,0.0
10,3,100,15.0,12,0.0,0.0,0.021432623366397036,-0.021432623366397036,-0.021432623366397036,0.0,-0.048346468147002615,0.0
10,3,100,25.0,12,0.0,0.0,0.021432623366397036,-0.021432623366397036,-0.021432623366397036,0.0,-0.048346468147002615,0.0
10,3,100,35.0,12,0.0,0.0,0.021432623366397036,-0.021432623366397036,-0.021432623366397036,0.0,-0.048346468147002615,0.0
10,4,10,10.0,12,0.06216407858115549,0.06153907858115548,0.04877021216767221,0.013393866413483285,0.012768866413483286,0.6250000000000001,-0.0037476537861376195,0.5833333333333334
10,4,10,15.0,12,0.06216407858115549,0.061226578581155496,0.04877021216767221,0.013393866413483285,0.012456366413483286,0.6250000000000001,-0.0037476537861376195,0.5833333333333334
10,4,10,25.0,12,0.06216407858115549,0.060601578581155495,0.04877021216767221,0.013393866413483285,0.011831366413483285,0.6250000000000001,-0.0037476537861376195,0.5833333333333334
10,4,10,35.0,12,0.06216407858115549,0.05997657858115549,0.04877021216767221,0.013393866413483285,0.011206366413483285,0.6250000000000001,-0.0037476537861376195,0.5833333333333334
10,4,20,10.0,12,0.07130004972744934,0.07078754972744936,0.04877021216767221,0.022529837559777142,0.022017337559777136,0.5125000000000001,-0.0037476537861376195,0.5833333333333334
10,4,20,15.0,12,0.07130004972744934,0.07053129972744934,0.04877021216767221,0.022529837559777142,0.02176108755977714,0.5125000000000001,-0.0037476537861376195,0.5833333333333334
10,4,20,25.0,12,0.07130004972744934,0.07001879972744936,0.04877021216767221,0.022529837559777142,0.021248587559777137,0.5125000000000001,-0.0037476537861376195,0.5833333333333334
10,4,20,35.0,12,0.07130004972744934,0.06950629972744936,0.04877021216767221,0.022529837559777142,0.02073608755977714,0.5125000000000001,-0.0037476537861376195,0.5
10,4,50,10.0,12,0.05494027104882809,0.05463360438216142,0.04877021216767221,0.006170058881155883,0.005863392214489214,0.30666666666666664,-0.0037476537861376195,0.6666666666666666
10,4,50,15.0,12,0.05494027104882809,0.0544802710488281,0.04877021216767221,0.006170058881155883,0.005710058881155881,0.30666666666666664,-0.0037476537861376195,0.6666666666666666
10,4,50,25.0,12,0.05494027104882809,0.05417360438216142,0.04877021216767221,0.006170058881155883,0.0054033922144892145,0.30666666666666664,-0.0037476537861376195,0.6666666666666666
10,4,50,35.0,12,0.05494027104882809,0.05386693771549476,0.04877021216767221,0.006170058881155883,0.005096725547822548,0.30666666666666664,-0.0037476537861376195,0.6666666666666666
10,4,100,10.0,12,0.0,0.0,0.04877021216767221,-0.04877021216767221,-0.04877021216767221,0.0,-0.0037476537861376195,0.0
10,4,100,15.0,12,0.0,0.0,0.04877021216767221,-0.04877021216767221,-0.04877021216767221,0.0,-0.0037476537861376195,0.0
10,4,100,25.0,12,0.0,0.0,0.04877021216767221,-0.04877021216767221,-0.04877021216767221,0.0,-0.0037476537861376195,0.0
10,4,100,35.0,12,0.0,0.0,0.04877021216767221,-0.04877021216767221,-0.04877021216767221,0.0,-0.0037476537861376195,0.0
10,5,10,10.0,12,0.013448933961849353,0.012882267295182681,0.012280895859252251,0.001168038102597103,0.000601371435930436,0.5666666666666667,-0.004870956873457176,0.75
10,5,10,15.0,12,0.013448933961849353,0.01259893396184935,0.012280895859252251,0.001168038102597103,0.00031803810259710234,0.5666666666666667,-0.004870956873457176,0.75
10,5,10,25.0,12,0.013448933961849353,0.012032267295182685,0.012280895859252251,0.001168038102597103,-0.00024862856406956453,0.5666666666666667,-0.004870956873457176,0.75
10,5,10,35.0,12,0.013448933961849353,0.011465600628516016,0.012280895859252251,0.001168038102597103,-0.000815295230736231,0.5666666666666667,-0.004870956873457176,0.6666666666666666
10,5,20,10.0,12,0.015317163180075533,0.014862996513408866,0.012280895859252251,0.003036267320823285,0.0025821006541566177,0.4541666666666666,-0.004870956873457176,0.6666666666666666
10,5,20,15.0,12,0.015317163180075533,0.014635913180075531,0.012280895859252251,0.003036267320823285,0.0023550173208232847,0.4541666666666666,-0.004870956873457176,0.6666666666666666
10,5,20,25.0,12,0.015317163180075533,0.014181746513408866,0.012280895859252251,0.003036267320823285,0.001900850654156618,0.4541666666666666,-0.004870956873457176,0.6666666666666666
10,5,20,35.0,12,0.015317163180075533,0.013727579846742199,0.012280895859252251,0.003036267320823285,0.0014466839874899516,0.4541666666666666,-0.004870956873457176,0.6666666666666666
10,5,50,10.0,12,0.013542065282569635,0.013245398615902966,0.012280895859252251,0.0012611694233173858,0.0009645027566507185,0.2966666666666667,-0.004870956873457176,0.6666666666666666
10,5,50,15.0,12,0.013542065282569635,0.013097065282569634,0.012280895859252251,0.0012611694233173858,0.0008161694233173852,0.2966666666666667,-0.004870956873457176,0.6666666666666666
10,5,50,25.0,12,0.013542065282569635,0.012800398615902967,0.012280895859252251,0.0012611694233173858,0.000519502756650719,0.2966666666666667,-0.004870956873457176,0.6666666666666666
10,5,50,35.0,12,0.013542065282569635,0.0125037319492363,0.012280895859252251,0.0012611694233173858,0.00022283608998405189,0.2966666666666667,-0.004870956873457176,0.6666666666666666
10,5,100,10.0,12,0.0,0.0,0.012280895859252251,-0.012280895859252251,-0.012280895859252251,0.0,-0.004870956873457176,0.0
10,5,100,15.0,12,0.0,0.0,0.012280895859252251,-0.012280895859252251,-0.012280895859252251,0.0,-0.004870956873457176,0.0
10,5,100,25.0,12,0.0,0.0,0.012280895859252251,-0.012280895859252251,-0.012280895859252251,0.0,-0.004870956873457176,0.0
10,5,100,35.0,12,0.0,0.0,0.012280895859252251,-0.012280895859252251,-0.012280895859252251,0.0,-0.004870956873457176,0.0
10,6,10,10.0,12,0.006250423804603667,0.005658757137937002,0.007389011896785029,-0.0011385880921813616,-0.0017302547588480283,0.5916666666666667,0.014000648338351076,0.5
10,6,10,15.0,12,0.006250423804603667,0.005362923804603667,0.007389011896785029,-0.0011385880921813616,-0.0020260880921813616,0.5916666666666667,0.014000648338351076,0.5
10,6,10,25.0,12,0.006250423804603667,0.0047712571379370005,0.007389011896785029,-0.0011385880921813616,-0.002617754758848029,0.5916666666666667,0.014000648338351076,0.5
10,6,10,35.0,12,0.006250423804603667,0.004179590471270333,0.007389011896785029,-0.0011385880921813616,-0.0032094214255146947,0.5916666666666667,0.014000648338351076,0.4166666666666667
10,6,20,10.0,12,0.007525952479612792,0.007017619146279457,0.007389011896785029,0.00013694058282776142,-0.0003713927505055719,0.5083333333333333,0.014000648338351076,0.4166666666666667
10,6,20,15.0,12,0.007525952479612792,0.00676345247961279,0.007389011896785029,0.00013694058282776142,-0.0006255594171722385,0.5083333333333333,0.014000648338351076,0.4166666666666667
10,6,20,25.0,12,0.007525952479612792,0.006255119146279457,0.007389011896785029,0.00013694058282776142,-0.0011338927505055725,0.5083333333333333,0.014000648338351076,0.4166666666666667
10,6,20,35.0,12,0.007525952479612792,0.0057467858129461235,0.007389011896785029,0.00013694058282776142,-0.0016422260838389062,0.5083333333333333,0.014000648338351076,0.4166666666666667
10,6,50,10.0,12,0.008376697052910552,0.008000030386243886,0.007389011896785029,0.0009876851561255232,0.0006110184894588571,0.37666666666666665,0.014000648338351076,0.5
10,6,50,15.0,12,0.008376697052910552,0.007811697052910554,0.007389011896785029,0.0009876851561255232,0.00042268515612552343,0.37666666666666665,0.014000648338351076,0.5
10,6,50,25.0,12,0.008376697052910552,0.007435030386243884,0.007389011896785029,0.0009876851561255232,4.601848945885636e-05,0.37666666666666665,0.014000648338351076,0.5
10,6,50,35.0,12,0.008376697052910552,0.00705836371957722,0.007389011896785029,0.0009876851561255232,-0.00033064817720780985,0.37666666666666665,0.014000648338351076,0.5
10,6,100,10.0,12,0.0,0.0,0.007389011896785029,-0.007389011896785029,-0.007389011896785029,0.0,0.014000648338351076,0.0
10,6,100,15.0,12,0.0,0.0,0.007389011896785029,-0.007389011896785029,-0.007389011896785029,0.0,0.014000648338351076,0.0
10,6,100,25.0,12,0.0,0.0,0.007389011896785029,-0.007389011896785029,-0.007389011896785029,0.0,0.014000648338351076,0.0
10,6,100,35.0,12,0.0,0.0,0.007389011896785029,-0.007389011896785029,-0.007389011896785029,0.0,0.014000648338351076,0.0
10,7,10,10.0,12,0.017373653696166103,0.01679032036283277,0.013499573448818846,0.0038740802473472592,0.0032907469140139255,0.5833333333333334,0.04262450719111685,0.6666666666666666
10,7,10,15.0,12,0.017373653696166103,0.016498653696166106,0.013499573448818846,0.0038740802473472592,0.0029990802473472584,0.5833333333333334,0.04262450719111685,0.6666666666666666
10,7,10,25.0,12,0.017373653696166103,0.01591532036283277,0.013499573448818846,0.0038740802473472592,0.0024157469140139256,0.5833333333333334,0.04262450719111685,0.6666666666666666
10,7,10,35.0,12,0.017373653696166103,0.015331987029499441,0.013499573448818846,0.0038740802473472592,0.0018324135806805913,0.5833333333333334,0.04262450719111685,0.6666666666666666
10,7,20,10.0,12,0.021224449778426715,0.020691116445093378,0.013499573448818846,0.007724876329607865,0.007191542996274534,0.5333333333333333,0.04262450719111685,0.75
10,7,20,15.0,12,0.021224449778426715,0.02042444977842671,0.013499573448818846,0.007724876329607865,0.006924876329607865,0.5333333333333333,0.04262450719111685,0.75
10,7,20,25.0,12,0.021224449778426715,0.01989111644509338,0.013499573448818846,0.007724876329607865,0.006391542996274531,0.5333333333333333,0.04262450719111685,0.75
10,7,20,35.0,12,0.021224449778426715,0.019357783111760046,0.013499573448818846,0.007724876329607865,0.005858209662941201,0.5333333333333333,0.04262450719111685,0.75
10,7,50,10.0,12,0.01966666416740177,0.019291664167401766,0.013499573448818846,0.0061670907185829215,0.005792090718582921,0.375,0.04262450719111685,0.6666666666666666
10,7,50,15.0,12,0.01966666416740177,0.019104164167401766,0.013499573448818846,0.0061670907185829215,0.005604590718582921,0.375,0.04262450719111685,0.6666666666666666
10,7,50,25.0,12,0.01966666416740177,0.018729164167401766,0.013499573448818846,0.0061670907185829215,0.005229590718582921,0.375,0.04262450719111685,0.6666666666666666
10,7,50,35.0,12,0.01966666416740177,0.01835416416740177,0.013499573448818846,0.0061670907185829215,0.00485459071858292,0.375,0.04262450719111685,0.6666666666666666
10,7,100,10.0,12,0.0,0.0,0.013499573448818846,-0.013499573448818846,-0.013499573448818846,0.0,0.04262450719111685,0.0
10,7,100,15.0,12,0.0,0.0,0.013499573448818846,-0.013499573448818846,-0.013499573448818846,0.0,0.04262450719111685,0.0
10,7,100,25.0,12,0.0,0.0,0.013499573448818846,-0.013499573448818846,-0.013499573448818846,0.0,0.04262450719111685,0.0
10,7,100,35.0,12,0.0,0.0,0.013499573448818846,-0.013499573448818846,-0.013499573448818846,0.0,0.04262450719111685,0.0
10,8,10,10.0,12,-0.0019727539455620413,-0.0025644206122287087,-0.002830925938834692,0.0008581719932726509,0.0002665053266059832,0.5916666666666667,-0.012190803816613612,0.6666666666666666
10,8,10,15.0,12,-0.0019727539455620413,-0.0028602539455620407,-0.002830925938834692,0.0008581719932726509,-2.932800672734927e-05,0.5916666666666667,-0.012190803816613612,0.6666666666666666
10,8,10,25.0,12,-0.0019727539455620413,-0.003451920612228709,-0.002830925938834692,0.0008581719932726509,-0.0006209946733940169,0.5916666666666667,-0.012190803816613612,0.6666666666666666
10,8,10,35.0,12,-0.0019727539455620413,-0.004043587278895374,-0.002830925938834692,0.0008581719932726509,-0.0012126613400606822,0.5916666666666667,-0.012190803816613612,0.6666666666666666
10,8,20,10.0,12,-0.002512500764526335,-0.003050000764526337,-0.002830925938834692,0.00031842517430835616,-0.00021907482569164397,0.5375000000000001,-0.012190803816613612,0.5833333333333334
10,8,20,15.0,12,-0.002512500764526335,-0.003318750764526335,-0.002830925938834692,0.00031842517430835616,-0.00048782482569164335,0.5375000000000001,-0.012190803816613612,0.5
10,8,20,25.0,12,-0.002512500764526335,-0.0038562507645263353,-0.002830925938834692,0.00031842517430835616,-0.0010253248256916448,0.5375000000000001,-0.012190803816613612,0.5
10,8,20,35.0,12,-0.002512500764526335,-0.0043937507645263356,-0.002830925938834692,0.00031842517430835616,-0.0015628248256916437,0.5375000000000001,-0.012190803816613612,0.5
10,8,50,10.0,12,-0.0032054638798344735,-0.0035337972131678067,-0.002830925938834692,-0.0003745379409997821,-0.0007028712743331157,0.32833333333333337,-0.012190803816613612,0.5833333333333334
10,8,50,15.0,12,-0.0032054638798344735,-0.0036979638798344742,-0.002830925938834692,-0.0003745379409997821,-0.0008670379409997823,0.32833333333333337,-0.012190803816613612,0.5833333333333334
10,8,50,25.0,12,-0.0032054638798344735,-0.004026297213167807,-0.002830925938834692,-0.0003745379409997821,-0.0011953712743331154,0.32833333333333337,-0.012190803816613612,0.5833333333333334
10,8,50,35.0,12,-0.0032054638798344735,-0.00435463054650114,-0.002830925938834692,-0.0003745379409997821,-0.0015237046076664491,0.32833333333333337,-0.012190803816613612,0.5833333333333334
10,8,100,10.0,12,0.0,0.0,-0.002830925938834692,0.002830925938834692,0.002830925938834692,0.0,-0.012190803816613612,0.0
10,8,100,15.0,12,0.0,0.0,-0.002830925938834692,0.002830925938834692,0.002830925938834692,0.0,-0.012190803816613612,0.0
10,8,100,25.0,12,0.0,0.0,-0.002830925938834692,0.002830925938834692,0.002830925938834692,0.0,-0.012190803816613612,0.0
10,8,100,35.0,12,0.0,0.0,-0.002830925938834692,0.002830925938834692,0.002830925938834692,0.0,-0.012190803816613612,0.0
10,9,10,10.0,12,0.01181082305145162,0.011152489718118287,0.006150483278382145,0.005660339773069477,0.005002006439736144,0.6583333333333334,0.004251288579065899,0.6666666666666666
10,9,10,15.0,12,0.01181082305145162,0.010823323051451622,0.006150483278382145,0.005660339773069477,0.004672839773069476,0.6583333333333334,0.004251288579065899,0.6666666666666666
10,9,10,25.0,12,0.01181082305145162,0.010164989718118286,0.006150483278382145,0.005660339773069477,0.0040145064397361435,0.6583333333333334,0.004251288579065899,0.5833333333333334
10,9,10,35.0,12,0.01181082305145162,0.009506656384784953,0.006150483278382145,0.005660339773069477,0.0033561731064028102,0.6583333333333334,0.004251288579065899,0.5833333333333334
10,9,20,10.0,12,0.008474614328968027,0.007928780995634694,0.006150483278382145,0.0023241310505858846,0.0017782977172525504,0.5458333333333333,0.004251288579065899,0.6666666666666666
10,9,20,15.0,12,0.008474614328968027,0.007655864328968029,0.006150483278382145,0.0023241310505858846,0.0015053810505858843,0.5458333333333333,0.004251288579065899,0.6666666666666666
10,9,20,25.0,12,0.008474614328968027,0.0071100309956346934,0.006150483278382145,0.0023241310505858846,0.00095954771725255,0.5458333333333333,0.004251288579065899,0.6666666666666666
10,9,20,35.0,12,0.008474614328968027,0.00656419766230136,0.006150483278382145,0.0023241310505858846,0.00041371438391921665,0.5458333333333333,0.004251288579065899,0.6666666666666666
10,9,50,10.0,12,0.00662670314071228,0.006286703140712282,0.006150483278382145,0.00047621986233013623,0.0001362198623301357,0.3400000000000001,0.004251288579065899,0.5833333333333334
10,9,50,15.0,12,0.00662670314071228,0.006116703140712279,0.006150483278382145,0.00047621986233013623,-3.3780137669864764e-05,0.3400000000000001,0.004251288579065899,0.5833333333333334
10,9,50,25.0,12,0.00662670314071228,0.00577670314071228,0.006150483278382145,0.00047621986233013623,-0.00037378013766986443,0.3400000000000001,0.004251288579065899,0.5
10,9,50,35.0,12,0.00662670314071228,0.0054367031407122806,0.006150483278382145,0.00047621986233013623,-0.0007137801376698626,0.3400000000000001,0.004251288579065899,0.5
10,9,100,10.0,12,0.0,0.0,0.006150483278382145,-0.006150483278382145,-0.006150483278382145,0.0,0.004251288579065899,0.0
10,9,100,15.0,12,0.0,0.0,0.006150483278382145,-0.006150483278382145,-0.006150483278382145,0.0,0.004251288579065899,0.0
10,9,100,25.0,12,0.0,0.0,0.006150483278382145,-0.006150483278382145,-0.006150483278382145,0.0,0.004251288579065899,0.0
10,9,100,35.0,12,0.0,0.0,0.006150483278382145,-0.006150483278382145,-0.006150483278382145,0.0,0.004251288579065899,0.0
10,10,10,10.0,12,-0.003504311474807613,-0.00413764480814095,-0.004317593587552212,0.0008132821127445986,0.00017994877941126391,0.6333333333333334,-0.009159196750859374,0.5
10,10,10,15.0,12,-0.003504311474807613,-0.004454311474807613,-0.004317593587552212,0.0008132821127445986,-0.0001367178872554014,0.6333333333333334,-0.009159196750859374,0.5
10,10,10,25.0,12,-0.003504311474807613,-0.00508764480814095,-0.004317593587552212,0.0008132821127445986,-0.0007700512205887361,0.6333333333333334,-0.009159196750859374,0.5
10,10,10,35.0,12,-0.003504311474807613,-0.005720978141474282,-0.004317593587552212,0.0008132821127445986,-0.0014033845539220692,0.6333333333333334,-0.009159196750859374,0.5
10,10,20,10.0,12,-0.0030430573521170526,-0.0036180573521170513,-0.004317593587552212,0.0012745362354351613,0.000699536235435161,0.5750000000000001,-0.009159196750859374,0.5
10,10,20,15.0,12,-0.0030430573521170526,-0.003905557352117053,-0.004317593587552212,0.0012745362354351613,0.00041203623543516085,0.5750000000000001,-0.009159196750859374,0.5
10,10,20,25.0,12,-0.0030430573521170526,-0.004480557352117053,-0.004317593587552212,0.0012745362354351613,-0.00016296376456483944,0.5750000000000001,-0.009159196750859374,0.5
10,10,20,35.0,12,-0.0030430573521170526,-0.005055557352117052,-0.004317593587552212,0.0012745362354351613,-0.0007379637645648385,0.5750000000000001,-0.009159196750859374,0.5
10,10,50,10.0,12,-0.005076907299411553,-0.005428573966078219,-0.004317593587552212,-0.0007593137118593402,-0.0011109803785260065,0.3516666666666666,-0.009159196750859374,0.5
10,10,50,15.0,12,-0.005076907299411553,-0.005604407299411554,-0.004317593587552212,-0.0007593137118593402,-0.0012868137118593407,0.3516666666666666,-0.009159196750859374,0.5
10,10,50,25.0,12,-0.005076907299411553,-0.00595607396607822,-0.004317593587552212,-0.0007593137118593402,-0.0016384803785260069,0.3516666666666666,-0.009159196750859374,0.5
10,10,50,35.0,12,-0.005076907299411553,-0.006307740632744887,-0.004317593587552212,-0.0007593137118593402,-0.0019901470451926732,0.3516666666666666,-0.009159196750859374,0.5
10,10,100,10.0,12,0.0,0.0,-0.004317593587552212,0.004317593587552212,0.004317593587552212,0.0,-0.009159196750859374,0.0
10,10,100,15.0,12,0.0,0.0,-0.004317593587552212,0.004317593587552212,0.004317593587552212,0.0,-0.009159196750859374,0.0
10,10,100,25.0,12,0.0,0.0,-0.004317593587552212,0.004317593587552212,0.004317593587552212,0.0,-0.009159196750859374,0.0
10,10,100,35.0,12,0.0,0.0,-0.004317593587552212,0.004317593587552212,0.004317593587552212,0.0,-0.009159196750859374,0.0
10,11,10,10.0,12,-0.02991487208620675,-0.03055653875287341,-0.018746376002215518,-0.011168496083991229,-0.011810162750657896,0.6416666666666668,-0.03659201978394106,0.5
10,11,10,15.0,12,-0.02991487208620675,-0.030877372086206747,-0.018746376002215518,-0.011168496083991229,-0.012130996083991229,0.6416666666666668,-0.03659201978394106,0.5
10,11,10,25.0,12,-0.02991487208620675,-0.031519038752873416,-0.018746376002215518,-0.011168496083991229,-0.012772662750657896,0.6416666666666668,-0.03659201978394106,0.5
10,11,10,35.0,12,-0.02991487208620675,-0.03216070541954008,-0.018746376002215518,-0.011168496083991229,-0.013414329417324561,0.6416666666666668,-0.03659201978394106,0.5
10,11,20,10.0,12,-0.022493593149279557,-0.023072759815946225,-0.018746376002215518,-0.003747217147064041,-0.00432638381373071,0.5791666666666667,-0.03659201978394106,0.5
10,11,20,15.0,12,-0.022493593149279557,-0.023362343149279558,-0.018746376002215518,-0.003747217147064041,-0.004615967147064043,0.5791666666666667,-0.03659201978394106,0.5
10,11,20,25.0,12,-0.022493593149279557,-0.023941509815946227,-0.018746376002215518,-0.003747217147064041,-0.005195133813730708,0.5791666666666667,-0.03659201978394106,0.5
10,11,20,35.0,12,-0.022493593149279557,-0.0245206764826129,-0.018746376002215518,-0.003747217147064041,-0.005774300480397377,0.5791666666666667,-0.03659201978394106,0.5
10,11,50,10.0,12,-0.019294180912818825,-0.019694180912818823,-0.018746376002215518,-0.0005478049106033087,-0.0009478049106033063,0.39999999999999997,-0.03659201978394106,0.5
10,11,50,15.0,12,-0.019294180912818825,-0.01989418091281883,-0.018746376002215518,-0.0005478049106033087,-0.001147804910603308,0.39999999999999997,-0.03659201978394106,0.5
10,11,50,25.0,12,-0.019294180912818825,-0.02029418091281883,-0.018746376002215518,-0.0005478049106033087,-0.0015478049106033103,0.39999999999999997,-0.03659201978394106,0.5
10,11,50,35.0,12,-0.019294180912818825,-0.020694180912818827,-0.018746376002215518,-0.0005478049106033087,-0.001947804910603308,0.39999999999999997,-0.03659201978394106,0.5
10,11,100,10.0,12,0.0,0.0,-0.018746376002215518,0.018746376002215518,0.018746376002215518,0.0,-0.03659201978394106,0.0
10,11,100,15.0,12,0.0,0.0,-0.018746376002215518,0.018746376002215518,0.018746376002215518,0.0,-0.03659201978394106,0.0
10,11,100,25.0,12,0.0,0.0,-0.018746376002215518,0.018746376002215518,0.018746376002215518,0.0,-0.03659201978394106,0.0
10,11,100,35.0,12,0.0,0.0,-0.018746376002215518,0.018746376002215518,0.018746376002215518,0.0,-0.03659201978394106,0.0
10,12,10,10.0,12,0.019913018274528085,0.019221351607861415,0.01588458549461888,0.0040284327799092025,0.0033367661132425353,0.6916666666666668,0.05233059622665256,0.75
10,12,10,15.0,12,0.019913018274528085,0.018875518274528085,0.01588458549461888,0.0040284327799092025,0.002990932779909203,0.6916666666666668,0.05233059622665256,0.75
10,12,10,25.0,12,0.019913018274528085,0.01818385160786142,0.01588458549461888,0.0040284327799092025,0.0022992661132425355,0.6916666666666668,0.05233059622665256,0.75
10,12,10,35.0,12,0.019913018274528085,0.01749218494119475,0.01588458549461888,0.0040284327799092025,0.0016075994465758695,0.6916666666666668,0.05233059622665256,0.75
10,12,20,10.0,12,0.019060405531535266,0.018514572198201934,0.01588458549461888,0.003175820036916386,0.0026299867035830525,0.5458333333333333,0.05233059622665256,0.75
10,12,20,15.0,12,0.019060405531535266,0.018241655531535266,0.01588458549461888,0.003175820036916386,0.0023570700369163864,0.5458333333333333,0.05233059622665256,0.75
10,12,20,25.0,12,0.019060405531535266,0.017695822198201934,0.01588458549461888,0.003175820036916386,0.0018112367035830518,0.5458333333333333,0.05233059622665256,0.75
10,12,20,35.0,12,0.019060405531535266,0.017149988864868602,0.01588458549461888,0.003175820036916386,0.001265403370249719,0.5458333333333333,0.05233059622665256,0.75
10,12,50,10.0,12,0.0184631912559152,0.018184857922581867,0.01588458549461888,0.0025786057612963175,0.002300272427962985,0.2783333333333334,0.05233059622665256,0.75
10,12,50,15.0,12,0.0184631912559152,0.018045691255915198,0.01588458549461888,0.0025786057612963175,0.002161105761296318,0.2783333333333334,0.05233059622665256,0.75
10,12,50,25.0,12,0.0184631912559152,0.017767357922581866,0.01588458549461888,0.0025786057612963175,0.0018827724279629834,0.2783333333333334,0.05233059622665256,0.75
10,12,50,35.0,12,0.0184631912559152,0.01748902458924853,0.01588458549461888,0.0025786057612963175,0.0016044390946296505,0.2783333333333334,0.05233059622665256,0.75
10,12,100,10.0,12,0.0,0.0,0.01588458549461888,-0.01588458549461888,-0.01588458549461888,0.0,0.05233059622665256,0.0
10,12,100,15.0,12,0.0,0.0,0.01588458549461888,-0.01588458549461888,-0.01588458549461888,0.0,0.05233059622665256,0.0
10,12,100,25.0,12,0.0,0.0,0.01588458549461888,-0.01588458549461888,-0.01588458549461888,0.0,0.05233059622665256,0.0
10,12,100,35.0,12,0.0,0.0,0.01588458549461888,-0.01588458549461888,-0.01588458549461888,0.0,0.05233059622665256,0.0
10,13,10,10.0,12,0.003075839970942956,0.002475839970942957,0.003228434565640258,-0.00015259459469730164,-0.0007525945946973015,0.6,0.049195186326896616,0.4166666666666667
10,13,10,15.0,12,0.003075839970942956,0.002175839970942956,0.003228434565640258,-0.00015259459469730164,-0.0010525945946973023,0.6,0.049195186326896616,0.4166666666666667
10,13,10,25.0,12,0.003075839970942956,0.001575839970942956,0.003228434565640258,-0.00015259459469730164,-0.0016525945946973023,0.6,0.049195186326896616,0.4166666666666667
10,13,10,35.0,12,0.003075839970942956,0.0009758399709429566,0.003228434565640258,-0.00015259459469730164,-0.0022525945946973015,0.6,0.049195186326896616,0.4166666666666667
10,13,20,10.0,12,0.003243388282612359,0.0027100549492790255,0.003228434565640258,1.4953716972100744e-05,-0.0005183796163612323,0.5333333333333333,0.049195186326896616,0.4166666666666667
10,13,20,15.0,12,0.003243388282612359,0.0024433882826123588,0.003228434565640258,1.4953716972100744e-05,-0.0007850462830278987,0.5333333333333333,0.049195186326896616,0.4166666666666667
10,13,20,25.0,12,0.003243388282612359,0.0019100549492790256,0.003228434565640258,1.4953716972100744e-05,-0.0013183796163612333,0.5333333333333333,0.049195186326896616,0.4166666666666667
10,13,20,35.0,12,0.003243388282612359,0.0013767216159456931,0.003228434565640258,1.4953716972100744e-05,-0.0018517129496945662,0.5333333333333333,0.049195186326896616,0.4166666666666667
10,13,50,10.0,12,0.0032339400864916518,0.002957273419824986,0.003228434565640258,5.505520851394327e-06,-0.0002711611458152718,0.2766666666666667,0.049195186326896616,0.3333333333333333
10,13,50,15.0,12,0.0032339400864916518,0.0028189400864916518,0.003228434565640258,5.505520851394327e-06,-0.00040949447914860544,0.2766666666666667,0.049195186326896616,0.3333333333333333
10,13,50,25.0,12,0.0032339400864916518,0.0025422734198249845,0.003228434565640258,5.505520851394327e-06,-0.000686161145815273,0.2766666666666667,0.049195186326896616,0.3333333333333333
10,13,50,35.0,12,0.0032339400864916518,0.0022656067531583177,0.003228434565640258,5.505520851394327e-06,-0.0009628278124819393,0.2766666666666667,0.049195186326896616,0.3333333333333333
10,13,100,10.0,12,0.0,0.0,0.003228434565640258,-0.003228434565640258,-0.003228434565640258,0.0,0.049195186326896616,0.0
10,13,100,15.0,12,0.0,0.0,0.003228434565640258,-0.003228434565640258,-0.003228434565640258,0.0,0.049195186326896616,0.0
10,13,100,25.0,12,0.0,0.0,0.003228434565640258,-0.003228434565640258,-0.003228434565640258,0.0,0.049195186326896616,0.0
10,13,100,35.0,12,0.0,0.0,0.003228434565640258,-0.003228434565640258,-0.003228434565640258,0.0,0.049195186326896616,0.0
10,14,10,10.0,12,-0.0008589445042536219,-0.001492277837586956,0.0020416539785646486,-0.0029005984828182722,-0.003533931816151605,0.6333333333333334,0.003155372395114354,0.5
10,14,10,15.0,12,-0.0008589445042536219,-0.0018089445042536224,0.0020416539785646486,-0.0029005984828182722,-0.0038505984828182717,0.6333333333333334,0.003155372395114354,0.5
10,14,10,25.0,12,-0.0008589445042536219,-0.0024422778375869565,0.0020416539785646486,-0.0029005984828182722,-0.0044839318161516055,0.6333333333333334,0.003155372395114354,0.5
10,14,10,35.0,12,-0.0008589445042536219,-0.0030756111709202907,0.0020416539785646486,-0.0029005984828182722,-0.0051172651494849385,0.6333333333333334,0.003155372395114354,0.5
10,14,20,10.0,12,0.0018605744634780366,0.0013105744634780356,0.0020416539785646486,-0.00018107951508661174,-0.0007310795150866122,0.5499999999999999,0.003155372395114354,0.5833333333333334
10,14,20,15.0,12,0.0018605744634780366,0.0010355744634780364,0.0020416539785646486,-0.00018107951508661174,-0.001006079515086612,0.5499999999999999,0.003155372395114354,0.5833333333333334
10,14,20,25.0,12,0.0018605744634780366,0.00048557446347803667,0.0020416539785646486,-0.00018107951508661174,-0.0015560795150866126,0.5499999999999999,0.003155372395114354,0.5
10,14,20,35.0,12,0.0018605744634780366,-6.442553652196308e-05,0.0020416539785646486,-0.00018107951508661174,-0.002106079515086612,0.5499999999999999,0.003155372395114354,0.5
10,14,50,10.0,12,0.00274139907085669,0.002393065737523356,0.0020416539785646486,0.0006997450922920408,0.0003514117589587075,0.3483333333333334,0.003155372395114354,0.5
10,14,50,15.0,12,0.00274139907085669,0.0022188990708566906,0.0020416539785646486,0.0006997450922920408,0.00017724509229204104,0.3483333333333334,0.003155372395114354,0.5
10,14,50,25.0,12,0.00274139907085669,0.001870565737523356,0.0020416539785646486,0.0006997450922920408,-0.0001710882410412924,0.3483333333333334,0.003155372395114354,0.5
10,14,50,35.0,12,0.00274139907085669,0.001522232404190023,0.0020416539785646486,0.0006997450922920408,-0.0005194215743746258,0.3483333333333334,0.003155372395114354,0.5
10,14,100,10.0,12,0.0,0.0,0.0020416539785646486,-0.0020416539785646486,-0.0020416539785646486,0.0,0.003155372395114354,0.0
10,14,100,15.0,12,0.0,0.0,0.0020416539785646486,-0.0020416539785646486,-0.0020416539785646486,0.0,0.003155372395114354,0.0
10,14,100,25.0,12,0.0,0.0,0.0020416539785646486,-0.0020416539785646486,-0.0020416539785646486,0.0,0.003155372395114354,0.0
10,14,100,35.0,12,0.0,0.0,0.0020416539785646486,-0.0020416539785646486,-0.0020416539785646486,0.0,0.003155372395114354,0.0
10,15,10,10.0,12,0.0036664799195757734,0.0030914799195757726,-0.002702194651757249,0.006368674571333023,0.005793674571333021,0.5750000000000001,0.06299474272062475,0.5833333333333334
10,15,10,15.0,12,0.0036664799195757734,0.0028039799195757734,-0.002702194651757249,0.006368674571333023,0.005506174571333024,0.5750000000000001,0.06299474272062475,0.5833333333333334
10,15,10,25.0,12,0.0036664799195757734,0.0022289799195757726,-0.002702194651757249,0.006368674571333023,0.004931174571333022,0.5750000000000001,0.06299474272062475,0.5833333333333334
10,15,10,35.0,12,0.0036664799195757734,0.001653979919575773,-0.002702194651757249,0.006368674571333023,0.0043561745713330225,0.5750000000000001,0.06299474272062475,0.5
10,15,20,10.0,12,0.0012385960082786798,0.0007052626749453456,-0.002702194651757249,0.003940790660035928,0.0034074573267025943,0.5333333333333333,0.06299474272062475,0.5833333333333334
10,15,20,15.0,12,0.0012385960082786798,0.000438596008278681,-0.002702194651757249,0.003940790660035928,0.0031407906600359296,0.5333333333333333,0.06299474272062475,0.5833333333333334
10,15,20,25.0,12,0.0012385960082786798,-9.473732505465504e-05,-0.002702194651757249,0.003940790660035928,0.0026074573267025948,0.5333333333333333,0.06299474272062475,0.5833333333333334
10,15,20,35.0,12,0.0012385960082786798,-0.0006280706583879882,-0.002702194651757249,0.003940790660035928,0.0020741239933692603,0.5333333333333333,0.06299474272062475,0.5833333333333334
10,15,50,10.0,12,-0.0010456663728613924,-0.0013789997061947241,-0.002702194651757249,0.0016565282788958563,0.0013231949455625232,0.3333333333333333,0.06299474272062475,0.5833333333333334
10,15,50,15.0,12,-0.0010456663728613924,-0.0015456663728613937,-0.002702194651757249,0.0016565282788958563,0.0011565282788958558,0.3333333333333333,0.06299474272062475,0.5833333333333334
10,15,50,25.0,12,-0.0010456663728613924,-0.0018789997061947259,-0.002702194651757249,0.0016565282788958563,0.0008231949455625229,0.3333333333333333,0.06299474272062475,0.5833333333333334
10,15,50,35.0,12,-0.0010456663728613924,-0.002212333039528059,-0.002702194651757249,0.0016565282788958563,0.0004898616122291896,0.3333333333333333,0.06299474272062475,0.5833333333333334
10,15,100,10.0,12,0.0,0.0,-0.002702194651757249,0.002702194651757249,0.002702194651757249,0.0,0.06299474272062475,0.0
10,15,100,15.0,12,0.0,0.0,-0.002702194651757249,0.002702194651757249,0.002702194651757249,0.0,0.06299474272062475,0.0
10,15,100,25.0,12,0.0,0.0,-0.002702194651757249,0.002702194651757249,0.002702194651757249,0.0,0.06299474272062475,0.0
10,15,100,35.0,12,0.0,0.0,-0.002702194651757249,0.002702194651757249,0.002702194651757249,0.0,0.06299474272062475,0.0
20,0,10,10.0,12,0.13782172776296578,0.1372467277629658,0.07194363836001513,0.06587808940295065,0.06530308940295064,0.5750000000000001,0.13916539180717083,0.8333333333333334
20,0,10,15.0,12,0.13782172776296578,0.1369592277629658,0.07194363836001513,0.06587808940295065,0.06501558940295064,0.5750000000000001,0.13916539180717083,0.8333333333333334
20,0,10,25.0,12,0.13782172776296578,0.13638422776296577,0.07194363836001513,0.06587808940295065,0.06444058940295065,0.5750000000000001,0.13916539180717083,0.8333333333333334
20,0,10,35.0,12,0.13782172776296578,0.13580922776296578,0.07194363836001513,0.06587808940295065,0.06386558940295063,0.5750000000000001,0.13916539180717083,0.8333333333333334
20,0,20,10.0,12,0.09646340058717989,0.09594256725384655,0.07194363836001513,0.024519762227164756,0.023998928893831418,0.5208333333333334,0.13916539180717083,0.8333333333333334
20,0,20,15.0,12,0.09646340058717989,0.09568215058717988,0.07194363836001513,0.024519762227164756,0.02373851222716475,0.5208333333333334,0.13916539180717083,0.8333333333333334
20,0,20,25.0,12,0.09646340058717989,0.09516131725384656,0.07194363836001513,0.024519762227164756,0.023217678893831417,0.5208333333333334,0.13916539180717083,0.8333333333333334
20,0,20,35.0,12,0.09646340058717989,0.09464048392051322,0.07194363836001513,0.024519762227164756,0.022696845560498086,0.5208333333333334,0.13916539180717083,0.8333333333333334
20,0,50,10.0,12,0.07380784075160336,0.0735861740849367,0.07194363836001513,0.0018642023915882331,0.0016425357249215667,0.22166666666666676,0.13916539180717083,0.8333333333333334
20,0,50,15.0,12,0.07380784075160336,0.07347534075160338,0.07194363836001513,0.0018642023915882331,0.0015317023915882343,0.22166666666666676,0.13916539180717083,0.8333333333333334
20,0,50,25.0,12,0.07380784075160336,0.0732536740849367,0.07194363836001513,0.0018642023915882331,0.0013100357249215655,0.22166666666666676,0.13916539180717083,0.8333333333333334
20,0,50,35.0,12,0.07380784075160336,0.07303200741827003,0.07194363836001513,0.0018642023915882331,0.0010883690582548999,0.22166666666666676,0.13916539180717083,0.8333333333333334
20,0,100,10.0,12,0.0,0.0,0.07194363836001513,-0.07194363836001513,-0.07194363836001513,0.0,0.13916539180717083,0.0
20,0,100,15.0,12,0.0,0.0,0.07194363836001513,-0.07194363836001513,-0.07194363836001513,0.0,0.13916539180717083,0.0
20,0,100,25.0,12,0.0,0.0,0.07194363836001513,-0.07194363836001513,-0.07194363836001513,0.0,0.13916539180717083,0.0
20,0,100,35.0,12,0.0,0.0,0.07194363836001513,-0.07194363836001513,-0.07194363836001513,0.0,0.13916539180717083,0.0
20,1,10,10.0,12,0.03876511432252135,0.03821511432252136,0.03764741701898278,0.001117697303538566,0.0005676973035385653,0.5500000000000002,0.04199325762477807,0.6666666666666666
20,1,10,15.0,12,0.03876511432252135,0.03794011432252135,0.03764741701898278,0.001117697303538566,0.0002926973035385644,0.5500000000000002,0.04199325762477807,0.6666666666666666
20,1,10,25.0,12,0.03876511432252135,0.03739011432252135,0.03764741701898278,0.001117697303538566,-0.0002573026964614352,0.5500000000000002,0.04199325762477807,0.6666666666666666
20,1,10,35.0,12,0.03876511432252135,0.03684011432252136,0.03764741701898278,0.001117697303538566,-0.0008073026964614347,0.5500000000000002,0.04199325762477807,0.6666666666666666
20,1,20,10.0,12,0.04222987333579409,0.04171737333579408,0.03764741701898278,0.004582456316811294,0.004069956316811292,0.5125000000000001,0.04199325762477807,0.75
20,1,20,15.0,12,0.04222987333579409,0.04146112333579408,0.03764741701898278,0.004582456316811294,0.0038137063168112947,0.5125000000000001,0.04199325762477807,0.75
20,1,20,25.0,12,0.04222987333579409,0.04094862333579408,0.03764741701898278,0.004582456316811294,0.003301206316811293,0.5125000000000001,0.04199325762477807,0.75
20,1,20,35.0,12,0.04222987333579409,0.040436123335794084,0.03764741701898278,0.004582456316811294,0.002788706316811292,0.5125000000000001,0.04199325762477807,0.75
20,1,50,10.0,12,0.038362777525126714,0.038059444191793385,0.03764741701898278,0.0007153605061439289,0.00041202717281059556,0.3033333333333334,0.04199325762477807,0.75
20,1,50,15.0,12,0.038362777525126714,0.03790777752512672,0.03764741701898278,0.0007153605061439289,0.00026036050614393027,0.3033333333333334,0.04199325762477807,0.75
20,1,50,25.0,12,0.038362777525126714,0.03760444419179339,0.03764741701898278,0.0007153605061439289,-4.297282718940348e-05,0.3033333333333334,0.04199325762477807,0.75
20,1,50,35.0,12,0.038362777525126714,0.037301110858460045,0.03764741701898278,0.0007153605061439289,-0.0003463061605227368,0.3033333333333334,0.04199325762477807,0.75
20,1,100,10.0,12,0.0,0.0,0.03764741701898278,-0.03764741701898278,-0.03764741701898278,0.0,0.04199325762477807,0.0
20,1,100,15.0,12,0.0,0.0,0.03764741701898278,-0.03764741701898278,-0.03764741701898278,0.0,0.04199325762477807,0.0
20,1,100,25.0,12,0.0,0.0,0.03764741701898278,-0.03764741701898278,-0.03764741701898278,0.0,0.04199325762477807,0.0
20,1,100,35.0,12,0.0,0.0,0.03764741701898278,-0.03764741701898278,-0.03764741701898278,0.0,0.04199325762477807,0.0
20,2,10,10.0,12,0.061959209933882285,0.061300876600548955,0.03600435424454767,0.025954855689334606,0.025296522356001272,0.6583333333333334,0.06027972102581501,0.8333333333333334
20,2,10,15.0,12,0.061959209933882285,0.06097170993388228,0.03600435424454767,0.025954855689334606,0.02496735568933461,0.6583333333333334,0.06027972102581501,0.8333333333333334
20,2,10,25.0,12,0.061959209933882285,0.06031337660054895,0.03600435424454767,0.025954855689334606,0.024309022356001273,0.6583333333333334,0.06027972102581501,0.8333333333333334
20,2,10,35.0,12,0.061959209933882285,0.05965504326721562,0.03600435424454767,0.025954855689334606,0.023650689022667943,0.6583333333333334,0.06027972102581501,0.8333333333333334
20,2,20,10.0,12,0.054584705614754446,0.054080538948087786,0.03600435424454767,0.018580351370206773,0.018076184703540107,0.5041666666666667,0.06027972102581501,0.8333333333333334
20,2,20,15.0,12,0.054584705614754446,0.05382845561475444,0.03600435424454767,0.018580351370206773,0.017824101370206766,0.5041666666666667,0.06027972102581501,0.8333333333333334
20,2,20,25.0,12,0.054584705614754446,0.05332428894808777,0.03600435424454767,0.018580351370206773,0.017319934703540107,0.5041666666666667,0.06027972102581501,0.8333333333333334
20,2,20,35.0,12,0.054584705614754446,0.05282012228142111,0.03600435424454767,0.018580351370206773,0.01681576803687344,0.5041666666666667,0.06027972102581501,0.8333333333333334
20,2,50,10.0,12,0.04126115997392483,0.04096949330725816,0.03600435424454767,0.005256805729377156,0.004965139062710488,0.29166666666666674,0.06027972102581501,0.75
20,2,50,15.0,12,0.04126115997392483,0.04082365997392483,0.03600435424454767,0.005256805729377156,0.004819305729377155,0.29166666666666674,0.06027972102581501,0.75
20,2,50,25.0,12,0.04126115997392483,0.040531993307258166,0.03600435424454767,0.005256805729377156,0.0045276390627104895,0.29166666666666674,0.06027972102581501,0.75
20,2,50,35.0,12,0.04126115997392483,0.040240326640591496,0.03600435424454767,0.005256805729377156,0.004235972396043823,0.29166666666666674,0.06027972102581501,0.75
20,2,100,10.0,12,0.0,0.0,0.03600435424454767,-0.03600435424454767,-0.03600435424454767,0.0,0.06027972102581501,0.0
20,2,100,15.0,12,0.0,0.0,0.03600435424454767,-0.03600435424454767,-0.03600435424454767,0.0,0.06027972102581501,0.0
20,2,100,25.0,12,0.0,0.0,0.03600435424454767,-0.03600435424454767,-0.03600435424454767,0.0,0.06027972102581501,0.0
20,2,100,35.0,12,0.0,0.0,0.03600435424454767,-0.03600435424454767,-0.03600435424454767,0.0,0.06027972102581501,0.0
20,3,10,10.0,12,0.09375329351537759,0.09311996018204426,0.08655824289392618,0.0071950506214514065,0.006561717288118074,0.6333333333333333,0.06236974450372354,0.9166666666666666
20,3,10,15.0,12,0.09375329351537759,0.09280329351537758,0.08655824289392618,0.0071950506214514065,0.006245050621451405,0.6333333333333333,0.06236974450372354,0.9166666666666666
20,3,10,25.0,12,0.09375329351537759,0.09216996018204425,0.08655824289392618,0.0071950506214514065,0.005611717288118072,0.6333333333333333,0.06236974450372354,0.9166666666666666
20,3,10,35.0,12,0.09375329351537759,0.09153662684871093,0.08655824289392618,0.0071950506214514065,0.004978383954784741,0.6333333333333333,0.06236974450372354,0.9166666666666666
20,3,20,10.0,12,0.09997332026526712,0.09947332026526712,0.08655824289392618,0.013415077371340933,0.012915077371340932,0.5000000000000001,0.06236974450372354,0.9166666666666666
20,3,20,15.0,12,0.09997332026526712,0.09922332026526715,0.08655824289392618,0.013415077371340933,0.012665077371340932,0.5000000000000001,0.06236974450372354,0.9166666666666666
20,3,20,25.0,12,0.09997332026526712,0.0987233202652671,0.08655824289392618,0.013415077371340933,0.012165077371340934,0.5000000000000001,0.06236974450372354,0.9166666666666666
20,3,20,35.0,12,0.09997332026526712,0.0982233202652671,0.08655824289392618,0.013415077371340933,0.011665077371340931,0.5000000000000001,0.06236974450372354,0.9166666666666666
20,3,50,10.0,12,0.09300571798454704,0.09270738465121374,0.08655824289392618,0.006447475090620874,0.006149141757287542,0.29833333333333345,0.06236974450372354,0.9166666666666666
20,3,50,15.0,12,0.09300571798454704,0.09255821798454705,0.08655824289392618,0.006447475090620874,0.0059999750906208705,0.29833333333333345,0.06236974450372354,0.9166666666666666
20,3,50,25.0,12,0.09300571798454704,0.09225988465121375,0.08655824289392618,0.006447475090620874,0.005701641757287541,0.29833333333333345,0.06236974450372354,0.9166666666666666
20,3,50,35.0,12,0.09300571798454704,0.0919615513178804,0.08655824289392618,0.006447475090620874,0.005403308423954204,0.29833333333333345,0.06236974450372354,0.9166666666666666
20,3,100,10.0,12,0.0,0.0,0.08655824289392618,-0.08655824289392618,-0.08655824289392618,0.0,0.06236974450372354,0.0
20,3,100,15.0,12,0.0,0.0,0.08655824289392618,-0.08655824289392618,-0.08655824289392618,0.0,0.06236974450372354,0.0
20,3,100,25.0,12,0.0,0.0,0.08655824289392618,-0.08655824289392618,-0.08655824289392618,0.0,0.06236974450372354,0.0
20,3,100,35.0,12,0.0,0.0,0.08655824289392618,-0.08655824289392618,-0.08655824289392618,0.0,0.06236974450372354,0.0
20,4,10,10.0,12,0.01749779068175737,0.016981124015090703,0.010140544302067655,0.007357246379689712,0.006840579713023046,0.5166666666666666,0.058414018352648936,0.5
20,4,10,15.0,12,0.01749779068175737,0.016722790681757364,0.010140544302067655,0.007357246379689712,0.00658224637968971,0.5166666666666666,0.058414018352648936,0.5
20,4,10,25.0,12,0.01749779068175737,0.0162061240150907,0.010140544302067655,0.007357246379689712,0.006065579713023045,0.5166666666666666,0.058414018352648936,0.5
20,4,10,35.0,12,0.01749779068175737,0.015689457348424033,0.010140544302067655,0.007357246379689712,0.00554891304635638,0.5166666666666666,0.058414018352648936,0.5
20,4,20,10.0,12,0.016280993778962013,0.015755993778962012,0.010140544302067655,0.0061404494768943566,0.005615449476894355,0.5250000000000001,0.058414018352648936,0.5833333333333334
20,4,20,15.0,12,0.016280993778962013,0.015493493778962012,0.010140544302067655,0.0061404494768943566,0.005352949476894357,0.5250000000000001,0.058414018352648936,0.5833333333333334
20,4,20,25.0,12,0.016280993778962013,0.01496849377896201,0.010140544302067655,0.0061404494768943566,0.004827949476894355,0.5250000000000001,0.058414018352648936,0.5833333333333334
20,4,20,35.0,12,0.016280993778962013,0.01444349377896201,0.010140544302067655,0.0061404494768943566,0.004302949476894355,0.5250000000000001,0.058414018352648936,0.5833333333333334
20,4,50,10.0,12,0.012121200410148256,0.01178453374348159,0.010140544302067655,0.0019806561080806012,0.0016439894414139358,0.33666666666666667,0.058414018352648936,0.5833333333333334
20,4,50,15.0,12,0.012121200410148256,0.011616200410148256,0.010140544302067655,0.0019806561080806012,0.0014756561080806,0.33666666666666667,0.058414018352648936,0.5833333333333334
20,4,50,25.0,12,0.012121200410148256,0.01127953374348159,0.010140544302067655,0.0019806561080806012,0.0011389894414139342,0.33666666666666667,0.058414018352648936,0.5833333333333334
20,4,50,35.0,12,0.012121200410148256,0.010942867076814924,0.010140544302067655,0.0019806561080806012,0.0008023227747472684,0.33666666666666667,0.058414018352648936,0.5833333333333334
20,4,100,10.0,12,0.0,0.0,0.010140544302067655,-0.010140544302067655,-0.010140544302067655,0.0,0.058414018352648936,0.0
20,4,100,15.0,12,0.0,0.0,0.010140544302067655,-0.010140544302067655,-0.010140544302067655,0.0,0.058414018352648936,0.0
20,4,100,25.0,12,0.0,0.0,0.010140544302067655,-0.010140544302067655,-0.010140544302067655,0.0,0.058414018352648936,0.0
20,4,100,35.0,12,0.0,0.0,0.010140544302067655,-0.010140544302067655,-0.010140544302067655,0.0,0.058414018352648936,0.0
20,5,10,10.0,12,0.030653766075932034,0.029995432742598697,0.015463815471870465,0.015189950604061567,0.014531617270728233,0.6583333333333333,0.09943992207119591,0.5833333333333334
20,5,10,15.0,12,0.030653766075932034,0.02966626607593204,0.015463815471870465,0.015189950604061567,0.014202450604061568,0.6583333333333333,0.09943992207119591,0.5833333333333334
20,5,10,25.0,12,0.030653766075932034,0.0290079327425987,0.015463815471870465,0.015189950604061567,0.013544117270728233,0.6583333333333333,0.09943992207119591,0.5833333333333334
20,5,10,35.0,12,0.030653766075932034,0.028349599409265364,0.015463815471870465,0.015189950604061567,0.012885783937394901,0.6583333333333333,0.09943992207119591,0.5833333333333334
20,5,20,10.0,12,0.019274187204134662,0.018728353870801327,0.015463815471870465,0.003810371732264196,0.003264538398930862,0.5458333333333334,0.09943992207119591,0.5833333333333334
20,5,20,15.0,12,0.019274187204134662,0.018455437204134662,0.015463815471870465,0.003810371732264196,0.002991621732264195,0.5458333333333334,0.09943992207119591,0.5833333333333334
20,5,20,25.0,12,0.019274187204134662,0.017909603870801327,0.015463815471870465,0.003810371732264196,0.002445788398930861,0.5458333333333334,0.09943992207119591,0.5833333333333334
20,5,20,35.0,12,0.019274187204134662,0.017363770537467994,0.015463815471870465,0.003810371732264196,0.0018999550655975285,0.5458333333333334,0.09943992207119591,0.5833333333333334
20,5,50,10.0,12,0.016276434661338487,0.01594476799467182,0.015463815471870465,0.0008126191894680177,0.00048095252280135016,0.3316666666666667,0.09943992207119591,0.5833333333333334
20,5,50,15.0,12,0.016276434661338487,0.015778934661338482,0.015463815471870465,0.0008126191894680177,0.0003151191894680166,0.3316666666666667,0.09943992207119591,0.5833333333333334
20,5,50,25.0,12,0.016276434661338487,0.015447267994671818,0.015463815471870465,0.0008126191894680177,-1.6547477198649522e-05,0.3316666666666667,0.09943992207119591,0.5833333333333334
20,5,50,35.0,12,0.016276434661338487,0.015115601328005152,0.015463815471870465,0.0008126191894680177,-0.00034821414386531556,0.3316666666666667,0.09943992207119591,0.5833333333333334
20,5,100,10.0,12,0.0,0.0,0.015463815471870465,-0.015463815471870465,-0.015463815471870465,0.0,0.09943992207119591,0.0
20,5,100,15.0,12,0.0,0.0,0.015463815471870465,-0.015463815471870465,-0.015463815471870465,0.0,0.09943992207119591,0.0
20,5,100,25.0,12,0.0,0.0,0.015463815471870465,-0.015463815471870465,-0.015463815471870465,0.0,0.09943992207119591,0.0
20,5,100,35.0,12,0.0,0.0,0.015463815471870465,-0.015463815471870465,-0.015463815471870465,0.0,0.09943992207119591,0.0
20,6,10,10.0,12,-0.0012138236625138,-0.0017804903291804678,-0.0014719931163608632,0.00025816945384706343,-0.00030849721281960354,0.5666666666666668,0.05806820380076513,0.5
20,6,10,15.0,12,-0.0012138236625138,-0.0020638236625138,-0.0014719931163608632,0.00025816945384706343,-0.0005918305461529374,0.5666666666666668,0.05806820380076513,0.5
20,6,10,25.0,12,-0.0012138236625138,-0.002630490329180468,-0.0014719931163608632,0.00025816945384706343,-0.0011584972128196043,0.5666666666666668,0.05806820380076513,0.5
20,6,10,35.0,12,-0.0012138236625138,-0.0031971569958471322,-0.0014719931163608632,0.00025816945384706343,-0.0017251638794862703,0.5666666666666668,0.05806820380076513,0.5
20,6,20,10.0,12,0.0066839443415437115,0.006171444341543711,-0.0014719931163608632,0.008155937457904574,0.007643437457904574,0.5125000000000001,0.05806820380076513,0.5833333333333334
20,6,20,15.0,12,0.0066839443415437115,0.005915194341543711,-0.0014719931163608632,0.008155937457904574,0.007387187457904574,0.5125000000000001,0.05806820380076513,0.5833333333333334
20,6,20,25.0,12,0.0066839443415437115,0.0054026943415437095,-0.0014719931163608632,0.008155937457904574,0.006874687457904573,0.5125000000000001,0.05806820380076513,0.5833333333333334
20,6,20,35.0,12,0.0066839443415437115,0.004890194341543711,-0.0014719931163608632,0.008155937457904574,0.0063621874579045746,0.5125000000000001,0.05806820380076513,0.5
20,6,50,10.0,12,0.002833980592806725,0.0025356472594733896,-0.0014719931163608632,0.004305973709167587,0.004007640375834254,0.2983333333333334,0.05806820380076513,0.5833333333333334
20,6,50,15.0,12,0.002833980592806725,0.0023864805928067233,-0.0014719931163608632,0.004305973709167587,0.0038584737091675865,0.2983333333333334,0.05806820380076513,0.5833333333333334
20,6,50,25.0,12,0.002833980592806725,0.0020881472594733905,-0.0014719931163608632,0.004305973709167587,0.003560140375834254,0.2983333333333334,0.05806820380076513,0.5833333333333334
20,6,50,35.0,12,0.002833980592806725,0.001789813926140058,-0.0014719931163608632,0.004305973709167587,0.003261807042500921,0.2983333333333334,0.05806820380076513,0.5833333333333334
20,6,100,10.0,12,0.0,0.0,-0.0014719931163608632,0.0014719931163608632,0.0014719931163608632,0.0,0.05806820380076513,0.0
20,6,100,15.0,12,0.0,0.0,-0.0014719931163608632,0.0014719931163608632,0.0014719931163608632,0.0,0.05806820380076513,0.0
20,6,100,25.0,12,0.0,0.0,-0.0014719931163608632,0.0014719931163608632,0.0014719931163608632,0.0,0.05806820380076513,0.0
20,6,100,35.0,12,0.0,0.0,-0.0014719931163608632,0.0014719931163608632,0.0014719931163608632,0.0,0.05806820380076513,0.0
20,7,10,10.0,12,0.019548669463523804,0.018948669463523804,0.012104148714525838,0.007444520748997965,0.006844520748997965,0.6000000000000001,0.06397872591058042,0.6666666666666666
20,7,10,15.0,12,0.019548669463523804,0.0186486694635238,0.012104148714525838,0.007444520748997965,0.006544520748997965,0.6000000000000001,0.06397872591058042,0.6666666666666666
20,7,10,25.0,12,0.019548669463523804,0.018048669463523802,0.012104148714525838,0.007444520748997965,0.005944520748997965,0.6000000000000001,0.06397872591058042,0.6666666666666666
20,7,10,35.0,12,0.019548669463523804,0.017448669463523806,0.012104148714525838,0.007444520748997965,0.005344520748997964,0.6000000000000001,0.06397872591058042,0.6666666666666666
20,7,20,10.0,12,0.02327877724505745,0.02275377724505745,0.012104148714525838,0.011174628530531616,0.010649628530531615,0.525,0.06397872591058042,0.8333333333333334
20,7,20,15.0,12,0.02327877724505745,0.02249127724505745,0.012104148714525838,0.011174628530531616,0.010387128530531616,0.525,0.06397872591058042,0.8333333333333334
20,7,20,25.0,12,0.02327877724505745,0.021966277245057453,0.012104148714525838,0.011174628530531616,0.009862128530531615,0.525,0.06397872591058042,0.8333333333333334
20,7,20,35.0,12,0.02327877724505745,0.021441277245057455,0.012104148714525838,0.011174628530531616,0.009337128530531617,0.525,0.06397872591058042,0.8333333333333334
20,7,50,10.0,12,0.014276779155060084,0.014030112488393415,0.012104148714525838,0.0021726304405342445,0.0019259637738675776,0.24666666666666673,0.06397872591058042,0.6666666666666666
20,7,50,15.0,12,0.014276779155060084,0.013906779155060082,0.012104148714525838,0.0021726304405342445,0.0018026304405342447,0.24666666666666673,0.06397872591058042,0.6666666666666666
20,7,50,25.0,12,0.014276779155060084,0.013660112488393413,0.012104148714525838,0.0021726304405342445,0.001555963773867577,0.24666666666666673,0.06397872591058042,0.6666666666666666
20,7,50,35.0,12,0.014276779155060084,0.013413445821726747,0.012104148714525838,0.0021726304405342445,0.0013092971072009105,0.24666666666666673,0.06397872591058042,0.6666666666666666
20,7,100,10.0,12,0.0,0.0,0.012104148714525838,-0.012104148714525838,-0.012104148714525838,0.0,0.06397872591058042,0.0
20,7,100,15.0,12,0.0,0.0,0.012104148714525838,-0.012104148714525838,-0.012104148714525838,0.0,0.06397872591058042,0.0
20,7,100,25.0,12,0.0,0.0,0.012104148714525838,-0.012104148714525838,-0.012104148714525838,0.0,0.06397872591058042,0.0
20,7,100,35.0,12,0.0,0.0,0.012104148714525838,-0.012104148714525838,-0.012104148714525838,0.0,0.06397872591058042,0.0
20,8,10,10.0,12,0.005117016568609453,0.004467016568609455,-0.00446584942515407,0.009582865993763524,0.008932865993763526,0.65,0.04759301635009183,0.6666666666666666
20,8,10,15.0,12,0.005117016568609453,0.004142016568609452,-0.00446584942515407,0.009582865993763524,0.008607865993763524,0.65,0.04759301635009183,0.6666666666666666
20,8,10,25.0,12,0.005117016568609453,0.003492016568609454,-0.00446584942515407,0.009582865993763524,0.007957865993763526,0.65,0.04759301635009183,0.6666666666666666
20,8,10,35.0,12,0.005117016568609453,0.0028420165686094527,-0.00446584942515407,0.009582865993763524,0.007307865993763522,0.65,0.04759301635009183,0.6666666666666666
20,8,20,10.0,12,0.007407178609507591,0.006911345276174257,-0.00446584942515407,0.011873028034661663,0.011377194701328327,0.49583333333333335,0.04759301635009183,0.5833333333333334
20,8,20,15.0,12,0.007407178609507591,0.006663428609507593,-0.00446584942515407,0.011873028034661663,0.011129278034661662,0.49583333333333335,0.04759301635009183,0.5833333333333334
20,8,20,25.0,12,0.007407178609507591,0.006167595276174259,-0.00446584942515407,0.011873028034661663,0.010633444701328333,0.49583333333333335,0.04759301635009183,0.5833333333333334
20,8,20,35.0,12,0.007407178609507591,0.005671761942840927,-0.00446584942515407,0.011873028034661663,0.010137611367994995,0.49583333333333335,0.04759301635009183,0.5833333333333334
20,8,50,10.0,12,0.001887158587089666,0.0015738252537563363,-0.00446584942515407,0.006353008012243738,0.006039674678910406,0.3133333333333333,0.04759301635009183,0.5833333333333334
20,8,50,15.0,12,0.001887158587089666,0.0014171585870896668,-0.00446584942515407,0.006353008012243738,0.00588300801224374,0.3133333333333333,0.04759301635009183,0.5833333333333334
20,8,50,25.0,12,0.001887158587089666,0.0011038252537563346,-0.00446584942515407,0.006353008012243738,0.005569674678910404,0.3133333333333333,0.04759301635009183,0.5833333333333334
20,8,50,35.0,12,0.001887158587089666,0.0007904919204230037,-0.00446584942515407,0.006353008012243738,0.005256341345577074,0.3133333333333333,0.04759301635009183,0.5833333333333334
20,8,100,10.0,12,0.0,0.0,-0.00446584942515407,0.00446584942515407,0.00446584942515407,0.0,0.04759301635009183,0.0
20,8,100,15.0,12,0.0,0.0,-0.00446584942515407,0.00446584942515407,0.00446584942515407,0.0,0.04759301635009183,0.0
20,8,100,25.0,12,0.0,0.0,-0.00446584942515407,0.00446584942515407,0.00446584942515407,0.0,0.04759301635009183,0.0
20,8,100,35.0,12,0.0,0.0,-0.00446584942515407,0.00446584942515407,0.00446584942515407,0.0,0.04759301635009183,0.0
20,9,10,10.0,12,-0.007272034184769213,-0.007897034184769213,0.0014994322174657973,-0.00877146640223501,-0.00939646640223501,0.625,-0.03815976709680766,0.25
20,9,10,15.0,12,-0.007272034184769213,-0.008209534184769213,0.0014994322174657973,-0.00877146640223501,-0.00970896640223501,0.625,-0.03815976709680766,0.25
20,9,10,25.0,12,-0.007272034184769213,-0.008834534184769214,0.0014994322174657973,-0.00877146640223501,-0.010333966402235011,0.625,-0.03815976709680766,0.25
20,9,10,35.0,12,-0.007272034184769213,-0.009459534184769212,0.0014994322174657973,-0.00877146640223501,-0.010958966402235011,0.625,-0.03815976709680766,0.25
20,9,20,10.0,12,-0.0029165164053001342,-0.003508183071966799,0.0014994322174657973,-0.00441594862276593,-0.005007615289432597,0.5916666666666667,-0.03815976709680766,0.5
20,9,20,15.0,12,-0.0029165164053001342,-0.0038040164053001336,0.0014994322174657973,-0.00441594862276593,-0.005303448622765931,0.5916666666666667,-0.03815976709680766,0.5
20,9,20,25.0,12,-0.0029165164053001342,-0.004395683071966802,0.0014994322174657973,-0.00441594862276593,-0.005895115289432598,0.5916666666666667,-0.03815976709680766,0.5
20,9,20,35.0,12,-0.0029165164053001342,-0.00498734973863347,0.0014994322174657973,-0.00441594862276593,-0.006486781956099266,0.5916666666666667,-0.03815976709680766,0.5
20,9,50,10.0,12,-0.0009434187607600715,-0.0012434187607600754,0.0014994322174657973,-0.0024428509782258695,-0.0027428509782258703,0.3,-0.03815976709680766,0.5833333333333334
20,9,50,15.0,12,-0.0009434187607600715,-0.00139341876076007,0.0014994322174657973,-0.0024428509782258695,-0.0028928509782258694,0.3,-0.03815976709680766,0.5833333333333334
20,9,50,25.0,12,-0.0009434187607600715,-0.001693418760760074,0.0014994322174657973,-0.0024428509782258695,-0.003192850978225871,0.3,-0.03815976709680766,0.5833333333333334
20,9,50,35.0,12,-0.0009434187607600715,-0.0019934187607600746,0.0014994322174657973,-0.0024428509782258695,-0.0034928509782258706,0.3,-0.03815976709680766,0.5833333333333334
20,9,100,10.0,12,0.0,0.0,0.0014994322174657973,-0.0014994322174657973,-0.0014994322174657973,0.0,-0.03815976709680766,0.0
20,9,100,15.0,12,0.0,0.0,0.0014994322174657973,-0.0014994322174657973,-0.0014994322174657973,0.0,-0.03815976709680766,0.0
20,9,100,25.0,12,0.0,0.0,0.0014994322174657973,-0.0014994322174657973,-0.0014994322174657973,0.0,-0.03815976709680766,0.0
20,9,100,35.0,12,0.0,0.0,0.0014994322174657973,-0.0014994322174657973,-0.0014994322174657973,0.0,-0.03815976709680766,0.0
20,10,10,10.0,12,0.035386747486787364,0.034828414153454036,0.03398835475239785,0.0013983927343895121,0.0008400594010561794,0.5583333333333335,-0.02389521109543312,0.8333333333333334
20,10,10,15.0,12,0.035386747486787364,0.034549247486787366,0.03398835475239785,0.0013983927343895121,0.0005608927343895102,0.5583333333333335,-0.02389521109543312,0.8333333333333334
20,10,10,25.0,12,0.035386747486787364,0.03399091415345403,0.03398835475239785,0.0013983927343895121,2.55940105617763e-06,0.5583333333333335,-0.02389521109543312,0.8333333333333334
20,10,10,35.0,12,0.035386747486787364,0.033432580820120704,0.03398835475239785,0.0013983927343895121,-0.0005557739322771543,0.5583333333333335,-0.02389521109543312,0.8333333333333334
20,10,20,10.0,12,0.03468549391047357,0.034156327243806885,0.03398835475239785,0.0006971391580757038,0.00016797249140903617,0.5291666666666667,-0.02389521109543312,0.8333333333333334
20,10,20,15.0,12,0.03468549391047357,0.03389174391047356,0.03398835475239785,0.0006971391580757038,-9.661084192429577e-05,0.5291666666666667,-0.02389521109543312,0.8333333333333334
20,10,20,25.0,12,0.03468549391047357,0.03336257724380689,0.03398835475239785,0.0006971391580757038,-0.0006257775085909637,0.5291666666666667,-0.02389521109543312,0.8333333333333334
20,10,20,35.0,12,0.03468549391047357,0.032833410577140225,0.03398835475239785,0.0006971391580757038,-0.0011549441752576296,0.5291666666666667,-0.02389521109543312,0.8333333333333334
20,10,50,10.0,12,0.028219681122837927,0.027889681122837923,0.03398835475239785,-0.00576867362955993,-0.006098673629559931,0.33,-0.02389521109543312,0.8333333333333334
20,10,50,15.0,12,0.028219681122837927,0.02772468112283792,0.03398835475239785,-0.00576867362955993,-0.006263673629559929,0.33,-0.02389521109543312,0.8333333333333334
20,10,50,25.0,12,0.028219681122837927,0.027394681122837924,0.03398835475239785,-0.00576867362955993,-0.006593673629559929,0.33,-0.02389521109543312,0.8333333333333334
20,10,50,35.0,12,0.028219681122837927,0.027064681122837924,0.03398835475239785,-0.00576867362955993,-0.00692367362955993,0.33,-0.02389521109543312,0.75
20,10,100,10.0,12,0.0,0.0,0.03398835475239785,-0.03398835475239785,-0.03398835475239785,0.0,-0.02389521109543312,0.0
20,10,100,15.0,12,0.0,0.0,0.03398835475239785,-0.03398835475239785,-0.03398835475239785,0.0,-0.02389521109543312,0.0
20,10,100,25.0,12,0.0,0.0,0.03398835475239785,-0.03398835475239785,-0.03398835475239785,0.0,-0.02389521109543312,0.0
20,10,100,35.0,12,0.0,0.0,0.03398835475239785,-0.03398835475239785,-0.03398835475239785,0.0,-0.02389521109543312,0.0
