horizon_bars,fold_id,top_n,cost_bps,n_rebalances,gross_expectancy,net_expectancy,benchmark_expectancy,alpha_gross,alpha_net,mean_turnover,ic,hit_rate
1,0,10,10.0,21,0.0003569055473081701,-0.0003145230241204013,-0.0013781876649502315,0.0017350932122584017,0.0010636646408298306,0.6714285714285714,0.004328848680397414,0.42857142857142855
1,0,10,15.0,21,0.0003569055473081701,-0.0006502373098346871,-0.0013781876649502315,0.0017350932122584017,0.0007279503551155446,0.6714285714285714,0.004328848680397414,0.42857142857142855
1,0,10,25.0,21,0.0003569055473081701,-0.0013216658812632584,-0.0013781876649502315,0.0017350932122584017,5.6521783686973426e-05,0.6714285714285714,0.004328848680397414,0.42857142857142855
1,0,10,35.0,21,0.0003569055473081701,-0.00199309445269183,-0.0013781876649502315,0.0017350932122584017,-0.0006149067877415985,0.6714285714285714,0.004328848680397414,0.42857142857142855
1,0,20,10.0,21,-0.0001230648910978367,-0.0007302077482406941,-0.0013781876649502315,0.001255122773852395,0.0006479799167095375,0.6071428571428572,0.004328848680397414,0.5238095238095238
1,0,20,15.0,21,-0.0001230648910978367,-0.0010337791768121227,-0.0013781876649502315,0.001255122773852395,0.0003444084881381089,0.6071428571428572,0.004328848680397414,0.47619047619047616
1,0,20,25.0,21,-0.0001230648910978367,-0.0016409220339549796,-0.0013781876649502315,0.001255122773852395,-0.0002627343690047481,0.6071428571428572,0.004328848680397414,0.38095238095238093
1,0,20,35.0,21,-0.0001230648910978367,-0.0022480648910978367,-0.0013781876649502315,0.001255122773852395,-0.0008698772261476053,0.6071428571428572,0.004328848680397414,0.2857142857142857
1,0,50,10.0,21,-0.0016016045795851999,-0.0019216045795851996,-0.0013781876649502315,-0.00022341691463496801,-0.0005434169146349683,0.32000000000000006,0.004328848680397414,0.2857142857142857
1,0,50,15.0,21,-0.0016016045795851999,-0.0020816045795851996,-0.0013781876649502315,-0.00022341691463496801,-0.000703416914634968,0.32000000000000006,0.004328848680397414,0.2857142857142857
1,0,50,25.0,21,-0.0016016045795851999,-0.0024016045795851996,-0.0013781876649502315,-0.00022341691463496801,-0.001023416914634968,0.32000000000000006,0.004328848680397414,0.2857142857142857
1,0,50,35.0,21,-0.0016016045795851999,-0.0027216045795852004,-0.0013781876649502315,-0.00022341691463496801,-0.001343416914634968,0.32000000000000006,0.004328848680397414,0.23809523809523808
1,0,100,10.0,21,0.0,0.0,-0.0013781876649502315,0.0013781876649502315,0.0013781876649502315,0.0,0.004328848680397414,0.0
1,0,100,15.0,21,0.0,0.0,-0.0013781876649502315,0.0013781876649502315,0.0013781876649502315,0.0,0.004328848680397414,0.0
1,0,100,25.0,21,0.0,0.0,-0.0013781876649502315,0.0013781876649502315,0.0013781876649502315,0.0,0.004328848680397414,0.0
1,0,100,35.0,21,0.0,0.0,-0.0013781876649502315,0.0013781876649502315,0.0013781876649502315,0.0,0.004328848680397414,0.0
1,1,10,10.0,21,0.004583178444399806,0.003930797492018853,0.003920509520230675,0.0006626689241691311,1.0287971788178724e-05,0.6523809523809524,0.01376471810617693,0.6666666666666666
1,1,10,15.0,21,0.004583178444399806,0.0036046070158283782,0.003920509520230675,0.0006626689241691311,-0.0003159025044022974,0.6523809523809524,0.01376471810617693,0.6666666666666666
1,1,10,25.0,21,0.004583178444399806,0.0029522260634474253,0.003920509520230675,0.0006626689241691311,-0.0009682834567832498,0.6523809523809524,0.01376471810617693,0.6666666666666666
1,1,10,35.0,21,0.004583178444399806,0.002299845111066473,0.003920509520230675,0.0006626689241691311,-0.0016206644091642027,0.6523809523809524,0.01376471810617693,0.6666666666666666
1,1,20,10.0,21,0.0047545648439285566,0.004233136272499985,0.003920509520230675,0.0008340553236978807,0.00031262675226930895,0.5214285714285714,0.01376471810617693,0.7142857142857143
1,1,20,15.0,21,0.0047545648439285566,0.003972421986785699,0.003920509520230675,0.0008340553236978807,5.191246655502331e-05,0.5214285714285714,0.01376471810617693,0.7142857142857143
1,1,20,25.0,21,0.0047545648439285566,0.003450993415357128,0.003920509520230675,0.0008340553236978807,-0.000469516104873548,0.5214285714285714,0.01376471810617693,0.7142857142857143
1,1,20,35.0,21,0.0047545648439285566,0.0029295648439285555,0.003920509520230675,0.0008340553236978807,-0.0009909446763021197,0.5214285714285714,0.01376471810617693,0.7142857142857143
1,1,50,10.0,21,0.004100545549942113,0.0037919741213706857,0.003920509520230675,0.00018003602971143832,-0.00012853539885999033,0.3085714285714286,0.01376471810617693,0.8095238095238095
1,1,50,15.0,21,0.004100545549942113,0.003637688407084971,0.003920509520230675,0.00018003602971143832,-0.0002828211131457046,0.3085714285714286,0.01376471810617693,0.7619047619047619
1,1,50,25.0,21,0.004100545549942113,0.0033291169785135423,0.003920509520230675,0.00018003602971143832,-0.0005913925417171332,0.3085714285714286,0.01376471810617693,0.7142857142857143
1,1,50,35.0,21,0.004100545549942113,0.003020545549942114,0.003920509520230675,0.00018003602971143832,-0.0008999639702885618,0.3085714285714286,0.01376471810617693,0.7142857142857143
1,1,100,10.0,21,0.0,0.0,0.003920509520230675,-0.003920509520230675,-0.003920509520230675,0.0,0.01376471810617693,0.0
1,1,100,15.0,21,0.0,0.0,0.003920509520230675,-0.003920509520230675,-0.003920509520230675,0.0,0.01376471810617693,0.0
1,1,100,25.0,21,0.0,0.0,0.003920509520230675,-0.003920509520230675,-0.003920509520230675,0.0,0.01376471810617693,0.0
1,1,100,35.0,21,0.0,0.0,0.003920509520230675,-0.003920509520230675,-0.003920509520230675,0.0,0.01376471810617693,0.0
1,2,10,10.0,21,0.0009019178709693483,0.00023525120430268202,-0.002491706331460103,0.003393624202429452,0.0027269575357627856,0.6666666666666667,0.051337260035743425,0.6190476190476191
1,2,10,15.0,21,0.0009019178709693483,-9.808212903065149e-05,-0.002491706331460103,0.003393624202429452,0.0023936242024294517,0.6666666666666667,0.051337260035743425,0.6190476190476191
1,2,10,25.0,21,0.0009019178709693483,-0.000764748795697319,-0.002491706331460103,0.003393624202429452,0.0017269575357627845,0.6666666666666667,0.051337260035743425,0.6190476190476191
1,2,10,35.0,21,0.0009019178709693483,-0.001431415462363985,-0.002491706331460103,0.003393624202429452,0.001060290869096118,0.6666666666666667,0.051337260035743425,0.5714285714285714
1,2,20,10.0,21,-0.001812746375800456,-0.0023936987567528367,-0.002491706331460103,0.0006789599556596475,9.800757470726652e-05,0.580952380952381,0.051337260035743425,0.47619047619047616
1,2,20,15.0,21,-0.001812746375800456,-0.002684174947229027,-0.002491706331460103,0.0006789599556596475,-0.0001924686157689238,0.580952380952381,0.051337260035743425,0.47619047619047616
1,2,20,25.0,21,-0.001812746375800456,-0.003265127328181408,-0.002491706331460103,0.0006789599556596475,-0.0007734209967213052,0.580952380952381,0.051337260035743425,0.47619047619047616
1,2,20,35.0,21,-0.001812746375800456,-0.0038460797091337895,-0.002491706331460103,0.0006789599556596475,-0.001354373377673686,0.580952380952381,0.051337260035743425,0.47619047619047616
1,2,50,10.0,21,-0.0019306523637232452,-0.002284938078008959,-0.002491706331460103,0.0005610539677368581,0.0002067682534511439,0.35428571428571437,0.051337260035743425,0.47619047619047616
1,2,50,15.0,21,-0.0019306523637232452,-0.0024620809351518164,-0.002491706331460103,0.0005610539677368581,2.9625396308286754e-05,0.35428571428571437,0.051337260035743425,0.47619047619047616
1,2,50,25.0,21,-0.0019306523637232452,-0.0028163666494375305,-0.002491706331460103,0.0005610539677368581,-0.00032466031797742743,0.35428571428571437,0.051337260035743425,0.47619047619047616
1,2,50,35.0,21,-0.0019306523637232452,-0.0031706523637232446,-0.002491706331460103,0.0005610539677368581,-0.0006789460322631417,0.35428571428571437,0.051337260035743425,0.47619047619047616
1,2,100,10.0,21,0.0,0.0,-0.002491706331460103,0.002491706331460103,0.002491706331460103,0.0,0.051337260035743425,0.0
1,2,100,15.0,21,0.0,0.0,-0.002491706331460103,0.002491706331460103,0.002491706331460103,0.0,0.051337260035743425,0.0
1,2,100,25.0,21,0.0,0.0,-0.002491706331460103,0.002491706331460103,0.002491706331460103,0.0,0.051337260035743425,0.0
1,2,100,35.0,21,0.0,0.0,-0.002491706331460103,0.002491706331460103,0.002491706331460103,0.0,0.051337260035743425,0.0
1,3,10,10.0,21,0.004385413579892056,0.0037473183417968173,0.0033605453457052274,0.0010248682341868283,0.0003867729960915906,0.638095238095238,-0.006097090256543188,0.6666666666666666
1,3,10,15.0,21,0.004385413579892056,0.0034282707227491984,0.0033605453457052274,0.0010248682341868283,6.772537704397107e-05,0.638095238095238,-0.006097090256543188,0.6666666666666666
1,3,10,25.0,21,0.004385413579892056,0.0027901754846539604,0.0033605453457052274,0.0010248682341868283,-0.0005703698610512668,0.638095238095238,-0.006097090256543188,0.6666666666666666
1,3,10,35.0,21,0.004385413579892056,0.0021520802465587216,0.0033605453457052274,0.0010248682341868283,-0.0012084650991465054,0.638095238095238,-0.006097090256543188,0.6666666666666666
1,3,20,10.0,21,0.004235545277566878,0.0036522119442335436,0.0033605453457052274,0.0008749999318616505,0.0002916665985283171,0.5833333333333334,-0.006097090256543188,0.6666666666666666
1,3,20,15.0,21,0.004235545277566878,0.0033605452775668774,0.0033605453457052274,0.0008749999318616505,-6.813834956334586e-11,0.5833333333333334,-0.006097090256543188,0.6666666666666666
1,3,20,25.0,21,0.004235545277566878,0.002777211944233544,0.0033605453457052274,0.0008749999318616505,-0.0005833334014716827,0.5833333333333334,-0.006097090256543188,0.6190476190476191
1,3,20,35.0,21,0.004235545277566878,0.002193878610900211,0.0033605453457052274,0.0008749999318616505,-0.0011666667348050163,0.5833333333333334,-0.006097090256543188,0.6190476190476191
1,3,50,10.0,21,0.0028492614479780918,0.002500690019406663,0.0033605453457052274,-0.0005112838977271354,-0.0008598553262985642,0.3485714285714286,-0.006097090256543188,0.5238095238095238
1,3,50,15.0,21,0.0028492614479780918,0.0023264043051209487,0.0033605453457052274,-0.0005112838977271354,-0.0010341410405842783,0.3485714285714286,-0.006097090256543188,0.5238095238095238
1,3,50,25.0,21,0.0028492614479780918,0.00197783287654952,0.0033605453457052274,-0.0005112838977271354,-0.0013827124691557068,0.3485714285714286,-0.006097090256543188,0.5238095238095238
1,3,50,35.0,21,0.0028492614479780918,0.0016292614479780914,0.0033605453457052274,-0.0005112838977271354,-0.0017312838977271354,0.3485714285714286,-0.006097090256543188,0.5238095238095238
1,3,100,10.0,21,0.0,0.0,0.0033605453457052274,-0.0033605453457052274,-0.0033605453457052274,0.0,-0.006097090256543188,0.0
1,3,100,15.0,21,0.0,0.0,0.0033605453457052274,-0.0033605453457052274,-0.0033605453457052274,0.0,-0.006097090256543188,0.0
1,3,100,25.0,21,0.0,0.0,0.0033605453457052274,-0.0033605453457052274,-0.0033605453457052274,0.0,-0.006097090256543188,0.0
1,3,100,35.0,21,0.0,0.0,0.0033605453457052274,-0.0033605453457052274,-0.0033605453457052274,0.0,-0.006097090256543188,0.0
1,4,10,10.0,21,0.0027874745994908795,0.0020969984090146885,0.002364275608508297,0.0004231989909825821,-0.00026727719949360865,0.6904761904761906,0.012172749480593948,0.3333333333333333
1,4,10,15.0,21,0.0027874745994908795,0.0017517603137765937,0.002364275608508297,0.0004231989909825821,-0.0006125152947317038,0.6904761904761906,0.012172749480593948,0.3333333333333333
1,4,10,25.0,21,0.0027874745994908795,0.0010612841233004029,0.002364275608508297,0.0004231989909825821,-0.0013029914852078944,0.6904761904761906,0.012172749480593948,0.3333333333333333
1,4,10,35.0,21,0.0027874745994908795,0.00037080793282421215,0.002364275608508297,0.0004231989909825821,-0.0019934676756840847,0.6904761904761906,0.012172749480593948,0.3333333333333333
1,4,20,10.0,21,0.0026217339350207984,0.0020907815540684173,0.002364275608508297,0.00025745832651250086,-0.0002734940544398802,0.5309523809523812,0.012172749480593948,0.6190476190476191
1,4,20,15.0,21,0.0026217339350207984,0.0018253053635922264,0.002364275608508297,0.00025745832651250086,-0.0005389702449160707,0.5309523809523812,0.012172749480593948,0.5714285714285714
1,4,20,25.0,21,0.0026217339350207984,0.0012943529826398457,0.002364275608508297,0.00025745832651250086,-0.0010699226258684517,0.5309523809523812,0.012172749480593948,0.42857142857142855
1,4,20,35.0,21,0.0026217339350207984,0.0007634006016874643,0.002364275608508297,0.00025745832651250086,-0.0016008750068208328,0.5309523809523812,0.012172749480593948,0.42857142857142855
1,4,50,10.0,21,0.0026887983672647365,0.0023973697958361647,0.002364275608508297,0.0003245227587564389,3.3094187327867416e-05,0.2914285714285714,0.012172749480593948,0.7142857142857143
1,4,50,15.0,21,0.0026887983672647365,0.0022516555101218796,0.002364275608508297,0.0003245227587564389,-0.0001126200983864183,0.2914285714285714,0.012172749480593948,0.7142857142857143
1,4,50,25.0,21,0.0026887983672647365,0.0019602269386933074,0.002364275608508297,0.0003245227587564389,-0.0004040486698149899,0.2914285714285714,0.012172749480593948,0.7142857142857143
1,4,50,35.0,21,0.0026887983672647365,0.001668798367264736,0.002364275608508297,0.0003245227587564389,-0.0006954772412435613,0.2914285714285714,0.012172749480593948,0.6666666666666666
1,4,100,10.0,21,0.0,0.0,0.002364275608508297,-0.002364275608508297,-0.002364275608508297,0.0,0.012172749480593948,0.0
1,4,100,15.0,21,0.0,0.0,0.002364275608508297,-0.002364275608508297,-0.002364275608508297,0.0,0.012172749480593948,0.0
1,4,100,25.0,21,0.0,0.0,0.002364275608508297,-0.002364275608508297,-0.002364275608508297,0.0,0.012172749480593948,0.0
1,4,100,35.0,21,0.0,0.0,0.002364275608508297,-0.002364275608508297,-0.002364275608508297,0.0,0.012172749480593948,0.0
1,5,10,10.0,21,0.0009734000713828928,0.0003210191190019399,0.0009334441824581292,3.9955888924763496e-05,-0.0006124250634561892,0.6523809523809525,0.018475615277184672,0.47619047619047616
1,5,10,15.0,21,0.0009734000713828928,-5.171357188536081e-06,0.0009334441824581292,3.9955888924763496e-05,-0.0009386155396466654,0.6523809523809525,0.018475615277184672,0.47619047619047616
1,5,10,25.0,21,0.0009734000713828928,-0.0006575523095694888,0.0009334441824581292,3.9955888924763496e-05,-0.0015909964920276178,0.6523809523809525,0.018475615277184672,0.47619047619047616
1,5,10,35.0,21,0.0009734000713828928,-0.0013099332619504413,0.0009334441824581292,3.9955888924763496e-05,-0.0022433774444085702,0.6523809523809525,0.018475615277184672,0.42857142857142855
1,5,20,10.0,21,0.0010871939777149983,0.0005062415967626177,0.0009334441824581292,0.00015374979525686967,-0.00042720258569551147,0.5809523809523809,0.018475615277184672,0.47619047619047616
1,5,20,15.0,21,0.0010871939777149983,0.00021576540628642744,0.0009334441824581292,0.00015374979525686967,-0.0007176787761717018,0.5809523809523809,0.018475615277184672,0.47619047619047616
1,5,20,25.0,21,0.0010871939777149983,-0.0003651869746659535,0.0009334441824581292,0.00015374979525686967,-0.001298631157124083,0.5809523809523809,0.018475615277184672,0.47619047619047616
1,5,20,35.0,21,0.0010871939777149983,-0.0009461393556183349,0.0009334441824581292,0.00015374979525686967,-0.0018795835380764638,0.5809523809523809,0.018475615277184672,0.47619047619047616
1,5,50,10.0,21,0.0010102770244686111,0.0006693246435162303,0.0009334441824581292,7.68328420104819e-05,-0.00026411953894189913,0.34095238095238095,0.018475615277184672,0.6190476190476191
1,5,50,15.0,21,0.0010102770244686111,0.0004988484530400396,0.0009334441824581292,7.68328420104819e-05,-0.0004345957294180897,0.34095238095238095,0.018475615277184672,0.6190476190476191
1,5,50,25.0,21,0.0010102770244686111,0.0001578960720876586,0.0009334441824581292,7.68328420104819e-05,-0.0007755481103704706,0.34095238095238095,0.018475615277184672,0.5238095238095238
1,5,50,35.0,21,0.0010102770244686111,-0.0001830563088647225,0.0009334441824581292,7.68328420104819e-05,-0.0011165004913228516,0.34095238095238095,0.018475615277184672,0.5238095238095238
1,5,100,10.0,21,0.0,0.0,0.0009334441824581292,-0.0009334441824581292,-0.0009334441824581292,0.0,0.018475615277184672,0.0
1,5,100,15.0,21,0.0,0.0,0.0009334441824581292,-0.0009334441824581292,-0.0009334441824581292,0.0,0.018475615277184672,0.0
1,5,100,25.0,21,0.0,0.0,0.0009334441824581292,-0.0009334441824581292,-0.0009334441824581292,0.0,0.018475615277184672,0.0
1,5,100,35.0,21,0.0,0.0,0.0009334441824581292,-0.0009334441824581292,-0.0009334441824581292,0.0,0.018475615277184672,0.0
1,6,10,10.0,21,0.0018950496424339149,0.0012569544043386767,0.0006186408491281597,0.001276408793305755,0.0006383135552105167,0.638095238095238,0.02135291079870131,0.5714285714285714
1,6,10,15.0,21,0.0018950496424339149,0.0009379067852910573,0.0006186408491281597,0.001276408793305755,0.0003192659361628975,0.638095238095238,0.02135291079870131,0.5714285714285714
1,6,10,25.0,21,0.0018950496424339149,0.00029981154719581896,0.0006186408491281597,0.001276408793305755,-0.0003188293019323405,0.638095238095238,0.02135291079870131,0.5714285714285714
1,6,10,35.0,21,0.0018950496424339149,-0.000338283690899419,0.0006186408491281597,0.001276408793305755,-0.0009569245400275787,0.638095238095238,0.02135291079870131,0.5714285714285714
1,6,20,10.0,21,0.00017351408362014926,-0.0004002954401893746,0.0006186408491281597,-0.0004451267655080104,-0.0010189362893175344,0.5738095238095239,0.02135291079870131,0.5714285714285714
1,6,20,15.0,21,0.00017351408362014926,-0.0006872002020941364,0.0006186408491281597,-0.0004451267655080104,-0.0013058410512222962,0.5738095238095239,0.02135291079870131,0.5714285714285714
1,6,20,25.0,21,0.00017351408362014926,-0.00126100972590366,0.0006186408491281597,-0.0004451267655080104,-0.0018796505750318204,0.5738095238095239,0.02135291079870131,0.5714285714285714
1,6,20,35.0,21,0.00017351408362014926,-0.001834819249713184,0.0006186408491281597,-0.0004451267655080104,-0.0024534600988413433,0.5738095238095239,0.02135291079870131,0.5714285714285714
1,6,50,10.0,21,0.001582691255914008,0.0012131674463901985,0.0006186408491281597,0.0009640504067858482,0.0005945265972620386,0.36952380952380953,0.02135291079870131,0.5238095238095238
1,6,50,15.0,21,0.001582691255914008,0.0010284055416282935,0.0006186408491281597,0.0009640504067858482,0.0004097646925001339,0.36952380952380953,0.02135291079870131,0.5238095238095238
1,6,50,25.0,21,0.001582691255914008,0.0006588817321044842,0.0006186408491281597,0.0009640504067858482,4.0240882976324294e-05,0.36952380952380953,0.02135291079870131,0.5238095238095238
1,6,50,35.0,21,0.001582691255914008,0.0002893579225806745,0.0006186408491281597,0.0009640504067858482,-0.00032928292654748524,0.36952380952380953,0.02135291079870131,0.5238095238095238
1,6,100,10.0,21,0.0,0.0,0.0006186408491281597,-0.0006186408491281597,-0.0006186408491281597,0.0,0.02135291079870131,0.0
1,6,100,15.0,21,0.0,0.0,0.0006186408491281597,-0.0006186408491281597,-0.0006186408491281597,0.0,0.02135291079870131,0.0
1,6,100,25.0,21,0.0,0.0,0.0006186408491281597,-0.0006186408491281597,-0.0006186408491281597,0.0,0.02135291079870131,0.0
1,6,100,35.0,21,0.0,0.0,0.0006186408491281597,-0.0006186408491281597,-0.0006186408491281597,0.0,0.02135291079870131,0.0
1,7,10,10.0,21,0.008913138494862506,0.008189328971052984,0.006843516873911472,0.0020696216209510347,0.0013458120971415102,0.7238095238095239,-0.012017944278275234,0.9047619047619048
1,7,10,15.0,21,0.008913138494862506,0.00782742420914822,0.006843516873911472,0.0020696216209510347,0.0009839073352367483,0.7238095238095239,-0.012017944278275234,0.9047619047619048
1,7,10,25.0,21,0.008913138494862506,0.0071036146853386975,0.006843516873911472,0.0020696216209510347,0.0002600978114272248,0.7238095238095239,-0.012017944278275234,0.9047619047619048
1,7,10,35.0,21,0.008913138494862506,0.006379805161529174,0.006843516873911472,0.0020696216209510347,-0.0004637117123822992,0.7238095238095239,-0.012017944278275234,0.8571428571428571
1,7,20,10.0,21,0.008401592621586875,0.00778730690730116,0.006843516873911472,0.001558075747675403,0.0009437900333896881,0.6142857142857144,-0.012017944278275234,0.9047619047619048
1,7,20,15.0,21,0.008401592621586875,0.007480164050158304,0.006843516873911472,0.001558075747675403,0.0006366471762468314,0.6142857142857144,-0.012017944278275234,0.9047619047619048
1,7,20,25.0,21,0.008401592621586875,0.00686587833587259,0.006843516873911472,0.001558075747675403,2.2361461961117104e-05,0.6142857142857144,-0.012017944278275234,0.9047619047619048
1,7,20,35.0,21,0.008401592621586875,0.006251592621586875,0.006843516873911472,0.001558075747675403,-0.0005919242523245976,0.6142857142857144,-0.012017944278275234,0.9047619047619048
1,7,50,10.0,21,0.0062459257795240315,0.005879259112857364,0.006843516873911472,-0.0005975910943874418,-0.0009642577610541088,0.3666666666666667,-0.012017944278275234,0.9047619047619048
1,7,50,15.0,21,0.0062459257795240315,0.0056959257795240305,0.006843516873911472,-0.0005975910943874418,-0.0011475910943874418,0.3666666666666667,-0.012017944278275234,0.9047619047619048
1,7,50,25.0,21,0.0062459257795240315,0.0053292591128573635,0.006843516873911472,-0.0005975910943874418,-0.0015142577610541086,0.3666666666666667,-0.012017944278275234,0.9047619047619048
1,7,50,35.0,21,0.0062459257795240315,0.004962592446190697,0.006843516873911472,-0.0005975910943874418,-0.0018809244277207756,0.3666666666666667,-0.012017944278275234,0.9047619047619048
1,7,100,10.0,21,0.0,0.0,0.006843516873911472,-0.006843516873911472,-0.006843516873911472,0.0,-0.012017944278275234,0.0
1,7,100,15.0,21,0.0,0.0,0.006843516873911472,-0.006843516873911472,-0.006843516873911472,0.0,-0.012017944278275234,0.0
1,7,100,25.0,21,0.0,0.0,0.006843516873911472,-0.006843516873911472,-0.006843516873911472,0.0,-0.012017944278275234,0.0
1,7,100,35.0,21,0.0,0.0,0.006843516873911472,-0.006843516873911472,-0.006843516873911472,0.0,-0.012017944278275234,0.0
1,8,10,10.0,21,-0.00032560209210674273,-0.0009779830444876954,0.0009666274843254812,-0.001292229576432224,-0.0019446105288131762,0.6523809523809524,0.013008685111601465,0.5238095238095238
1,8,10,15.0,21,-0.00032560209210674273,-0.0013041735206781712,0.0009666274843254812,-0.001292229576432224,-0.0022708010050036522,0.6523809523809524,0.013008685111601465,0.47619047619047616
1,8,10,25.0,21,-0.00032560209210674273,-0.001956554473059124,0.0009666274843254812,-0.001292229576432224,-0.002923181957384605,0.6523809523809524,0.013008685111601465,0.47619047619047616
1,8,10,35.0,21,-0.00032560209210674273,-0.0026089354254400766,0.0009666274843254812,-0.001292229576432224,-0.0035755629097655576,0.6523809523809524,0.013008685111601465,0.47619047619047616
1,8,20,10.0,21,-0.00021371074327931135,-0.0007875202670888352,0.0009666274843254812,-0.0011803382276047926,-0.0017541477514143161,0.5738095238095239,0.013008685111601465,0.38095238095238093
1,8,20,15.0,21,-0.00021371074327931135,-0.0010744250289935972,0.0009666274843254812,-0.0011803382276047926,-0.002041052513319078,0.5738095238095239,0.013008685111601465,0.38095238095238093
1,8,20,25.0,21,-0.00021371074327931135,-0.0016482345528031211,0.0009666274843254812,-0.0011803382276047926,-0.0026148620371286018,0.5738095238095239,0.013008685111601465,0.38095238095238093
1,8,20,35.0,21,-0.00021371074327931135,-0.002222044076612645,0.0009666274843254812,-0.0011803382276047926,-0.003188671560938126,0.5738095238095239,0.013008685111601465,0.38095238095238093
1,8,50,10.0,21,0.0009846078673179197,0.0006074650101750625,0.0009666274843254812,1.7980382992438627e-05,-0.00035916247415041853,0.37714285714285717,0.013008685111601465,0.6190476190476191
1,8,50,15.0,21,0.0009846078673179197,0.0004188935816036337,0.0009666274843254812,1.7980382992438627e-05,-0.0005477339027218474,0.37714285714285717,0.013008685111601465,0.6190476190476191
1,8,50,25.0,21,0.0009846078673179197,4.1750724460776686e-05,0.0009666274843254812,1.7980382992438627e-05,-0.0009248767598647045,0.37714285714285717,0.013008685111601465,0.5714285714285714
1,8,50,35.0,21,0.0009846078673179197,-0.0003353921326820806,0.0009666274843254812,1.7980382992438627e-05,-0.0013020196170075615,0.37714285714285717,0.013008685111601465,0.5238095238095238
1,8,100,10.0,21,0.0,0.0,0.0009666274843254812,-0.0009666274843254812,-0.0009666274843254812,0.0,0.013008685111601465,0.0
1,8,100,15.0,21,0.0,0.0,0.0009666274843254812,-0.0009666274843254812,-0.0009666274843254812,0.0,0.013008685111601465,0.0
1,8,100,25.0,21,0.0,0.0,0.0009666274843254812,-0.0009666274843254812,-0.0009666274843254812,0.0,0.013008685111601465,0.0
1,8,100,35.0,21,0.0,0.0,0.0009666274843254812,-0.0009666274843254812,-0.0009666274843254812,0.0,0.013008685111601465,0.0
1,9,10,10.0,21,-0.0004909202293695845,-0.0011671107055600612,-0.00124542290349372,0.0007545026741241358,7.831219793365924e-05,0.6761904761904762,0.04671731809505393,0.47619047619047616
1,9,10,15.0,21,-0.0004909202293695845,-0.0015052059436552986,-0.00124542290349372,0.0007545026741241358,-0.0002597830401615788,0.6761904761904762,0.04671731809505393,0.47619047619047616
1,9,10,25.0,21,-0.0004909202293695845,-0.0021813964198457757,-0.00124542290349372,0.0007545026741241358,-0.0009359735163520552,0.6761904761904762,0.04671731809505393,0.47619047619047616
1,9,10,35.0,21,-0.0004909202293695845,-0.0028575868960362513,-0.00124542290349372,0.0007545026741241358,-0.0016121639925425315,0.6761904761904762,0.04671731809505393,0.42857142857142855
1,9,20,10.0,21,0.00045549042388229403,-0.00013022386183199182,-0.00124542290349372,0.0017009133273760142,0.001115199041661728,0.5857142857142856,0.04671731809505393,0.47619047619047616
1,9,20,15.0,21,0.00045549042388229403,-0.00042308100468913456,-0.00124542290349372,0.0017009133273760142,0.0008223418988045855,0.5857142857142856,0.04671731809505393,0.47619047619047616
1,9,20,25.0,21,0.00045549042388229403,-0.0010087952904034203,-0.00124542290349372,0.0017009133273760142,0.00023662761309029942,0.5857142857142856,0.04671731809505393,0.3333333333333333
1,9,20,35.0,21,0.00045549042388229403,-0.001594509576117706,-0.00124542290349372,0.0017009133273760142,-0.0003490866726239862,0.5857142857142856,0.04671731809505393,0.3333333333333333
1,9,50,10.0,21,-0.000753501282843048,-0.0011668346161763812,-0.00124542290349372,0.0004919216206506721,7.858828731733888e-05,0.41333333333333333,0.04671731809505393,0.42857142857142855
1,9,50,15.0,21,-0.000753501282843048,-0.0013735012828430477,-0.00124542290349372,0.0004919216206506721,-0.00012807837934932789,0.41333333333333333,0.04671731809505393,0.42857142857142855
1,9,50,25.0,21,-0.000753501282843048,-0.0017868346161763811,-0.00124542290349372,0.0004919216206506721,-0.0005414117126826614,0.41333333333333333,0.04671731809505393,0.42857142857142855
1,9,50,35.0,21,-0.000753501282843048,-0.0022001679495097146,-0.00124542290349372,0.0004919216206506721,-0.0009547450460159946,0.41333333333333333,0.04671731809505393,0.42857142857142855
1,9,100,10.0,21,0.0,0.0,-0.00124542290349372,0.00124542290349372,0.00124542290349372,0.0,0.04671731809505393,0.0
1,9,100,15.0,21,0.0,0.0,-0.00124542290349372,0.00124542290349372,0.00124542290349372,0.0,0.04671731809505393,0.0
1,9,100,25.0,21,0.0,0.0,-0.00124542290349372,0.00124542290349372,0.00124542290349372,0.0,0.04671731809505393,0.0
1,9,100,35.0,21,0.0,0.0,-0.00124542290349372,0.00124542290349372,0.00124542290349372,0.0,0.04671731809505393,0.0
1,10,10,10.0,21,0.00041956992383284937,-0.0002232872190242934,7.892667081912297e-05,0.0003406432530137266,-0.00030221388984341636,0.6428571428571429,0.02740477934173745,0.6666666666666666
1,10,10,15.0,21,0.00041956992383284937,-0.0005447157904528656,7.892667081912297e-05,0.0003406432530137266,-0.0006236424612719884,0.6428571428571429,0.02740477934173745,0.6190476190476191
1,10,10,25.0,21,0.00041956992383284937,-0.001187572933310008,7.892667081912297e-05,0.0003406432530137266,-0.0012664996041291312,0.6428571428571429,0.02740477934173745,0.6190476190476191
1,10,10,35.0,21,0.00041956992383284937,-0.001830430076167151,7.892667081912297e-05,0.0003406432530137266,-0.0019093567469862741,0.6428571428571429,0.02740477934173745,0.5714285714285714
1,10,20,10.0,21,0.00033503519358332246,-0.00022686956832143965,7.892667081912297e-05,0.00025610852276419956,-0.0003057962391405624,0.5619047619047619,0.02740477934173745,0.6190476190476191
1,10,20,15.0,21,0.00033503519358332246,-0.00050782194927382,7.892667081912297e-05,0.00025610852276419956,-0.0005867486200929432,0.5619047619047619,0.02740477934173745,0.6190476190476191
1,10,20,25.0,21,0.00033503519358332246,-0.0010697267111785824,7.892667081912297e-05,0.00025610852276419956,-0.0011486533819977055,0.5619047619047619,0.02740477934173745,0.6190476190476191
1,10,20,35.0,21,0.00033503519358332246,-0.0016316314730833441,7.892667081912297e-05,0.00025610852276419956,-0.0017105581439024668,0.5619047619047619,0.02740477934173745,0.6190476190476191
1,10,50,10.0,21,0.0007744463303796486,0.0003811129970463154,7.892667081912297e-05,0.0006955196595605255,0.00030218632622719215,0.3933333333333334,0.02740477934173745,0.6190476190476191
1,10,50,15.0,21,0.0007744463303796486,0.00018444633037964834,7.892667081912297e-05,0.0006955196595605255,0.00010551965956052549,0.3933333333333334,0.02740477934173745,0.6190476190476191
1,10,50,25.0,21,0.0007744463303796486,-0.00020888700295368512,7.892667081912297e-05,0.0006955196595605255,-0.000287813673772808,0.3933333333333334,0.02740477934173745,0.6190476190476191
1,10,50,35.0,21,0.0007744463303796486,-0.0006022203362870183,7.892667081912297e-05,0.0006955196595605255,-0.0006811470071061412,0.3933333333333334,0.02740477934173745,0.5238095238095238
1,10,100,10.0,21,0.0,0.0,7.892667081912297e-05,-7.892667081912297e-05,-7.892667081912297e-05,0.0,0.02740477934173745,0.0
1,10,100,15.0,21,0.0,0.0,7.892667081912297e-05,-7.892667081912297e-05,-7.892667081912297e-05,0.0,0.02740477934173745,0.0
1,10,100,25.0,21,0.0,0.0,7.892667081912297e-05,-7.892667081912297e-05,-7.892667081912297e-05,0.0,0.02740477934173745,0.0
1,10,100,35.0,21,0.0,0.0,7.892667081912297e-05,-7.892667081912297e-05,-7.892667081912297e-05,0.0,0.02740477934173745,0.0
1,11,10,10.0,21,0.005114090461190953,0.004395042842143333,0.005166750005581758,-5.2659544390805125e-05,-0.0007717071634384241,0.719047619047619,0.03048656331996524,0.5714285714285714
1,11,10,15.0,21,0.005114090461190953,0.004035519032619525,0.005166750005581758,-5.2659544390805125e-05,-0.0011312309729622338,0.719047619047619,0.03048656331996524,0.5714285714285714
1,11,10,25.0,21,0.005114090461190953,0.003316471413571904,0.005166750005581758,-5.2659544390805125e-05,-0.0018502785920098536,0.719047619047619,0.03048656331996524,0.5238095238095238
1,11,10,35.0,21,0.005114090461190953,0.0025974237945242855,0.005166750005581758,-5.2659544390805125e-05,-0.0025693262110574717,0.719047619047619,0.03048656331996524,0.5238095238095238
1,11,20,10.0,21,0.006149969666401676,0.005466636333068342,0.005166750005581758,0.0009832196608199177,0.0002998863274865844,0.6833333333333333,0.03048656331996524,0.5714285714285714
1,11,20,15.0,21,0.006149969666401676,0.005124969666401675,0.005166750005581758,0.0009832196608199177,-4.178033918008232e-05,0.6833333333333333,0.03048656331996524,0.5714285714285714
1,11,20,25.0,21,0.006149969666401676,0.004441636333068342,0.005166750005581758,0.0009832196608199177,-0.0007251136725134158,0.6833333333333333,0.03048656331996524,0.5238095238095238
1,11,20,35.0,21,0.006149969666401676,0.0037583029997350094,0.005166750005581758,0.0009832196608199177,-0.0014084470058467493,0.6833333333333333,0.03048656331996524,0.5238095238095238
1,11,50,10.0,21,0.005730055980268138,0.00531386550407766,0.005166750005581758,0.0005633059746863786,0.0001471154984959023,0.4161904761904763,0.03048656331996524,0.6190476190476191
1,11,50,15.0,21,0.005730055980268138,0.005105770265982423,0.005166750005581758,0.0005633059746863786,-6.097973959933596e-05,0.4161904761904763,0.03048656331996524,0.6190476190476191
1,11,50,25.0,21,0.005730055980268138,0.004689579789791946,0.005166750005581758,0.0005633059746863786,-0.0004771702157898121,0.4161904761904763,0.03048656331996524,0.6190476190476191
1,11,50,35.0,21,0.005730055980268138,0.004273389313601469,0.005166750005581758,0.0005633059746863786,-0.0008933606919802886,0.4161904761904763,0.03048656331996524,0.6190476190476191
1,11,100,10.0,21,0.0,0.0,0.005166750005581758,-0.005166750005581758,-0.005166750005581758,0.0,0.03048656331996524,0.0
1,11,100,15.0,21,0.0,0.0,0.005166750005581758,-0.005166750005581758,-0.005166750005581758,0.0,0.03048656331996524,0.0
1,11,100,25.0,21,0.0,0.0,0.005166750005581758,-0.005166750005581758,-0.005166750005581758,0.0,0.03048656331996524,0.0
1,11,100,35.0,21,0.0,0.0,0.005166750005581758,-0.005166750005581758,-0.005166750005581758,0.0,0.03048656331996524,0.0
1,12,10,10.0,20,0.001250737093502315,0.0006157370935023154,0.001691972663662529,-0.00044123557016021396,-0.001076235570160214,0.635,-0.002807367098946708,0.6
1,12,10,15.0,20,0.001250737093502315,0.0002982370935023149,0.001691972663662529,-0.00044123557016021396,-0.001393735570160214,0.635,-0.002807367098946708,0.6
1,12,10,25.0,20,0.001250737093502315,-0.00033676290649768524,0.001691972663662529,-0.00044123557016021396,-0.002028735570160214,0.635,-0.002807367098946708,0.55
1,12,10,35.0,20,0.001250737093502315,-0.000971762906497685,0.001691972663662529,-0.00044123557016021396,-0.002663735570160214,0.635,-0.002807367098946708,0.5
1,12,20,10.0,20,0.0017133947927933332,0.001088394792793333,0.001691972663662529,2.1422129130803814e-05,-0.0006035778708691963,0.6249999999999999,-0.002807367098946708,0.6
1,12,20,15.0,20,0.0017133947927933332,0.0007758947927933329,0.001691972663662529,2.1422129130803814e-05,-0.0009160778708691966,0.6249999999999999,-0.002807367098946708,0.6
1,12,20,25.0,20,0.0017133947927933332,0.00015089479279333342,0.001691972663662529,2.1422129130803814e-05,-0.0015410778708691963,0.6249999999999999,-0.002807367098946708,0.6
1,12,20,35.0,20,0.0017133947927933332,-0.00047410520720666687,0.001691972663662529,2.1422129130803814e-05,-0.0021660778708691964,0.6249999999999999,-0.002807367098946708,0.6
1,12,50,10.0,20,0.00223012353320459,0.00180412353320459,0.001691972663662529,0.0005381508695420608,0.00011215086954206085,0.42600000000000005,-0.002807367098946708,0.6
1,12,50,15.0,20,0.00223012353320459,0.0015911235332045897,0.001691972663662529,0.0005381508695420608,-0.00010084913045793945,0.42600000000000005,-0.002807367098946708,0.6
1,12,50,25.0,20,0.00223012353320459,0.00116512353320459,0.001691972663662529,0.0005381508695420608,-0.0005268491304579392,0.42600000000000005,-0.002807367098946708,0.6
1,12,50,35.0,20,0.00223012353320459,0.0007391235332045899,0.001691972663662529,0.0005381508695420608,-0.0009528491304579393,0.42600000000000005,-0.002807367098946708,0.6
1,12,100,10.0,20,0.0,0.0,0.001691972663662529,-0.001691972663662529,-0.001691972663662529,0.0,-0.002807367098946708,0.0
1,12,100,15.0,20,0.0,0.0,0.001691972663662529,-0.001691972663662529,-0.001691972663662529,0.0,-0.002807367098946708,0.0
1,12,100,25.0,20,0.0,0.0,0.001691972663662529,-0.001691972663662529,-0.001691972663662529,0.0,-0.002807367098946708,0.0
1,12,100,35.0,20,0.0,0.0,0.001691972663662529,-0.001691972663662529,-0.001691972663662529,0.0,-0.002807367098946708,0.0
3,0,10,10.0,12,0.0017765100531657758,0.0011181767198324428,-0.0021295123309181146,0.0039060223840838887,0.0032476890507505563,0.6583333333333333,0.0645529086750583,0.4166666666666667
3,0,10,15.0,12,0.0017765100531657758,0.0007890100531657756,-0.0021295123309181146,0.0039060223840838887,0.002918522384083888,0.6583333333333333,0.0645529086750583,0.4166666666666667
3,0,10,25.0,12,0.0017765100531657758,0.00013067671983244192,-0.0021295123309181146,0.0039060223840838887,0.0022601890507505554,0.6583333333333333,0.0645529086750583,0.4166666666666667
3,0,10,35.0,12,0.0017765100531657758,-0.0005276566135008907,-0.0021295123309181146,0.0039060223840838887,0.0016018557174172219,0.6583333333333333,0.0645529086750583,0.4166666666666667
3,0,20,10.0,12,-0.0008449774269367771,-0.0013949774269367769,-0.0021295123309181146,0.0012845349039813361,0.0007345349039813365,0.5500000000000002,0.0645529086750583,0.3333333333333333
3,0,20,15.0,12,-0.0008449774269367771,-0.0016699774269367765,-0.0021295123309181146,0.0012845349039813361,0.0004595349039813363,0.5500000000000002,0.0645529086750583,0.3333333333333333
3,0,20,25.0,12,-0.0008449774269367771,-0.0022199774269367764,-0.0021295123309181146,0.0012845349039813361,-9.046509601866365e-05,0.5500000000000002,0.0645529086750583,0.3333333333333333
3,0,20,35.0,12,-0.0008449774269367771,-0.0027699774269367775,-0.0021295123309181146,0.0012845349039813361,-0.0006404650960186638,0.5500000000000002,0.0645529086750583,0.3333333333333333
3,0,50,10.0,12,-0.0008221542470703024,-0.001153820913736969,-0.0021295123309181146,0.0013073580838478104,0.0009756914171811441,0.33166666666666667,0.0645529086750583,0.4166666666666667
3,0,50,15.0,12,-0.0008221542470703024,-0.0013196542470703028,-0.0021295123309181146,0.0013073580838478104,0.0008098580838478109,0.33166666666666667,0.0645529086750583,0.4166666666666667
3,0,50,25.0,12,-0.0008221542470703024,-0.0016513209137369693,-0.0021295123309181146,0.0013073580838478104,0.00047819141718114417,0.33166666666666667,0.0645529086750583,0.4166666666666667
3,0,50,35.0,12,-0.0008221542470703024,-0.001982987580403636,-0.0021295123309181146,0.0013073580838478104,0.00014652475051447748,0.33166666666666667,0.0645529086750583,0.3333333333333333
3,0,100,10.0,12,0.0,0.0,-0.0021295123309181146,0.0021295123309181146,0.0021295123309181146,0.0,0.0645529086750583,0.0
3,0,100,15.0,12,0.0,0.0,-0.0021295123309181146,0.0021295123309181146,0.0021295123309181146,0.0,0.0645529086750583,0.0
3,0,100,25.0,12,0.0,0.0,-0.0021295123309181146,0.0021295123309181146,0.0021295123309181146,0.0,0.0645529086750583,0.0
3,0,100,35.0,12,0.0,0.0,-0.0021295123309181146,0.0021295123309181146,0.0021295123309181146,0.0,0.0645529086750583,0.0
3,1,10,10.0,12,0.009625901267737847,0.009009234601071179,0.01237813113618358,-0.002752229868445737,-0.0033688965351124037,0.6166666666666667,-0.17098088531243053,0.75
3,1,10,15.0,12,0.009625901267737847,0.008700901267737845,0.01237813113618358,-0.002752229868445737,-0.0036772298684457374,0.6166666666666667,-0.17098088531243053,0.6666666666666666
3,1,10,25.0,12,0.009625901267737847,0.008084234601071178,0.01237813113618358,-0.002752229868445737,-0.004293896535112404,0.6166666666666667,-0.17098088531243053,0.6666666666666666
3,1,10,35.0,12,0.009625901267737847,0.007467567934404511,0.01237813113618358,-0.002752229868445737,-0.00491056320177907,0.6166666666666667,-0.17098088531243053,0.6666666666666666
3,1,20,10.0,12,0.00925592715149066,0.00871842715149066,0.01237813113618358,-0.0031222039846929227,-0.0036597039846929225,0.5375,-0.17098088531243053,0.75
3,1,20,15.0,12,0.00925592715149066,0.00844967715149066,0.01237813113618358,-0.0031222039846929227,-0.003928453984692923,0.5375,-0.17098088531243053,0.75
3,1,20,25.0,12,0.00925592715149066,0.007912177151490661,0.01237813113618358,-0.0031222039846929227,-0.004465953984692923,0.5375,-0.17098088531243053,0.75
3,1,20,35.0,12,0.00925592715149066,0.007374677151490659,0.01237813113618358,-0.0031222039846929227,-0.005003453984692923,0.5375,-0.17098088531243053,0.75
3,1,50,10.0,12,0.00848713279662571,0.008198799463292376,0.01237813113618358,-0.0038909983395578724,-0.004179331672891205,0.28833333333333333,-0.17098088531243053,0.6666666666666666
3,1,50,15.0,12,0.00848713279662571,0.008054632796625707,0.01237813113618358,-0.0038909983395578724,-0.0043234983395578725,0.28833333333333333,-0.17098088531243053,0.6666666666666666
3,1,50,25.0,12,0.00848713279662571,0.007766299463292377,0.01237813113618358,-0.0038909983395578724,-0.004611831672891206,0.28833333333333333,-0.17098088531243053,0.6666666666666666
3,1,50,35.0,12,0.00848713279662571,0.007477966129959043,0.01237813113618358,-0.0038909983395578724,-0.004900165006224539,0.28833333333333333,-0.17098088531243053,0.6666666666666666
3,1,100,10.0,12,0.0,0.0,0.01237813113618358,-0.01237813113618358,-0.01237813113618358,0.0,-0.17098088531243053,0.0
3,1,100,15.0,12,0.0,0.0,0.01237813113618358,-0.01237813113618358,-0.01237813113618358,0.0,-0.17098088531243053,0.0
3,1,100,25.0,12,0.0,0.0,0.01237813113618358,-0.01237813113618358,-0.01237813113618358,0.0,-0.17098088531243053,0.0
3,1,100,35.0,12,0.0,0.0,0.01237813113618358,-0.01237813113618358,-0.01237813113618358,0.0,-0.17098088531243053,0.0
3,2,10,10.0,12,-0.0005266719704789157,-0.0010766719704789155,0.0041928989831508745,-0.004719570953629791,-0.005269570953629791,0.5500000000000002,-0.03266581330416435,0.5833333333333334
3,2,10,15.0,12,-0.0005266719704789157,-0.0013516719704789164,0.0041928989831508745,-0.004719570953629791,-0.005544570953629792,0.5500000000000002,-0.03266581330416435,0.5
3,2,10,25.0,12,-0.0005266719704789157,-0.001901671970478916,0.0041928989831508745,-0.004719570953629791,-0.006094570953629791,0.5500000000000002,-0.03266581330416435,0.4166666666666667
3,2,10,35.0,12,-0.0005266719704789157,-0.0024516719704789163,0.0041928989831508745,-0.004719570953629791,-0.006644570953629791,0.5500000000000002,-0.03266581330416435,0.4166666666666667
3,2,20,10.0,12,0.0022189090361237414,0.001731409036123741,0.0041928989831508745,-0.001973989947027134,-0.0024614899470271345,0.48750000000000004,-0.03266581330416435,0.5
3,2,20,15.0,12,0.0022189090361237414,0.0014876590361237415,0.0041928989831508745,-0.001973989947027134,-0.002705239947027134,0.48750000000000004,-0.03266581330416435,0.5
3,2,20,25.0,12,0.0022189090361237414,0.0010001590361237414,0.0041928989831508745,-0.001973989947027134,-0.003192739947027134,0.48750000000000004,-0.03266581330416435,0.5
3,2,20,35.0,12,0.0022189090361237414,0.0005126590361237419,0.0041928989831508745,-0.001973989947027134,-0.003680239947027134,0.48750000000000004,-0.03266581330416435,0.5
3,2,50,10.0,12,0.005427975919146539,0.005099642585813206,0.0041928989831508745,0.0012350769359956639,0.0009067436026623307,0.32833333333333337,-0.03266581330416435,0.5833333333333334
3,2,50,15.0,12,0.005427975919146539,0.004935475919146539,0.0041928989831508745,0.0012350769359956639,0.0007425769359956634,0.32833333333333337,-0.03266581330416435,0.5833333333333334
3,2,50,25.0,12,0.005427975919146539,0.004607142585813206,0.0041928989831508745,0.0012350769359956639,0.0004142436026623301,0.32833333333333337,-0.03266581330416435,0.5833333333333334
3,2,50,35.0,12,0.005427975919146539,0.004278809252479872,0.0041928989831508745,0.0012350769359956639,8.591026932899663e-05,0.32833333333333337,-0.03266581330416435,0.5833333333333334
3,2,100,10.0,12,0.0,0.0,0.0041928989831508745,-0.0041928989831508745,-0.0041928989831508745,0.0,-0.03266581330416435,0.0
3,2,100,15.0,12,0.0,0.0,0.0041928989831508745,-0.0041928989831508745,-0.0041928989831508745,0.0,-0.03266581330416435,0.0
3,2,100,25.0,12,0.0,0.0,0.0041928989831508745,-0.0041928989831508745,-0.0041928989831508745,0.0,-0.03266581330416435,0.0
3,2,100,35.0,12,0.0,0.0,0.0041928989831508745,-0.0041928989831508745,-0.0041928989831508745,0.0,-0.03266581330416435,0.0
3,3,10,10.0,12,0.010966313350486543,0.010324646683819877,0.0011101467188084915,0.009856166631678051,0.009214499965011386,0.6416666666666667,0.07189367647408375,0.75
3,3,10,15.0,12,0.010966313350486543,0.010003813350486543,0.0011101467188084915,0.009856166631678051,0.008893666631678053,0.6416666666666667,0.07189367647408375,0.75
3,3,10,25.0,12,0.010966313350486543,0.009362146683819876,0.0011101467188084915,0.009856166631678051,0.008251999965011386,0.6416666666666667,0.07189367647408375,0.6666666666666666
3,3,10,35.0,12,0.010966313350486543,0.00872048001715321,0.0011101467188084915,0.009856166631678051,0.007610333298344718,0.6416666666666667,0.07189367647408375,0.6666666666666666
3,3,20,10.0,12,0.005381447478099308,0.004835614144765975,0.0011101467188084915,0.004271300759290816,0.003725467425957484,0.5458333333333333,0.07189367647408375,0.6666666666666666
3,3,20,15.0,12,0.005381447478099308,0.0045626974780993085,0.0011101467188084915,0.004271300759290816,0.0034525507592908164,0.5458333333333333,0.07189367647408375,0.6666666666666666
3,3,20,25.0,12,0.005381447478099308,0.004016864144765974,0.0011101467188084915,0.004271300759290816,0.002906717425957483,0.5458333333333333,0.07189367647408375,0.6666666666666666
3,3,20,35.0,12,0.005381447478099308,0.0034710308114326415,0.0011101467188084915,0.004271300759290816,0.00236088409262415,0.5458333333333333,0.07189367647408375,0.5833333333333334
3,3,50,10.0,12,0.001799841378560755,0.0014915080452274213,0.0011101467188084915,0.0006896946597522635,0.00038136132641893006,0.3083333333333334,0.07189367647408375,0.5833333333333334
3,3,50,15.0,12,0.001799841378560755,0.0013373413785607545,0.0011101467188084915,0.0006896946597522635,0.00022719465975226316,0.3083333333333334,0.07189367647408375,0.5833333333333334
3,3,50,25.0,12,0.001799841378560755,0.0010290080452274215,0.0011101467188084915,0.0006896946597522635,-8.113867358106992e-05,0.3083333333333334,0.07189367647408375,0.5833333333333334
3,3,50,35.0,12,0.001799841378560755,0.0007206747118940878,0.0011101467188084915,0.0006896946597522635,-0.00038947200691440365,0.3083333333333334,0.07189367647408375,0.5833333333333334
3,3,100,10.0,12,0.0,0.0,0.0011101467188084915,-0.0011101467188084915,-0.0011101467188084915,0.0,0.07189367647408375,0.0
3,3,100,15.0,12,0.0,0.0,0.0011101467188084915,-0.0011101467188084915,-0.0011101467188084915,0.0,0.07189367647408375,0.0
3,3,100,25.0,12,0.0,0.0,0.0011101467188084915,-0.0011101467188084915,-0.0011101467188084915,0.0,0.07189367647408375,0.0
3,3,100,35.0,12,0.0,0.0,0.0011101467188084915,-0.0011101467188084915,-0.0011101467188084915,0.0,0.07189367647408375,0.0
3,4,10,10.0,12,0.005929332849296685,0.005312666182630017,0.003266334586469154,0.0026629982628275316,0.0020463315961608644,0.6166666666666667,0.06756581169001197,0.5833333333333334
3,4,10,15.0,12,0.005929332849296685,0.005004332849296685,0.003266334586469154,0.0026629982628275316,0.0017379982628275305,0.6166666666666667,0.06756581169001197,0.5833333333333334
3,4,10,25.0,12,0.005929332849296685,0.004387666182630017,0.003266334586469154,0.0026629982628275316,0.0011213315961608645,0.6166666666666667,0.06756581169001197,0.5833333333333334
3,4,10,35.0,12,0.005929332849296685,0.0037709995159633525,0.003266334586469154,0.0026629982628275316,0.000504664929494197,0.6166666666666667,0.06756581169001197,0.5
3,4,20,10.0,12,0.005608566982597273,0.00511273364926394,0.003266334586469154,0.0023422323961281195,0.0018463990627947853,0.4958333333333334,0.06756581169001197,0.5
3,4,20,15.0,12,0.005608566982597273,0.0048648169825972745,0.003266334586469154,0.0023422323961281195,0.001598482396128119,0.4958333333333334,0.06756581169001197,0.5
3,4,20,25.0,12,0.005608566982597273,0.0043689836492639385,0.003266334586469154,0.0023422323961281195,0.0011026490627947857,0.4958333333333334,0.06756581169001197,0.5
3,4,20,35.0,12,0.005608566982597273,0.003873150315930607,0.003266334586469154,0.0023422323961281195,0.0006068157294614525,0.4958333333333334,0.06756581169001197,0.5
3,4,50,10.0,12,0.005588772683013988,0.0052904393496806534,0.003266334586469154,0.0023224380965448333,0.0020241047632115,0.2983333333333334,0.06756581169001197,0.5
3,4,50,15.0,12,0.005588772683013988,0.005141272683013989,0.003266334586469154,0.0023224380965448333,0.001874938096544834,0.2983333333333334,0.06756581169001197,0.5
3,4,50,25.0,12,0.005588772683013988,0.004842939349680654,0.003266334586469154,0.0023224380965448333,0.0015766047632115006,0.2983333333333334,0.06756581169001197,0.5
3,4,50,35.0,12,0.005588772683013988,0.004544606016347321,0.003266334586469154,0.0023224380965448333,0.001278271429878167,0.2983333333333334,0.06756581169001197,0.5
3,4,100,10.0,12,0.0,0.0,0.003266334586469154,-0.003266334586469154,-0.003266334586469154,0.0,0.06756581169001197,0.0
3,4,100,15.0,12,0.0,0.0,0.003266334586469154,-0.003266334586469154,-0.003266334586469154,0.0,0.06756581169001197,0.0
3,4,100,25.0,12,0.0,0.0,0.003266334586469154,-0.003266334586469154,-0.003266334586469154,0.0,0.06756581169001197,0.0
3,4,100,35.0,12,0.0,0.0,0.003266334586469154,-0.003266334586469154,-0.003266334586469154,0.0,0.06756581169001197,0.0
3,5,10,10.0,12,0.0011325870068432855,0.0005742536735099526,-0.001210654712491856,0.0023432417193351416,0.001784908386001808,0.5583333333333332,0.02385947289758189,0.5
3,5,10,15.0,12,0.0011325870068432855,0.0002950870068432852,-0.001210654712491856,0.0023432417193351416,0.0015057417193351408,0.5583333333333332,0.02385947289758189,0.5
3,5,10,25.0,12,0.0011325870068432855,-0.0002632463264900485,-0.001210654712491856,0.0023432417193351416,0.0009474083860018076,0.5583333333333332,0.02385947289758189,0.4166666666666667
3,5,10,35.0,12,0.0011325870068432855,-0.0008215796598233819,-0.001210654712491856,0.0023432417193351416,0.00038907505266847446,0.5583333333333332,0.02385947289758189,0.4166666666666667
3,5,20,10.0,12,0.001012072866003844,0.00048707286600384374,-0.001210654712491856,0.0022227275784956996,0.0016977275784956995,0.5249999999999999,0.02385947289758189,0.4166666666666667
3,5,20,15.0,12,0.001012072866003844,0.00022457286600384386,-0.001210654712491856,0.0022227275784956996,0.0014352275784956998,0.5249999999999999,0.02385947289758189,0.4166666666666667
3,5,20,25.0,12,0.001012072866003844,-0.0003004271339961565,-0.001210654712491856,0.0022227275784956996,0.0009102275784956994,0.5249999999999999,0.02385947289758189,0.4166666666666667
3,5,20,35.0,12,0.001012072866003844,-0.0008254271339961566,-0.001210654712491856,0.0022227275784956996,0.00038522757849569967,0.5249999999999999,0.02385947289758189,0.3333333333333333
3,5,50,10.0,12,-0.0024977458812151716,-0.0028194125478818387,-0.001210654712491856,-0.001287091168723316,-0.0016087578353899828,0.3216666666666667,0.02385947289758189,0.4166666666666667
3,5,50,15.0,12,-0.0024977458812151716,-0.002980245881215172,-0.001210654712491856,-0.001287091168723316,-0.0017695911687233164,0.3216666666666667,0.02385947289758189,0.4166666666666667
3,5,50,25.0,12,-0.0024977458812151716,-0.003301912547881839,-0.001210654712491856,-0.001287091168723316,-0.0020912578353899825,0.3216666666666667,0.02385947289758189,0.4166666666666667
3,5,50,35.0,12,-0.0024977458812151716,-0.0036235792145485057,-0.001210654712491856,-0.001287091168723316,-0.0024129245020566496,0.3216666666666667,0.02385947289758189,0.4166666666666667
3,5,100,10.0,12,0.0,0.0,-0.001210654712491856,0.001210654712491856,0.001210654712491856,0.0,0.02385947289758189,0.0
3,5,100,15.0,12,0.0,0.0,-0.001210654712491856,0.001210654712491856,0.001210654712491856,0.0,0.02385947289758189,0.0
3,5,100,25.0,12,0.0,0.0,-0.001210654712491856,0.001210654712491856,0.001210654712491856,0.0,0.02385947289758189,0.0
3,5,100,35.0,12,0.0,0.0,-0.001210654712491856,0.001210654712491856,0.001210654712491856,0.0,0.02385947289758189,0.0
3,6,10,10.0,12,-0.027559486829815655,-0.028176153496482337,-0.016959867923042566,-0.0105996189067731,-0.011216285573439767,0.6166666666666667,-0.046261557225422925,0.4166666666666667
3,6,10,15.0,12,-0.027559486829815655,-0.028484486829815664,-0.016959867923042566,-0.0105996189067731,-0.011524618906773101,0.6166666666666667,-0.046261557225422925,0.4166666666666667
3,6,10,25.0,12,-0.027559486829815655,-0.02910115349648233,-0.016959867923042566,-0.0105996189067731,-0.012141285573439768,0.6166666666666667,-0.046261557225422925,0.4166666666666667
3,6,10,35.0,12,-0.027559486829815655,-0.029717820163148997,-0.016959867923042566,-0.0105996189067731,-0.012757952240106432,0.6166666666666667,-0.046261557225422925,0.4166666666666667
3,6,20,10.0,12,-0.022170352992335416,-0.02270785299233542,-0.016959867923042566,-0.005210485069292857,-0.005747985069292858,0.5375,-0.046261557225422925,0.5
3,6,20,15.0,12,-0.022170352992335416,-0.02297660299233541,-0.016959867923042566,-0.005210485069292857,-0.006016735069292856,0.5375,-0.046261557225422925,0.5
3,6,20,25.0,12,-0.022170352992335416,-0.023514102992335417,-0.016959867923042566,-0.005210485069292857,-0.006554235069292855,0.5375,-0.046261557225422925,0.5
3,6,20,35.0,12,-0.022170352992335416,-0.024051602992335417,-0.016959867923042566,-0.005210485069292857,-0.007091735069292858,0.5375,-0.046261557225422925,0.5
3,6,50,10.0,12,-0.018880962426749127,-0.019249295760082455,-0.016959867923042566,-0.0019210945037065618,-0.002289427837039896,0.3683333333333334,-0.046261557225422925,0.4166666666666667
3,6,50,15.0,12,-0.018880962426749127,-0.019433462426749124,-0.016959867923042566,-0.0019210945037065618,-0.0024735945037065612,0.3683333333333334,-0.046261557225422925,0.4166666666666667
3,6,50,25.0,12,-0.018880962426749127,-0.019801795760082463,-0.016959867923042566,-0.0019210945037065618,-0.0028419278370398985,0.3683333333333334,-0.046261557225422925,0.4166666666666667
3,6,50,35.0,12,-0.018880962426749127,-0.020170129093415787,-0.016959867923042566,-0.0019210945037065618,-0.003210261170373227,0.3683333333333334,-0.046261557225422925,0.4166666666666667
3,6,100,10.0,12,0.0,0.0,-0.016959867923042566,0.016959867923042566,0.016959867923042566,0.0,-0.046261557225422925,0.0
3,6,100,15.0,12,0.0,0.0,-0.016959867923042566,0.016959867923042566,0.016959867923042566,0.0,-0.046261557225422925,0.0
3,6,100,25.0,12,0.0,0.0,-0.016959867923042566,0.016959867923042566,0.016959867923042566,0.0,-0.046261557225422925,0.0
3,6,100,35.0,12,0.0,0.0,-0.016959867923042566,0.016959867923042566,0.016959867923042566,0.0,-0.046261557225422925,0.0
3,7,10,10.0,12,0.00642510100258926,0.005908434335922592,0.007948375042405247,-0.0015232740398159886,-0.0020399407064826554,0.5166666666666667,0.02348868088964688,0.5833333333333334
3,7,10,15.0,12,0.00642510100258926,0.005650101002589259,0.007948375042405247,-0.0015232740398159886,-0.002298274039815989,0.5166666666666667,0.02348868088964688,0.5833333333333334
3,7,10,25.0,12,0.00642510100258926,0.005133434335922592,0.007948375042405247,-0.0015232740398159886,-0.0028149407064826555,0.5166666666666667,0.02348868088964688,0.5833333333333334
3,7,10,35.0,12,0.00642510100258926,0.004616767669255925,0.007948375042405247,-0.0015232740398159886,-0.003331607373149322,0.5166666666666667,0.02348868088964688,0.5833333333333334
3,7,20,10.0,12,0.008575432477567169,0.008133765810900502,0.007948375042405247,0.0006270574351619219,0.0001853907684952551,0.44166666666666665,0.02348868088964688,0.75
3,7,20,15.0,12,0.008575432477567169,0.007912932477567169,0.007948375042405247,0.0006270574351619219,-3.544256483807819e-05,0.44166666666666665,0.02348868088964688,0.75
3,7,20,25.0,12,0.008575432477567169,0.007471265810900502,0.007948375042405247,0.0006270574351619219,-0.0004771092315047454,0.44166666666666665,0.02348868088964688,0.75
3,7,20,35.0,12,0.008575432477567169,0.007029599144233835,0.007948375042405247,0.0006270574351619219,-0.000918775898171412,0.44166666666666665,0.02348868088964688,0.75
3,7,50,10.0,12,0.00850971592378066,0.008188049257113994,0.007948375042405247,0.0005613408813754144,0.00023967421470874736,0.3216666666666667,0.02348868088964688,0.75
3,7,50,15.0,12,0.00850971592378066,0.008027215923780662,0.007948375042405247,0.0005613408813754144,7.884088137541415e-05,0.3216666666666667,0.02348868088964688,0.75
3,7,50,25.0,12,0.00850971592378066,0.007705549257113995,0.007948375042405247,0.0005613408813754144,-0.00024282578529125242,0.3216666666666667,0.02348868088964688,0.75
3,7,50,35.0,12,0.00850971592378066,0.007383882590447328,0.007948375042405247,0.0005613408813754144,-0.0005644924519579189,0.3216666666666667,0.02348868088964688,0.75
3,7,100,10.0,12,0.0,0.0,0.007948375042405247,-0.007948375042405247,-0.007948375042405247,0.0,0.02348868088964688,0.0
3,7,100,15.0,12,0.0,0.0,0.007948375042405247,-0.007948375042405247,-0.007948375042405247,0.0,0.02348868088964688,0.0
3,7,100,25.0,12,0.0,0.0,0.007948375042405247,-0.007948375042405247,-0.007948375042405247,0.0,0.02348868088964688,0.0
3,7,100,35.0,12,0.0,0.0,0.007948375042405247,-0.007948375042405247,-0.007948375042405247,0.0,0.02348868088964688,0.0
3,8,10,10.0,12,0.01564750603575415,0.015064172702420817,0.01024064645017294,0.005406859585581213,0.0048235262522478796,0.5833333333333334,0.12730686072068617,0.75
3,8,10,15.0,12,0.01564750603575415,0.014772506035754153,0.01024064645017294,0.005406859585581213,0.004531859585581213,0.5833333333333334,0.12730686072068617,0.75
3,8,10,25.0,12,0.01564750603575415,0.014189172702420816,0.01024064645017294,0.005406859585581213,0.00394852625224788,0.5833333333333334,0.12730686072068617,0.75
3,8,10,35.0,12,0.01564750603575415,0.013605839369087484,0.01024064645017294,0.005406859585581213,0.003365192918914546,0.5833333333333334,0.12730686072068617,0.75
3,8,20,10.0,12,0.013791217100409056,0.013324550433742388,0.01024064645017294,0.0035505706502361126,0.0030839039835694458,0.46666666666666673,0.12730686072068617,0.75
3,8,20,15.0,12,0.013791217100409056,0.013091217100409053,0.01024064645017294,0.0035505706502361126,0.002850570650236113,0.46666666666666673,0.12730686072068617,0.75
3,8,20,25.0,12,0.013791217100409056,0.012624550433742382,0.01024064645017294,0.0035505706502361126,0.0023839039835694457,0.46666666666666673,0.12730686072068617,0.6666666666666666
3,8,20,35.0,12,0.013791217100409056,0.012157883767075717,0.01024064645017294,0.0035505706502361126,0.001917237316902779,0.46666666666666673,0.12730686072068617,0.6666666666666666
3,8,50,10.0,12,0.012973413695640439,0.012636747028973777,0.01024064645017294,0.0027327672454674993,0.0023961005788008323,0.33666666666666667,0.12730686072068617,0.8333333333333334
3,8,50,15.0,12,0.012973413695640439,0.01246841369564044,0.01024064645017294,0.0027327672454674993,0.0022277672454674995,0.33666666666666667,0.12730686072068617,0.8333333333333334
3,8,50,25.0,12,0.012973413695640439,0.012131747028973773,0.01024064645017294,0.0027327672454674993,0.0018911005788008327,0.33666666666666667,0.12730686072068617,0.8333333333333334
3,8,50,35.0,12,0.012973413695640439,0.011795080362307106,0.01024064645017294,0.0027327672454674993,0.001554433912134166,0.33666666666666667,0.12730686072068617,0.8333333333333334
3,8,100,10.0,12,0.0,0.0,0.01024064645017294,-0.01024064645017294,-0.01024064645017294,0.0,0.12730686072068617,0.0
3,8,100,15.0,12,0.0,0.0,0.01024064645017294,-0.01024064645017294,-0.01024064645017294,0.0,0.12730686072068617,0.0
3,8,100,25.0,12,0.0,0.0,0.01024064645017294,-0.01024064645017294,-0.01024064645017294,0.0,0.12730686072068617,0.0
3,8,100,35.0,12,0.0,0.0,0.01024064645017294,-0.01024064645017294,-0.01024064645017294,0.0,0.12730686072068617,0.0
3,9,10,10.0,12,-0.0030125770293067604,-0.0035959103626400936,0.0007316266207048009,-0.0037442036500115617,-0.004327536983344894,0.5833333333333334,-0.0348532461014762,0.5
3,9,10,15.0,12,-0.0030125770293067604,-0.003887577029306761,0.0007316266207048009,-0.0037442036500115617,-0.004619203650011562,0.5833333333333334,-0.0348532461014762,0.3333333333333333
3,9,10,25.0,12,-0.0030125770293067604,-0.004470910362640094,0.0007316266207048009,-0.0037442036500115617,-0.005202536983344895,0.5833333333333334,-0.0348532461014762,0.3333333333333333
3,9,10,35.0,12,-0.0030125770293067604,-0.005054243695973428,0.0007316266207048009,-0.0037442036500115617,-0.005785870316678228,0.5833333333333334,-0.0348532461014762,0.3333333333333333
3,9,20,10.0,12,-0.0009075286539080817,-0.0013783619872414145,0.0007316266207048009,-0.0016391552746128823,-0.0021099886079462156,0.47083333333333344,-0.0348532461014762,0.5
3,9,20,15.0,12,-0.0009075286539080817,-0.001613778653908082,0.0007316266207048009,-0.0016391552746128823,-0.0023454052746128824,0.47083333333333344,-0.0348532461014762,0.5
3,9,20,25.0,12,-0.0009075286539080817,-0.002084611987241415,0.0007316266207048009,-0.0016391552746128823,-0.002816238607946216,0.47083333333333344,-0.0348532461014762,0.5
3,9,20,35.0,12,-0.0009075286539080817,-0.002555445320574749,0.0007316266207048009,-0.0016391552746128823,-0.0032870719412795494,0.47083333333333344,-0.0348532461014762,0.4166666666666667
3,9,50,10.0,12,0.0010608415463101474,0.000737508212976814,0.0007316266207048009,0.00032921492560534626,5.881592272012799e-06,0.3233333333333333,-0.0348532461014762,0.5833333333333334
3,9,50,15.0,12,0.0010608415463101474,0.0005758415463101475,0.0007316266207048009,0.00032921492560534626,-0.00015578507439465355,0.3233333333333333,-0.0348532461014762,0.5833333333333334
3,9,50,25.0,12,0.0010608415463101474,0.0002525082129768141,0.0007316266207048009,0.00032921492560534626,-0.00047911840772798696,0.3233333333333333,-0.0348532461014762,0.5833333333333334
3,9,50,35.0,12,0.0010608415463101474,-7.082512035651994e-05,0.0007316266207048009,0.00032921492560534626,-0.000802451741061321,0.3233333333333333,-0.0348532461014762,0.5833333333333334
3,9,100,10.0,12,0.0,0.0,0.0007316266207048009,-0.0007316266207048009,-0.0007316266207048009,0.0,-0.0348532461014762,0.0
3,9,100,15.0,12,0.0,0.0,0.0007316266207048009,-0.0007316266207048009,-0.0007316266207048009,0.0,-0.0348532461014762,0.0
3,9,100,25.0,12,0.0,0.0,0.0007316266207048009,-0.0007316266207048009,-0.0007316266207048009,0.0,-0.0348532461014762,0.0
3,9,100,35.0,12,0.0,0.0,0.0007316266207048009,-0.0007316266207048009,-0.0007316266207048009,0.0,-0.0348532461014762,0.0
3,10,10,10.0,12,-0.0037884662835471726,-0.004263466283547172,-0.0018642694096289419,-0.0019241968739182314,-0.002399196873918231,0.4750000000000001,-0.06668494453883093,0.3333333333333333
3,10,10,15.0,12,-0.0037884662835471726,-0.004500966283547173,-0.0018642694096289419,-0.0019241968739182314,-0.0026366968739182316,0.4750000000000001,-0.06668494453883093,0.3333333333333333
3,10,10,25.0,12,-0.0037884662835471726,-0.004975966283547173,-0.0018642694096289419,-0.0019241968739182314,-0.0031116968739182314,0.4750000000000001,-0.06668494453883093,0.3333333333333333
3,10,10,35.0,12,-0.0037884662835471726,-0.0054509662835471725,-0.0018642694096289419,-0.0019241968739182314,-0.003586696873918231,0.4750000000000001,-0.06668494453883093,0.3333333333333333
3,10,20,10.0,12,-0.002265322864577934,-0.0026944895312446013,-0.0018642694096289419,-0.00040105345494899255,-0.0008302201216156594,0.4291666666666667,-0.06668494453883093,0.5
3,10,20,15.0,12,-0.002265322864577934,-0.0029090728645779344,-0.0018642694096289419,-0.00040105345494899255,-0.0010448034549489932,0.4291666666666667,-0.06668494453883093,0.4166666666666667
3,10,20,25.0,12,-0.002265322864577934,-0.0033382395312446006,-0.0018642694096289419,-0.00040105345494899255,-0.0014739701216156598,0.4291666666666667,-0.06668494453883093,0.4166666666666667
3,10,20,35.0,12,-0.002265322864577934,-0.0037674061979112677,-0.0018642694096289419,-0.00040105345494899255,-0.0019031367882823263,0.4291666666666667,-0.06668494453883093,0.4166666666666667
3,10,50,10.0,12,-0.003061650159291694,-0.003408316825958361,-0.0018642694096289419,-0.0011973807496627532,-0.0015440474163294197,0.3466666666666667,-0.06668494453883093,0.5
3,10,50,15.0,12,-0.003061650159291694,-0.0035816501592916944,-0.0018642694096289419,-0.0011973807496627532,-0.001717380749662753,0.3466666666666667,-0.06668494453883093,0.4166666666666667
3,10,50,25.0,12,-0.003061650159291694,-0.003928316825958362,-0.0018642694096289419,-0.0011973807496627532,-0.0020640474163294196,0.3466666666666667,-0.06668494453883093,0.4166666666666667
3,10,50,35.0,12,-0.003061650159291694,-0.004274983492625028,-0.0018642694096289419,-0.0011973807496627532,-0.0024107140829960866,0.3466666666666667,-0.06668494453883093,0.4166666666666667
3,10,100,10.0,12,0.0,0.0,-0.0018642694096289419,0.0018642694096289419,0.0018642694096289419,0.0,-0.06668494453883093,0.0
3,10,100,15.0,12,0.0,0.0,-0.0018642694096289419,0.0018642694096289419,0.0018642694096289419,0.0,-0.06668494453883093,0.0
3,10,100,25.0,12,0.0,0.0,-0.0018642694096289419,0.0018642694096289419,0.0018642694096289419,0.0,-0.06668494453883093,0.0
3,10,100,35.0,12,0.0,0.0,-0.0018642694096289419,0.0018642694096289419,0.0018642694096289419,0.0,-0.06668494453883093,0.0
3,11,10,10.0,12,-0.004138179855769418,-0.0046798465224360845,-0.0029442917399786343,-0.0011938881157907827,-0.0017355547824574496,0.5416666666666667,0.007094701364432677,0.4166666666666667
3,11,10,15.0,12,-0.004138179855769418,-0.0049506798557694175,-0.0029442917399786343,-0.0011938881157907827,-0.0020063881157907824,0.5416666666666667,0.007094701364432677,0.4166666666666667
3,11,10,25.0,12,-0.004138179855769418,-0.005492346522436085,-0.0029442917399786343,-0.0011938881157907827,-0.00254805478245745,0.5416666666666667,0.007094701364432677,0.3333333333333333
3,11,10,35.0,12,-0.004138179855769418,-0.006034013189102752,-0.0029442917399786343,-0.0011938881157907827,-0.0030897214491241165,0.5416666666666667,0.007094701364432677,0.3333333333333333
3,11,20,10.0,12,-0.004458447405852467,-0.0049876140725191335,-0.0029442917399786343,-0.0015141556658738323,-0.002043322332540499,0.5291666666666667,0.007094701364432677,0.4166666666666667
3,11,20,15.0,12,-0.004458447405852467,-0.005252197405852467,-0.0029442917399786343,-0.0015141556658738323,-0.0023079056658738325,0.5291666666666667,0.007094701364432677,0.4166666666666667
3,11,20,25.0,12,-0.004458447405852467,-0.005781364072519134,-0.0029442917399786343,-0.0015141556658738323,-0.0028370723325404994,0.5291666666666667,0.007094701364432677,0.4166666666666667
3,11,20,35.0,12,-0.004458447405852467,-0.0063105307391858,-0.0029442917399786343,-0.0015141556658738323,-0.003366238999207166,0.5291666666666667,0.007094701364432677,0.4166666666666667
3,11,50,10.0,12,-0.002550582083423341,-0.002937248750090008,-0.0029442917399786343,0.0003937096565552935,7.042989888626581e-06,0.3866666666666667,0.007094701364432677,0.5833333333333334
3,11,50,15.0,12,-0.002550582083423341,-0.0031305820834233414,-0.0029442917399786343,0.0003937096565552935,-0.00018629034344470668,0.3866666666666667,0.007094701364432677,0.5833333333333334
3,11,50,25.0,12,-0.002550582083423341,-0.003517248750090008,-0.0029442917399786343,0.0003937096565552935,-0.000572957010111373,0.3866666666666667,0.007094701364432677,0.5833333333333334
3,11,50,35.0,12,-0.002550582083423341,-0.003903915416756675,-0.0029442917399786343,0.0003937096565552935,-0.0009596236767780401,0.3866666666666667,0.007094701364432677,0.5833333333333334
3,11,100,10.0,12,0.0,0.0,-0.0029442917399786343,0.0029442917399786343,0.0029442917399786343,0.0,0.007094701364432677,0.0
3,11,100,15.0,12,0.0,0.0,-0.0029442917399786343,0.0029442917399786343,0.0029442917399786343,0.0,0.007094701364432677,0.0
3,11,100,25.0,12,0.0,0.0,-0.0029442917399786343,0.0029442917399786343,0.0029442917399786343,0.0,0.007094701364432677,0.0
3,11,100,35.0,12,0.0,0.0,-0.0029442917399786343,0.0029442917399786343,0.0029442917399786343,0.0,0.007094701364432677,0.0
5,0,10,10.0,12,0.002314896771067488,0.0016148967710674885,-0.0042052520432504245,0.0065201488143179125,0.005820148814317913,0.7000000000000002,0.10815225571165353,0.5833333333333334
5,0,10,15.0,12,0.002314896771067488,0.001264896771067488,-0.0042052520432504245,0.0065201488143179125,0.005470148814317914,0.7000000000000002,0.10815225571165353,0.5833333333333334
5,0,10,25.0,12,0.002314896771067488,0.0005648967710674869,-0.0042052520432504245,0.0065201488143179125,0.004770148814317912,0.7000000000000002,0.10815225571165353,0.5833333333333334
5,0,10,35.0,12,0.002314896771067488,-0.00013510322893251284,-0.0042052520432504245,0.0065201488143179125,0.004070148814317911,0.7000000000000002,0.10815225571165353,0.5833333333333334
5,0,20,10.0,12,-0.0020839209971946133,-0.0026880876638612793,-0.0042052520432504245,0.0021213310460558095,0.0015171643793891454,0.6041666666666666,0.10815225571165353,0.4166666666666667
5,0,20,15.0,12,-0.0020839209971946133,-0.0029901709971946137,-0.0042052520432504245,0.0021213310460558095,0.0012150810460558107,0.6041666666666666,0.10815225571165353,0.4166666666666667
5,0,20,25.0,12,-0.0020839209971946133,-0.00359433766386128,-0.0042052520432504245,0.0021213310460558095,0.000610914379389144,0.6041666666666666,0.10815225571165353,0.4166666666666667
5,0,20,35.0,12,-0.0020839209971946133,-0.004198504330527947,-0.0042052520432504245,0.0021213310460558095,6.747712722477335e-06,0.6041666666666666,0.10815225571165353,0.3333333333333333
5,0,50,10.0,12,-0.004693225782330412,-0.00502822578233041,-0.0042052520432504245,-0.0004879737390799871,-0.0008229737390799873,0.33499999999999996,0.10815225571165353,0.5
5,0,50,15.0,12,-0.004693225782330412,-0.005195725782330411,-0.0042052520432504245,-0.0004879737390799871,-0.0009904737390799868,0.33499999999999996,0.10815225571165353,0.5
5,0,50,25.0,12,-0.004693225782330412,-0.005530725782330412,-0.0042052520432504245,-0.0004879737390799871,-0.0013254737390799873,0.33499999999999996,0.10815225571165353,0.5
5,0,50,35.0,12,-0.004693225782330412,-0.00586572578233041,-0.0042052520432504245,-0.0004879737390799871,-0.001660473739079987,0.33499999999999996,0.10815225571165353,0.5
5,0,100,10.0,12,0.0,0.0,-0.0042052520432504245,0.0042052520432504245,0.0042052520432504245,0.0,0.10815225571165353,0.0
5,0,100,15.0,12,0.0,0.0,-0.0042052520432504245,0.0042052520432504245,0.0042052520432504245,0.0,0.10815225571165353,0.0
5,0,100,25.0,12,0.0,0.0,-0.0042052520432504245,0.0042052520432504245,0.0042052520432504245,0.0,0.10815225571165353,0.0
5,0,100,35.0,12,0.0,0.0,-0.0042052520432504245,0.0042052520432504245,0.0042052520432504245,0.0,0.10815225571165353,0.0
5,1,10,10.0,12,0.02376064522403951,0.023093978557372843,0.017657288141491447,0.006103357082548067,0.0054366904158814,0.6666666666666669,0.045767398205432026,1.0
5,1,10,15.0,12,0.02376064522403951,0.02276064522403951,0.017657288141491447,0.006103357082548067,0.005103357082548066,0.6666666666666669,0.045767398205432026,0.8333333333333334
5,1,10,25.0,12,0.02376064522403951,0.022093978557372843,0.017657288141491447,0.006103357082548067,0.004436690415881399,0.6666666666666669,0.045767398205432026,0.8333333333333334
5,1,10,35.0,12,0.02376064522403951,0.02142731189070618,0.017657288141491447,0.006103357082548067,0.0037700237492147327,0.6666666666666669,0.045767398205432026,0.8333333333333334
5,1,20,10.0,12,0.0208905466661863,0.020298879999519636,0.017657288141491447,0.0032332585246948563,0.002641591858028189,0.5916666666666668,0.045767398205432026,0.8333333333333334
5,1,20,15.0,12,0.0208905466661863,0.020003046666186304,0.017657288141491447,0.0032332585246948563,0.002345758524694855,0.5916666666666668,0.045767398205432026,0.8333333333333334
5,1,20,25.0,12,0.0208905466661863,0.019411379999519633,0.017657288141491447,0.0032332585246948563,0.0017540918580281886,0.5916666666666668,0.045767398205432026,0.8333333333333334
5,1,20,35.0,12,0.0208905466661863,0.018819713332852966,0.017657288141491447,0.0032332585246948563,0.0011624251913615218,0.5916666666666668,0.045767398205432026,0.8333333333333334
5,1,50,10.0,12,0.019110859817543516,0.01883919315087685,0.017657288141491447,0.0014535716760520716,0.0011819050093854046,0.27166666666666667,0.045767398205432026,0.8333333333333334
5,1,50,15.0,12,0.019110859817543516,0.018703359817543515,0.017657288141491447,0.0014535716760520716,0.0010460716760520715,0.27166666666666667,0.045767398205432026,0.8333333333333334
5,1,50,25.0,12,0.019110859817543516,0.018431693150876855,0.017657288141491447,0.0014535716760520716,0.0007744050093854045,0.27166666666666667,0.045767398205432026,0.8333333333333334
5,1,50,35.0,12,0.019110859817543516,0.018160026484210185,0.017657288141491447,0.0014535716760520716,0.000502738342718738,0.27166666666666667,0.045767398205432026,0.8333333333333334
5,1,100,10.0,12,0.0,0.0,0.017657288141491447,-0.017657288141491447,-0.017657288141491447,0.0,0.045767398205432026,0.0
5,1,100,15.0,12,0.0,0.0,0.017657288141491447,-0.017657288141491447,-0.017657288141491447,0.0,0.045767398205432026,0.0
5,1,100,25.0,12,0.0,0.0,0.017657288141491447,-0.017657288141491447,-0.017657288141491447,0.0,0.045767398205432026,0.0
5,1,100,35.0,12,0.0,0.0,0.017657288141491447,-0.017657288141491447,-0.017657288141491447,0.0,0.045767398205432026,0.0
5,2,10,10.0,12,0.002202959562423568,0.001527959562423569,-0.004704163846276619,0.0069071234087001885,0.0062321234087001865,0.6750000000000002,0.11165279321553179,0.5
5,2,10,15.0,12,0.002202959562423568,0.0011904595624235694,-0.004704163846276619,0.0069071234087001885,0.005894623408700187,0.6750000000000002,0.11165279321553179,0.5
5,2,10,25.0,12,0.002202959562423568,0.0005154595624235671,-0.004704163846276619,0.0069071234087001885,0.005219623408700187,0.6750000000000002,0.11165279321553179,0.5
5,2,10,35.0,12,0.002202959562423568,-0.00015954043757643194,-0.004704163846276619,0.0069071234087001885,0.004544623408700185,0.6750000000000002,0.11165279321553179,0.5
5,2,20,10.0,12,-0.0006523912519538393,-0.0012607245852871735,-0.004704163846276619,0.00405177259432278,0.003443439260989445,0.6083333333333333,0.11165279321553179,0.5833333333333334
5,2,20,15.0,12,-0.0006523912519538393,-0.0015648912519538392,-0.004704163846276619,0.00405177259432278,0.003139272594322779,0.6083333333333333,0.11165279321553179,0.5833333333333334
5,2,20,25.0,12,-0.0006523912519538393,-0.0021732245852871734,-0.004704163846276619,0.00405177259432278,0.0025309392609894447,0.6083333333333333,0.11165279321553179,0.5833333333333334
5,2,20,35.0,12,-0.0006523912519538393,-0.0027815579186205065,-0.004704163846276619,0.00405177259432278,0.0019226059276561127,0.6083333333333333,0.11165279321553179,0.5833333333333334
5,2,50,10.0,12,-0.0026059402332605165,-0.0029742735665938508,-0.004704163846276619,0.002098223613016103,0.001729890279682769,0.3683333333333334,0.11165279321553179,0.6666666666666666
5,2,50,15.0,12,-0.0026059402332605165,-0.0031584402332605166,-0.004704163846276619,0.002098223613016103,0.001545723613016102,0.3683333333333334,0.11165279321553179,0.6666666666666666
5,2,50,25.0,12,-0.0026059402332605165,-0.00352677356659385,-0.004704163846276619,0.002098223613016103,0.0011773902796827689,0.3683333333333334,0.11165279321553179,0.6666666666666666
5,2,50,35.0,12,-0.0026059402332605165,-0.0038951068999271824,-0.004704163846276619,0.002098223613016103,0.0008090569463494354,0.3683333333333334,0.11165279321553179,0.5833333333333334
5,2,100,10.0,12,0.0,0.0,-0.004704163846276619,0.004704163846276619,0.004704163846276619,0.0,0.11165279321553179,0.0
5,2,100,15.0,12,0.0,0.0,-0.004704163846276619,0.004704163846276619,0.004704163846276619,0.0,0.11165279321553179,0.0
5,2,100,25.0,12,0.0,0.0,-0.004704163846276619,0.004704163846276619,0.004704163846276619,0.0,0.11165279321553179,0.0
5,2,100,35.0,12,0.0,0.0,-0.004704163846276619,0.004704163846276619,0.004704163846276619,0.0,0.11165279321553179,0.0
5,3,10,10.0,12,0.007880436905686957,0.007313770239020291,0.007807735895057196,7.270101062976193e-05,-0.0004939656560369052,0.5666666666666668,0.04115409080663173,0.75
5,3,10,15.0,12,0.007880436905686957,0.007030436905686958,0.007807735895057196,7.270101062976193e-05,-0.0007772989893702382,0.5666666666666668,0.04115409080663173,0.75
5,3,10,25.0,12,0.007880436905686957,0.006463770239020291,0.007807735895057196,7.270101062976193e-05,-0.0013439656560369053,0.5666666666666668,0.04115409080663173,0.6666666666666666
5,3,10,35.0,12,0.007880436905686957,0.005897103572353624,0.007807735895057196,7.270101062976193e-05,-0.001910632322703572,0.5666666666666668,0.04115409080663173,0.6666666666666666
5,3,20,10.0,12,0.008142800823498204,0.007576134156831536,0.007807735895057196,0.00033506492844100614,-0.00023160173822566049,0.5666666666666667,0.04115409080663173,0.75
5,3,20,15.0,12,0.008142800823498204,0.007292800823498205,0.007807735895057196,0.00033506492844100614,-0.0005149350715589941,0.5666666666666667,0.04115409080663173,0.75
5,3,20,25.0,12,0.008142800823498204,0.006726134156831536,0.007807735895057196,0.00033506492844100614,-0.0010816017382256607,0.5666666666666667,0.04115409080663173,0.75
5,3,20,35.0,12,0.008142800823498204,0.00615946749016487,0.007807735895057196,0.00033506492844100614,-0.0016482684048923274,0.5666666666666667,0.04115409080663173,0.6666666666666666
5,3,50,10.0,12,0.006959964957552778,0.0066466316242194436,0.007807735895057196,-0.0008477709375044187,-0.0011611042708377522,0.3133333333333334,0.04115409080663173,0.5833333333333334
5,3,50,15.0,12,0.006959964957552778,0.006489964957552778,0.007807735895057196,-0.0008477709375044187,-0.0013177709375044187,0.3133333333333334,0.04115409080663173,0.5833333333333334
5,3,50,25.0,12,0.006959964957552778,0.006176631624219445,0.007807735895057196,-0.0008477709375044187,-0.0016311042708377522,0.3133333333333334,0.04115409080663173,0.5833333333333334
5,3,50,35.0,12,0.006959964957552778,0.005863298290886112,0.007807735895057196,-0.0008477709375044187,-0.0019444376041710856,0.3133333333333334,0.04115409080663173,0.5833333333333334
5,3,100,10.0,12,0.0,0.0,0.007807735895057196,-0.007807735895057196,-0.007807735895057196,0.0,0.04115409080663173,0.0
5,3,100,15.0,12,0.0,0.0,0.007807735895057196,-0.007807735895057196,-0.007807735895057196,0.0,0.04115409080663173,0.0
5,3,100,25.0,12,0.0,0.0,0.007807735895057196,-0.007807735895057196,-0.007807735895057196,0.0,0.04115409080663173,0.0
5,3,100,35.0,12,0.0,0.0,0.007807735895057196,-0.007807735895057196,-0.007807735895057196,0.0,0.04115409080663173,0.0
5,4,10,10.0,12,0.004453494065954484,0.0038701607326211505,0.0039548759178275215,0.0004986181481269619,-8.471518520637132e-05,0.5833333333333334,0.02864669754305445,0.5833333333333334
5,4,10,15.0,12,0.004453494065954484,0.003578494065954483,0.0039548759178275215,0.0004986181481269619,-0.00037638185187303854,0.5833333333333334,0.02864669754305445,0.5833333333333334
5,4,10,25.0,12,0.004453494065954484,0.0029951607326211497,0.0039548759178275215,0.0004986181481269619,-0.0009597151852063718,0.5833333333333334,0.02864669754305445,0.5833333333333334
5,4,10,35.0,12,0.004453494065954484,0.002411827399287817,0.0039548759178275215,0.0004986181481269619,-0.001543048518539705,0.5833333333333334,0.02864669754305445,0.5833333333333334
5,4,20,10.0,12,0.0030101177439171224,0.0024309510772504562,0.0039548759178275215,-0.0009447581739103986,-0.0015239248405770646,0.5791666666666667,0.02864669754305445,0.5
5,4,20,15.0,12,0.0030101177439171224,0.0021413677439171223,0.0039548759178275215,-0.0009447581739103986,-0.001813508173910399,0.5791666666666667,0.02864669754305445,0.5
5,4,20,25.0,12,0.0030101177439171224,0.0015622010772504559,0.0039548759178275215,-0.0009447581739103986,-0.002392674840577066,0.5791666666666667,0.02864669754305445,0.5
5,4,20,35.0,12,0.0030101177439171224,0.000983034410583789,0.0039548759178275215,-0.0009447581739103986,-0.0029718415072437325,0.5791666666666667,0.02864669754305445,0.5
5,4,50,10.0,12,0.0044670102630273685,0.004092010263027368,0.0039548759178275215,0.0005121343451998474,0.00013713434519984743,0.375,0.02864669754305445,0.5
5,4,50,15.0,12,0.0044670102630273685,0.0039045102630273685,0.0039548759178275215,0.0005121343451998474,-5.03656548001526e-05,0.375,0.02864669754305445,0.5
5,4,50,25.0,12,0.0044670102630273685,0.003529510263027369,0.0039548759178275215,0.0005121343451998474,-0.00042536565480015266,0.375,0.02864669754305445,0.5
5,4,50,35.0,12,0.0044670102630273685,0.0031545102630273687,0.0039548759178275215,0.0005121343451998474,-0.0008003656548001525,0.375,0.02864669754305445,0.5
5,4,100,10.0,12,0.0,0.0,0.0039548759178275215,-0.0039548759178275215,-0.0039548759178275215,0.0,0.02864669754305445,0.0
5,4,100,15.0,12,0.0,0.0,0.0039548759178275215,-0.0039548759178275215,-0.0039548759178275215,0.0,0.02864669754305445,0.0
5,4,100,25.0,12,0.0,0.0,0.0039548759178275215,-0.0039548759178275215,-0.0039548759178275215,0.0,0.02864669754305445,0.0
5,4,100,35.0,12,0.0,0.0,0.0039548759178275215,-0.0039548759178275215,-0.0039548759178275215,0.0,0.02864669754305445,0.0
5,5,10,10.0,12,-0.0031192159772796893,-0.003785882643946356,-0.0036198301204659594,0.0005006141431862695,-0.00016605252348039778,0.6666666666666669,0.027668478663947386,0.5
5,5,10,15.0,12,-0.0031192159772796893,-0.004119215977279689,-0.0036198301204659594,0.0005006141431862695,-0.0004993858568137308,0.6666666666666669,0.027668478663947386,0.5
5,5,10,25.0,12,-0.0031192159772796893,-0.004785882643946357,-0.0036198301204659594,0.0005006141431862695,-0.0011660525234803985,0.6666666666666669,0.027668478663947386,0.5
5,5,10,35.0,12,-0.0031192159772796893,-0.005452549310613023,-0.0036198301204659594,0.0005006141431862695,-0.0018327191901470646,0.6666666666666669,0.027668478663947386,0.5
5,5,20,10.0,12,-0.0024298058287313185,-0.002988139162064652,-0.0036198301204659594,0.0011900242917346402,0.0006316909584013066,0.5583333333333333,0.027668478663947386,0.5
5,5,20,15.0,12,-0.0024298058287313185,-0.00326730582873132,-0.0036198301204659594,0.0011900242917346402,0.0003525242917346398,0.5583333333333333,0.027668478663947386,0.5
5,5,20,25.0,12,-0.0024298058287313185,-0.0038256391620646517,-0.0036198301204659594,0.0011900242917346402,-0.0002058090415986939,0.5583333333333333,0.027668478663947386,0.5
5,5,20,35.0,12,-0.0024298058287313185,-0.0043839724953979855,-0.0036198301204659594,0.0011900242917346402,-0.000764142374932027,0.5583333333333333,0.027668478663947386,0.5
5,5,50,10.0,12,-0.003292137643946704,-0.0036788043106133696,-0.0036198301204659594,0.0003276924765192549,-5.897419014741096e-05,0.3866666666666667,0.027668478663947386,0.4166666666666667
5,5,50,15.0,12,-0.003292137643946704,-0.0038721376439467044,-0.0036198301204659594,0.0003276924765192549,-0.00025230752348074574,0.3866666666666667,0.027668478663947386,0.4166666666666667
5,5,50,25.0,12,-0.003292137643946704,-0.004258804310613371,-0.0036198301204659594,0.0003276924765192549,-0.0006389741901474119,0.3866666666666667,0.027668478663947386,0.4166666666666667
5,5,50,35.0,12,-0.003292137643946704,-0.004645470977280038,-0.0036198301204659594,0.0003276924765192549,-0.001025640856814078,0.3866666666666667,0.027668478663947386,0.4166666666666667
5,5,100,10.0,12,0.0,0.0,-0.0036198301204659594,0.0036198301204659594,0.0036198301204659594,0.0,0.027668478663947386,0.0
5,5,100,15.0,12,0.0,0.0,-0.0036198301204659594,0.0036198301204659594,0.0036198301204659594,0.0,0.027668478663947386,0.0
5,5,100,25.0,12,0.0,0.0,-0.0036198301204659594,0.0036198301204659594,0.0036198301204659594,0.0,0.027668478663947386,0.0
5,5,100,35.0,12,0.0,0.0,-0.0036198301204659594,0.0036198301204659594,0.0036198301204659594,0.0,0.027668478663947386,0.0
5,6,10,10.0,12,0.02281082497293715,0.022252491639603817,0.022213142875990497,0.000597682096946649,3.9348763613315914e-05,0.5583333333333333,-0.030140148459752106,0.8333333333333334
5,6,10,15.0,12,0.02281082497293715,0.02197332497293715,0.022213142875990497,0.000597682096946649,-0.00023981790305335123,0.5583333333333333,-0.030140148459752106,0.8333333333333334
5,6,10,25.0,12,0.02281082497293715,0.02141499163960382,0.022213142875990497,0.000597682096946649,-0.0007981512363866855,0.5583333333333333,-0.030140148459752106,0.8333333333333334
5,6,10,35.0,12,0.02281082497293715,0.02085665830627048,0.022213142875990497,0.000597682096946649,-0.0013564845697200184,0.5583333333333333,-0.030140148459752106,0.8333333333333334
5,6,20,10.0,12,0.01951385328263726,0.019001353282637256,0.022213142875990497,-0.002699289593353244,-0.0032117895933532433,0.5125000000000001,-0.030140148459752106,0.8333333333333334
5,6,20,15.0,12,0.01951385328263726,0.018745103282637256,0.022213142875990497,-0.002699289593353244,-0.0034680395933532446,0.5125000000000001,-0.030140148459752106,0.8333333333333334
5,6,20,25.0,12,0.01951385328263726,0.018232603282637257,0.022213142875990497,-0.002699289593353244,-0.003980539593353246,0.5125000000000001,-0.030140148459752106,0.8333333333333334
5,6,20,35.0,12,0.01951385328263726,0.01772010328263726,0.022213142875990497,-0.002699289593353244,-0.004493039593353245,0.5125000000000001,-0.030140148459752106,0.8333333333333334
5,6,50,10.0,12,0.02055703219110654,0.020235365524439875,0.022213142875990497,-0.0016561106848839583,-0.001977777351550625,0.3216666666666666,-0.030140148459752106,0.8333333333333334
5,6,50,15.0,12,0.02055703219110654,0.020074532191106543,0.022213142875990497,-0.0016561106848839583,-0.002138610684883959,0.3216666666666666,-0.030140148459752106,0.8333333333333334
5,6,50,25.0,12,0.02055703219110654,0.01975286552443988,0.022213142875990497,-0.0016561106848839583,-0.0024602773515506257,0.3216666666666666,-0.030140148459752106,0.8333333333333334
5,6,50,35.0,12,0.02055703219110654,0.01943119885777321,0.022213142875990497,-0.0016561106848839583,-0.0027819440182172937,0.3216666666666666,-0.030140148459752106,0.8333333333333334
5,6,100,10.0,12,0.0,0.0,0.022213142875990497,-0.022213142875990497,-0.022213142875990497,0.0,-0.030140148459752106,0.0
5,6,100,15.0,12,0.0,0.0,0.022213142875990497,-0.022213142875990497,-0.022213142875990497,0.0,-0.030140148459752106,0.0
5,6,100,25.0,12,0.0,0.0,0.022213142875990497,-0.022213142875990497,-0.022213142875990497,0.0,-0.030140148459752106,0.0
5,6,100,35.0,12,0.0,0.0,0.022213142875990497,-0.022213142875990497,-0.022213142875990497,0.0,-0.030140148459752106,0.0
5,7,10,10.0,12,-0.002261570882022418,-0.0028115708820224184,0.0016013733082866739,-0.0038629441903090915,-0.004412944190309092,0.55,0.027743413274285308,0.5833333333333334
5,7,10,15.0,12,-0.002261570882022418,-0.0030865708820224194,0.0016013733082866739,-0.0038629441903090915,-0.0046879441903090934,0.55,0.027743413274285308,0.5833333333333334
5,7,10,25.0,12,-0.002261570882022418,-0.0036365708820224186,0.0016013733082866739,-0.0038629441903090915,-0.005237944190309093,0.55,0.027743413274285308,0.5
5,7,10,35.0,12,-0.002261570882022418,-0.004186570882022418,0.0016013733082866739,-0.0038629441903090915,-0.005787944190309091,0.55,0.027743413274285308,0.5
5,7,20,10.0,12,0.0031930815660071742,0.002693081566007174,0.0016013733082866739,0.0015917082577205008,0.0010917082577205004,0.5000000000000001,0.027743413274285308,0.5
5,7,20,15.0,12,0.0031930815660071742,0.002443081566007175,0.0016013733082866739,0.0015917082577205008,0.0008417082577205009,0.5000000000000001,0.027743413274285308,0.5
5,7,20,25.0,12,0.0031930815660071742,0.0019430815660071734,0.0016013733082866739,0.0015917082577205008,0.0003417082577205002,0.5000000000000001,0.027743413274285308,0.5
5,7,20,35.0,12,0.0031930815660071742,0.0014430815660071733,0.0016013733082866739,0.0015917082577205008,-0.00015829174227949996,0.5000000000000001,0.027743413274285308,0.5
5,7,50,10.0,12,0.0021336631444657714,0.0017453298111324376,0.0016013733082866739,0.0005322898361790971,0.0001439565028457632,0.38833333333333336,0.027743413274285308,0.5
5,7,50,15.0,12,0.0021336631444657714,0.001551163144465771,0.0016013733082866739,0.0005322898361790971,-5.021016382090205e-05,0.38833333333333336,0.027743413274285308,0.5
5,7,50,25.0,12,0.0021336631444657714,0.0011628298111324377,0.0016013733082866739,0.0005322898361790971,-0.0004385434971542359,0.38833333333333336,0.027743413274285308,0.5
5,7,50,35.0,12,0.0021336631444657714,0.0007744964777991048,0.0016013733082866739,0.0005322898361790971,-0.0008268768304875688,0.38833333333333336,0.027743413274285308,0.5
5,7,100,10.0,12,0.0,0.0,0.0016013733082866739,-0.0016013733082866739,-0.0016013733082866739,0.0,0.027743413274285308,0.0
5,7,100,15.0,12,0.0,0.0,0.0016013733082866739,-0.0016013733082866739,-0.0016013733082866739,0.0,0.027743413274285308,0.0
5,7,100,25.0,12,0.0,0.0,0.0016013733082866739,-0.0016013733082866739,-0.0016013733082866739,0.0,0.027743413274285308,0.0
5,7,100,35.0,12,0.0,0.0,0.0016013733082866739,-0.0016013733082866739,-0.0016013733082866739,0.0,0.027743413274285308,0.0
5,8,10,10.0,12,0.013467698659670962,0.012817698659670959,0.010429998872949778,0.003037699786721184,0.0023876997867211835,0.65,0.08555676329534101,0.8333333333333334
5,8,10,15.0,12,0.013467698659670962,0.012492698659670962,0.010429998872949778,0.003037699786721184,0.002062699786721183,0.65,0.08555676329534101,0.75
5,8,10,25.0,12,0.013467698659670962,0.011842698659670962,0.010429998872949778,0.003037699786721184,0.001412699786721184,0.65,0.08555676329534101,0.75
5,8,10,35.0,12,0.013467698659670962,0.01119269865967096,0.010429998872949778,0.003037699786721184,0.0007626997867211839,0.65,0.08555676329534101,0.75
5,8,20,10.0,12,0.012492983438769043,0.011972150105435708,0.010429998872949778,0.0020629845658192637,0.00154215123248593,0.5208333333333334,0.08555676329534101,0.8333333333333334
5,8,20,15.0,12,0.012492983438769043,0.011711733438769042,0.010429998872949778,0.0020629845658192637,0.0012817345658192635,0.5208333333333334,0.08555676329534101,0.8333333333333334
5,8,20,25.0,12,0.012492983438769043,0.01119090010543571,0.010429998872949778,0.0020629845658192637,0.0007609012324859294,0.5208333333333334,0.08555676329534101,0.8333333333333334
5,8,20,35.0,12,0.012492983438769043,0.010670066772102374,0.010429998872949778,0.0020629845658192637,0.00024006789915259662,0.5208333333333334,0.08555676329534101,0.8333333333333334
5,8,50,10.0,12,0.011447984537050466,0.01113465120371713,0.010429998872949778,0.0010179856641006864,0.0007046523307673527,0.31333333333333335,0.08555676329534101,0.9166666666666666
5,8,50,15.0,12,0.011447984537050466,0.010977984537050465,0.010429998872949778,0.0010179856641006864,0.0005479856641006863,0.31333333333333335,0.08555676329534101,0.9166666666666666
5,8,50,25.0,12,0.011447984537050466,0.01066465120371713,0.010429998872949778,0.0010179856641006864,0.00023465233076735317,0.31333333333333335,0.08555676329534101,0.9166666666666666
5,8,50,35.0,12,0.011447984537050466,0.010351317870383799,0.010429998872949778,0.0010179856641006864,-7.868100256598028e-05,0.31333333333333335,0.08555676329534101,0.9166666666666666
5,8,100,10.0,12,0.0,0.0,0.010429998872949778,-0.010429998872949778,-0.010429998872949778,0.0,0.08555676329534101,0.0
5,8,100,15.0,12,0.0,0.0,0.010429998872949778,-0.010429998872949778,-0.010429998872949778,0.0,0.08555676329534101,0.0
5,8,100,25.0,12,0.0,0.0,0.010429998872949778,-0.010429998872949778,-0.010429998872949778,0.0,0.08555676329534101,0.0
5,8,100,35.0,12,0.0,0.0,0.010429998872949778,-0.010429998872949778,-0.010429998872949778,0.0,0.08555676329534101,0.0
5,9,10,10.0,12,-0.003021083157413194,-0.00368774982407986,-0.006160908745012098,0.003139825587598903,0.0024731589209322368,0.6666666666666666,-0.004300906803206858,0.5833333333333334
5,9,10,15.0,12,-0.003021083157413194,-0.004021083157413194,-0.006160908745012098,0.003139825587598903,0.0021398255875989033,0.6666666666666666,-0.004300906803206858,0.5
5,9,10,25.0,12,-0.003021083157413194,-0.004687749824079861,-0.006160908745012098,0.003139825587598903,0.0014731589209322357,0.6666666666666666,-0.004300906803206858,0.5
5,9,10,35.0,12,-0.003021083157413194,-0.005354416490746528,-0.006160908745012098,0.003139825587598903,0.0008064922542655688,0.6666666666666666,-0.004300906803206858,0.5
5,9,20,10.0,12,-0.006060274158552579,-0.006639440825219246,-0.006160908745012098,0.00010063458645951744,-0.0004785320802071494,0.5791666666666667,-0.004300906803206858,0.4166666666666667
5,9,20,15.0,12,-0.006060274158552579,-0.00692902415855258,-0.006160908745012098,0.00010063458645951744,-0.0007681154135404832,0.5791666666666667,-0.004300906803206858,0.4166666666666667
5,9,20,25.0,12,-0.006060274158552579,-0.007508190825219246,-0.006160908745012098,0.00010063458645951744,-0.0013472820802071493,0.5791666666666667,-0.004300906803206858,0.4166666666666667
5,9,20,35.0,12,-0.006060274158552579,-0.008087357491885912,-0.006160908745012098,0.00010063458645951744,-0.0019264487468738161,0.5791666666666667,-0.004300906803206858,0.4166666666666667
5,9,50,10.0,12,-0.0061090504036788425,-0.006484050403678842,-0.006160908745012098,5.185834133325445e-05,-0.00032314165866674543,0.375,-0.004300906803206858,0.4166666666666667
5,9,50,15.0,12,-0.0061090504036788425,-0.006671550403678843,-0.006160908745012098,5.185834133325445e-05,-0.0005106416586667458,0.375,-0.004300906803206858,0.4166666666666667
5,9,50,25.0,12,-0.0061090504036788425,-0.0070465504036788425,-0.006160908745012098,5.185834133325445e-05,-0.0008856416586667453,0.375,-0.004300906803206858,0.4166666666666667
5,9,50,35.0,12,-0.0061090504036788425,-0.007421550403678842,-0.006160908745012098,5.185834133325445e-05,-0.0012606416586667453,0.375,-0.004300906803206858,0.4166666666666667
5,9,100,10.0,12,0.0,0.0,-0.006160908745012098,0.006160908745012098,0.006160908745012098,0.0,-0.004300906803206858,0.0
5,9,100,15.0,12,0.0,0.0,-0.006160908745012098,0.006160908745012098,0.006160908745012098,0.0,-0.004300906803206858,0.0
5,9,100,25.0,12,0.0,0.0,-0.006160908745012098,0.006160908745012098,0.006160908745012098,0.0,-0.004300906803206858,0.0
5,9,100,35.0,12,0.0,0.0,-0.006160908745012098,0.006160908745012098,0.006160908745012098,0.0,-0.004300906803206858,0.0
5,10,10,10.0,12,0.0007160226187922471,0.00019102261879224767,-0.0005640539836215299,0.0012800766024137768,0.0007550766024137775,0.525,0.04340606555913204,0.4166666666666667
5,10,10,15.0,12,0.0007160226187922471,-7.147738120775321e-05,-0.0005640539836215299,0.0012800766024137768,0.0004925766024137774,0.525,0.04340606555913204,0.4166666666666667
5,10,10,25.0,12,0.0007160226187922471,-0.0005964773812077526,-0.0005640539836215299,0.0012800766024137768,-3.242339758622323e-05,0.525,0.04340606555913204,0.4166666666666667
5,10,10,35.0,12,0.0007160226187922471,-0.0011214773812077523,-0.0005640539836215299,0.0012800766024137768,-0.0005574233975862231,0.525,0.04340606555913204,0.4166666666666667
5,10,20,10.0,12,0.00025048003394461185,-0.0002328532993887219,-0.0005640539836215299,0.0008145340175661417,0.00033120068423280797,0.4833333333333334,0.04340606555913204,0.3333333333333333
5,10,20,15.0,12,0.00025048003394461185,-0.0004745199660553888,-0.0005640539836215299,0.0008145340175661417,8.953401756614109e-05,0.4833333333333334,0.04340606555913204,0.3333333333333333
5,10,20,25.0,12,0.00025048003394461185,-0.0009578532993887225,-0.0005640539836215299,0.0008145340175661417,-0.00039379931576719263,0.4833333333333334,0.04340606555913204,0.3333333333333333
5,10,20,35.0,12,0.00025048003394461185,-0.0014411866327220559,-0.0005640539836215299,0.0008145340175661417,-0.000877132649100525,0.4833333333333334,0.04340606555913204,0.3333333333333333
5,10,50,10.0,12,0.0006685095565857022,0.0003018428899190354,-0.0005640539836215299,0.001232563540207232,0.0008658968735405652,0.3666666666666667,0.04340606555913204,0.3333333333333333
5,10,50,15.0,12,0.0006685095565857022,0.00011850955658570187,-0.0005640539836215299,0.001232563540207232,0.000682563540207232,0.3666666666666667,0.04340606555913204,0.3333333333333333
5,10,50,25.0,12,0.0006685095565857022,-0.0002481571100809649,-0.0005640539836215299,0.001232563540207232,0.0003158968735405653,0.3666666666666667,0.04340606555913204,0.3333333333333333
5,10,50,35.0,12,0.0006685095565857022,-0.0006148237767476314,-0.0005640539836215299,0.001232563540207232,-5.076979312610149e-05,0.3666666666666667,0.04340606555913204,0.3333333333333333
5,10,100,10.0,12,0.0,0.0,-0.0005640539836215299,0.0005640539836215299,0.0005640539836215299,0.0,0.04340606555913204,0.0
5,10,100,15.0,12,0.0,0.0,-0.0005640539836215299,0.0005640539836215299,0.0005640539836215299,0.0,0.04340606555913204,0.0
5,10,100,25.0,12,0.0,0.0,-0.0005640539836215299,0.0005640539836215299,0.0005640539836215299,0.0,0.04340606555913204,0.0
5,10,100,35.0,12,0.0,0.0,-0.0005640539836215299,0.0005640539836215299,0.0005640539836215299,0.0,0.04340606555913204,0.0
10,0,10,10.0,12,-0.0011371188378575569,-0.0018037855045242234,7.195499058865503e-05,-0.0012090738284462118,-0.0018757404951128787,0.6666666666666666,0.03662789044677818,0.5
10,0,10,15.0,12,-0.0011371188378575569,-0.002137118837857556,7.195499058865503e-05,-0.0012090738284462118,-0.002209073828446212,0.6666666666666666,0.03662789044677818,0.5
10,0,10,25.0,12,-0.0011371188378575569,-0.002803785504524224,7.195499058865503e-05,-0.0012090738284462118,-0.00287574049511288,0.6666666666666666,0.03662789044677818,0.5
10,0,10,35.0,12,-0.0011371188378575569,-0.0034704521711908898,7.195499058865503e-05,-0.0012090738284462118,-0.003542407161779545,0.6666666666666666,0.03662789044677818,0.5
10,0,20,10.0,12,0.0023046085868480516,0.0016879419201813852,7.195499058865503e-05,0.0022326535962593963,0.0016159869295927292,0.6166666666666666,0.03662789044677818,0.5833333333333334
10,0,20,15.0,12,0.0023046085868480516,0.0013796085868480513,7.195499058865503e-05,0.0022326535962593963,0.0013076535962593967,0.6166666666666666,0.03662789044677818,0.5833333333333334
10,0,20,25.0,12,0.0023046085868480516,0.0007629419201813851,7.195499058865503e-05,0.0022326535962593963,0.0006909869295927291,0.6166666666666666,0.03662789044677818,0.5
10,0,20,35.0,12,0.0023046085868480516,0.00014627525351471916,7.195499058865503e-05,0.0022326535962593963,7.432026292606298e-05,0.6166666666666666,0.03662789044677818,0.5
10,0,50,10.0,12,0.0001426582506244015,-0.00021567508270893226,7.195499058865503e-05,7.070326003574621e-05,-0.00028763007329758765,0.35833333333333334,0.03662789044677818,0.5833333333333334
10,0,50,15.0,12,0.0001426582506244015,-0.00039484174937559944,7.195499058865503e-05,7.070326003574621e-05,-0.0004667967399642541,0.35833333333333334,0.03662789044677818,0.5833333333333334
10,0,50,25.0,12,0.0001426582506244015,-0.0007531750827089317,7.195499058865503e-05,7.070326003574621e-05,-0.0008251300732975867,0.35833333333333334,0.03662789044677818,0.5833333333333334
10,0,50,35.0,12,0.0001426582506244015,-0.0011115084160422638,7.195499058865503e-05,7.070326003574621e-05,-0.0011834634066309204,0.35833333333333334,0.03662789044677818,0.5833333333333334
10,0,100,10.0,12,0.0,0.0,7.195499058865503e-05,-7.195499058865503e-05,-7.195499058865503e-05,0.0,0.03662789044677818,0.0
10,0,100,15.0,12,0.0,0.0,7.195499058865503e-05,-7.195499058865503e-05,-7.195499058865503e-05,0.0,0.03662789044677818,0.0
10,0,100,25.0,12,0.0,0.0,7.195499058865503e-05,-7.195499058865503e-05,-7.195499058865503e-05,0.0,0.03662789044677818,0.0
10,0,100,35.0,12,0.0,0.0,7.195499058865503e-05,-7.195499058865503e-05,-7.195499058865503e-05,0.0,0.03662789044677818,0.0
10,1,10,10.0,12,0.03097586800566922,0.03030086800566922,0.01906498745237299,0.011910880553296229,0.01123588055329623,0.6750000000000002,0.09027324555358068,0.75
10,1,10,15.0,12,0.03097586800566922,0.029963368005669216,0.01906498745237299,0.011910880553296229,0.010898380553296233,0.6750000000000002,0.09027324555358068,0.75
10,1,10,25.0,12,0.03097586800566922,0.02928836800566922,0.01906498745237299,0.011910880553296229,0.010223380553296229,0.6750000000000002,0.09027324555358068,0.75
10,1,10,35.0,12,0.03097586800566922,0.028613368005669226,0.01906498745237299,0.011910880553296229,0.00954838055329623,0.6750000000000002,0.09027324555358068,0.75
10,1,20,10.0,12,0.028453587542934828,0.02785358754293482,0.01906498745237299,0.009388600090561834,0.008788600090561835,0.6000000000000001,0.09027324555358068,0.8333333333333334
10,1,20,15.0,12,0.028453587542934828,0.027553587542934823,0.01906498745237299,0.009388600090561834,0.008488600090561835,0.6000000000000001,0.09027324555358068,0.8333333333333334
10,1,20,25.0,12,0.028453587542934828,0.026953587542934823,0.01906498745237299,0.009388600090561834,0.007888600090561833,0.6000000000000001,0.09027324555358068,0.8333333333333334
10,1,20,35.0,12,0.028453587542934828,0.026353587542934823,0.01906498745237299,0.009388600090561834,0.007288600090561834,0.6000000000000001,0.09027324555358068,0.75
10,1,50,10.0,12,0.02354825141227224,0.02321158474560557,0.01906498745237299,0.004483263959899249,0.004146597293232582,0.33666666666666667,0.09027324555358068,0.75
10,1,50,15.0,12,0.02354825141227224,0.02304325141227224,0.01906498745237299,0.004483263959899249,0.003978263959899249,0.33666666666666667,0.09027324555358068,0.75
10,1,50,25.0,12,0.02354825141227224,0.02270658474560557,0.01906498745237299,0.004483263959899249,0.0036415972932325818,0.33666666666666667,0.09027324555358068,0.75
10,1,50,35.0,12,0.02354825141227224,0.022369918078938903,0.01906498745237299,0.004483263959899249,0.0033049306265659152,0.33666666666666667,0.09027324555358068,0.75
10,1,100,10.0,12,0.0,0.0,0.01906498745237299,-0.01906498745237299,-0.01906498745237299,0.0,0.09027324555358068,0.0
10,1,100,15.0,12,0.0,0.0,0.01906498745237299,-0.01906498745237299,-0.01906498745237299,0.0,0.09027324555358068,0.0
10,1,100,25.0,12,0.0,0.0,0.01906498745237299,-0.01906498745237299,-0.01906498745237299,0.0,0.09027324555358068,0.0
10,1,100,35.0,12,0.0,0.0,0.01906498745237299,-0.01906498745237299,-0.01906498745237299,0.0,0.09027324555358068,0.0
10,2,10,10.0,12,0.030666438233161508,0.030083104899828166,0.02067499401209403,0.009991444221067477,0.009408110887734142,0.5833333333333334,0.009919830220432174,0.8333333333333334
10,2,10,15.0,12,0.030666438233161508,0.029791438233161507,0.02067499401209403,0.009991444221067477,0.009116444221067476,0.5833333333333334,0.009919830220432174,0.8333333333333334
10,2,10,25.0,12,0.030666438233161508,0.02920810489982817,0.02067499401209403,0.009991444221067477,0.008533110887734141,0.5833333333333334,0.009919830220432174,0.8333333333333334
10,2,10,35.0,12,0.030666438233161508,0.02862477156649483,0.02067499401209403,0.009991444221067477,0.00794977755440081,0.5833333333333334,0.009919830220432174,0.75
10,2,20,10.0,12,0.024566329297364395,0.024112162630697726,0.02067499401209403,0.0038913352852703686,0.0034371686186037025,0.4541666666666668,0.009919830220432174,0.8333333333333334
10,2,20,15.0,12,0.024566329297364395,0.023885079297364397,0.02067499401209403,0.0038913352852703686,0.003210085285270371,0.4541666666666668,0.009919830220432174,0.8333333333333334
10,2,20,25.0,12,0.024566329297364395,0.023430912630697725,0.02067499401209403,0.0038913352852703686,0.002755918618603703,0.4541666666666668,0.009919830220432174,0.8333333333333334
10,2,20,35.0,12,0.024566329297364395,0.022976745964031067,0.02067499401209403,0.0038913352852703686,0.0023017519519370356,0.4541666666666668,0.009919830220432174,0.8333333333333334
10,2,50,10.0,12,0.02151422524574274,0.021205891912409403,0.02067499401209403,0.0008392312336487112,0.0005308979003153776,0.3083333333333334,0.009919830220432174,0.9166666666666666
10,2,50,15.0,12,0.02151422524574274,0.02105172524574274,0.02067499401209403,0.0008392312336487112,0.00037673123364871127,0.3083333333333334,0.009919830220432174,0.9166666666666666
10,2,50,25.0,12,0.02151422524574274,0.020743391912409405,0.02067499401209403,0.0008392312336487112,6.839790031537743e-05,0.3083333333333334,0.009919830220432174,0.9166666666666666
10,2,50,35.0,12,0.02151422524574274,0.020435058579076067,0.02067499401209403,0.0008392312336487112,-0.00023993543301795614,0.3083333333333334,0.009919830220432174,0.9166666666666666
10,2,100,10.0,12,0.0,0.0,0.02067499401209403,-0.02067499401209403,-0.02067499401209403,0.0,0.009919830220432174,0.0
10,2,100,15.0,12,0.0,0.0,0.02067499401209403,-0.02067499401209403,-0.02067499401209403,0.0,0.009919830220432174,0.0
10,2,100,25.0,12,0.0,0.0,0.02067499401209403,-0.02067499401209403,-0.02067499401209403,0.0,0.009919830220432174,0.0
10,2,100,35.0,12,0.0,0.0,0.02067499401209403,-0.02067499401209403,-0.02067499401209403,0.0,0.009919830220432174,0.0
10,3,10,10.0,12,0.003437365209109502,0.0029040318757761695,0.0050202948221083074,-0.0015829296129988041,-0.002116262946332138,0.5333333333333333,0.04215434892034132,0.6666666666666666
10,3,10,15.0,12,0.003437365209109502,0.0026373652091095014,0.0050202948221083074,-0.0015829296129988041,-0.0023829296129988047,0.5333333333333333,0.04215434892034132,0.6666666666666666
10,3,10,25.0,12,0.003437365209109502,0.0021040318757761674,0.0050202948221083074,-0.0015829296129988041,-0.0029162629463321387,0.5333333333333333,0.04215434892034132,0.6666666666666666
10,3,10,35.0,12,0.003437365209109502,0.0015706985424428362,0.0050202948221083074,-0.0015829296129988041,-0.0034495962796654693,0.5333333333333333,0.04215434892034132,0.6666666666666666
10,3,20,10.0,12,0.005966665496798054,0.005441665496798053,0.0050202948221083074,0.0009463706746897478,0.00042137067468974685,0.525,0.04215434892034132,0.6666666666666666
10,3,20,15.0,12,0.005966665496798054,0.005179165496798054,0.0050202948221083074,0.0009463706746897478,0.0001588706746897484,0.525,0.04215434892034132,0.6666666666666666
10,3,20,25.0,12,0.005966665496798054,0.004654165496798055,0.0050202948221083074,0.0009463706746897478,-0.0003661293253102529,0.525,0.04215434892034132,0.6666666666666666
10,3,20,35.0,12,0.005966665496798054,0.004129165496798055,0.0050202948221083074,0.0009463706746897478,-0.0008911293253102524,0.525,0.04215434892034132,0.6666666666666666
10,3,50,10.0,12,0.007784003134173587,0.00746900313417359,0.0050202948221083074,0.0027637083120652813,0.002448708312065281,0.315,0.04215434892034132,0.6666666666666666
10,3,50,15.0,12,0.007784003134173587,0.0073115031341735885,0.0050202948221083074,0.0027637083120652813,0.0022912083120652815,0.315,0.04215434892034132,0.6666666666666666
10,3,50,25.0,12,0.007784003134173587,0.0069965031341735874,0.0050202948221083074,0.0027637083120652813,0.0019762083120652813,0.315,0.04215434892034132,0.5833333333333334
10,3,50,35.0,12,0.007784003134173587,0.006681503134173588,0.0050202948221083074,0.0027637083120652813,0.0016612083120652807,0.315,0.04215434892034132,0.5833333333333334
10,3,100,10.0,12,0.0,0.0,0.0050202948221083074,-0.0050202948221083074,-0.0050202948221083074,0.0,0.04215434892034132,0.0
10,3,100,15.0,12,0.0,0.0,0.0050202948221083074,-0.0050202948221083074,-0.0050202948221083074,0.0,0.04215434892034132,0.0
10,3,100,25.0,12,0.0,0.0,0.0050202948221083074,-0.0050202948221083074,-0.0050202948221083074,0.0,0.04215434892034132,0.0
10,3,100,35.0,12,0.0,0.0,0.0050202948221083074,-0.0050202948221083074,-0.0050202948221083074,0.0,0.04215434892034132,0.0
10,4,10,10.0,12,0.014620855794103146,0.013945855794103146,-0.0016600555021147785,0.016280911296217927,0.015605911296217925,0.6750000000000002,0.06325302153575577,0.5833333333333334
10,4,10,15.0,12,0.014620855794103146,0.013608355794103147,-0.0016600555021147785,0.016280911296217927,0.015268411296217926,0.6750000000000002,0.06325302153575577,0.5833333333333334
10,4,10,25.0,12,0.014620855794103146,0.012933355794103147,-0.0016600555021147785,0.016280911296217927,0.014593411296217924,0.6750000000000002,0.06325302153575577,0.5833333333333334
10,4,10,35.0,12,0.014620855794103146,0.012258355794103148,-0.0016600555021147785,0.016280911296217927,0.013918411296217926,0.6750000000000002,0.06325302153575577,0.5833333333333334
10,4,20,10.0,12,0.007509323473987789,0.006950990140654457,-0.0016600555021147785,0.009169378976102567,0.008611045642769233,0.5583333333333335,0.06325302153575577,0.5
10,4,20,15.0,12,0.007509323473987789,0.00667182347398779,-0.0016600555021147785,0.009169378976102567,0.008331878976102568,0.5583333333333335,0.06325302153575577,0.5
10,4,20,25.0,12,0.007509323473987789,0.006113490140654457,-0.0016600555021147785,0.009169378976102567,0.007773545642769233,0.5583333333333335,0.06325302153575577,0.5
10,4,20,35.0,12,0.007509323473987789,0.005555156807321123,-0.0016600555021147785,0.009169378976102567,0.007215212309435899,0.5583333333333335,0.06325302153575577,0.5
10,4,50,10.0,12,-0.0002674767293149039,-0.0005958100626482382,-0.0016600555021147785,0.0013925787727998738,0.0010642454394665399,0.32833333333333337,0.06325302153575577,0.4166666666666667
10,4,50,15.0,12,-0.0002674767293149039,-0.0007599767293149034,-0.0016600555021147785,0.0013925787727998738,0.000900078772799874,0.32833333333333337,0.06325302153575577,0.4166666666666667
10,4,50,25.0,12,-0.0002674767293149039,-0.0010883100626482374,-0.0016600555021147785,0.0013925787727998738,0.0005717454394665408,0.32833333333333337,0.06325302153575577,0.4166666666666667
10,4,50,35.0,12,-0.0002674767293149039,-0.0014166433959815702,-0.0016600555021147785,0.0013925787727998738,0.0002434121061332071,0.32833333333333337,0.06325302153575577,0.4166666666666667
10,4,100,10.0,12,0.0,0.0,-0.0016600555021147785,0.0016600555021147785,0.0016600555021147785,0.0,0.06325302153575577,0.0
10,4,100,15.0,12,0.0,0.0,-0.0016600555021147785,0.0016600555021147785,0.0016600555021147785,0.0,0.06325302153575577,0.0
10,4,100,25.0,12,0.0,0.0,-0.0016600555021147785,0.0016600555021147785,0.0016600555021147785,0.0,0.06325302153575577,0.0
10,4,100,35.0,12,0.0,0.0,-0.0016600555021147785,0.0016600555021147785,0.0016600555021147785,0.0,0.06325302153575577,0.0
10,5,10,10.0,12,0.029711731257069204,0.02907839792373587,0.029443195622492077,0.00026853563457712726,-0.00036479769875620745,0.6333333333333334,-0.0028082102568617725,0.6666666666666666
10,5,10,15.0,12,0.029711731257069204,0.02876173125706921,0.029443195622492077,0.00026853563457712726,-0.0006814643654228734,0.6333333333333334,-0.0028082102568617725,0.6666666666666666
10,5,10,25.0,12,0.029711731257069204,0.028128397923735865,0.029443195622492077,0.00026853563457712726,-0.0013147976987562076,0.6333333333333334,-0.0028082102568617725,0.6666666666666666
10,5,10,35.0,12,0.029711731257069204,0.027495064590402536,0.029443195622492077,0.00026853563457712726,-0.0019481310320895405,0.6333333333333334,-0.0028082102568617725,0.6666666666666666
10,5,20,10.0,12,0.03126508734350355,0.030694254010170213,0.029443195622492077,0.0018218917210114781,0.0012510583876781422,0.5708333333333334,-0.0028082102568617725,0.75
10,5,20,15.0,12,0.03126508734350355,0.030408837343503553,0.029443195622492077,0.0018218917210114781,0.0009656417210114782,0.5708333333333334,-0.0028082102568617725,0.75
10,5,20,25.0,12,0.03126508734350355,0.02983800401017021,0.029443195622492077,0.0018218917210114781,0.00039480838767814536,0.5708333333333334,-0.0028082102568617725,0.6666666666666666
10,5,20,35.0,12,0.03126508734350355,0.029267170676836884,0.029443195622492077,0.0018218917210114781,-0.00017602494565518873,0.5708333333333334,-0.0028082102568617725,0.6666666666666666
10,5,50,10.0,12,0.027497841246847343,0.027176174580180675,0.029443195622492077,-0.0019453543756447337,-0.0022670210423114015,0.3216666666666667,-0.0028082102568617725,0.6666666666666666
10,5,50,15.0,12,0.027497841246847343,0.027015341246847343,0.029443195622492077,-0.0019453543756447337,-0.0024278543756447338,0.3216666666666667,-0.0028082102568617725,0.6666666666666666
10,5,50,25.0,12,0.027497841246847343,0.02669367458018068,0.029443195622492077,-0.0019453543756447337,-0.0027495210423114005,0.3216666666666667,-0.0028082102568617725,0.6666666666666666
10,5,50,35.0,12,0.027497841246847343,0.026372007913514003,0.029443195622492077,-0.0019453543756447337,-0.003071187708978068,0.3216666666666667,-0.0028082102568617725,0.6666666666666666
10,5,100,10.0,12,0.0,0.0,0.029443195622492077,-0.029443195622492077,-0.029443195622492077,0.0,-0.0028082102568617725,0.0
10,5,100,15.0,12,0.0,0.0,0.029443195622492077,-0.029443195622492077,-0.029443195622492077,0.0,-0.0028082102568617725,0.0
10,5,100,25.0,12,0.0,0.0,0.029443195622492077,-0.029443195622492077,-0.029443195622492077,0.0,-0.0028082102568617725,0.0
10,5,100,35.0,12,0.0,0.0,0.029443195622492077,-0.029443195622492077,-0.029443195622492077,0.0,-0.0028082102568617725,0.0
10,6,10,10.0,12,0.02168880723446519,0.021038807234465193,0.014103323722807634,0.0075854835116575614,0.006935483511657562,0.65,0.04525539314791763,0.75
10,6,10,15.0,12,0.02168880723446519,0.02071380723446519,0.014103323722807634,0.0075854835116575614,0.006610483511657561,0.65,0.04525539314791763,0.75
10,6,10,25.0,12,0.02168880723446519,0.020063807234465193,0.014103323722807634,0.0075854835116575614,0.00596048351165756,0.65,0.04525539314791763,0.75
10,6,10,35.0,12,0.02168880723446519,0.019413807234465192,0.014103323722807634,0.0075854835116575614,0.0053104835116575605,0.65,0.04525539314791763,0.75
10,6,20,10.0,12,0.015007858521653745,0.014457858521653747,0.014103323722807634,0.0009045347988461128,0.00035453479884611235,0.5499999999999999,0.04525539314791763,0.8333333333333334
10,6,20,15.0,12,0.015007858521653745,0.014182858521653746,0.014103323722807634,0.0009045347988461128,7.953479884611313e-05,0.5499999999999999,0.04525539314791763,0.8333333333333334
10,6,20,25.0,12,0.015007858521653745,0.013632858521653744,0.014103323722807634,0.0009045347988461128,-0.00047046520115388786,0.5499999999999999,0.04525539314791763,0.8333333333333334
10,6,20,35.0,12,0.015007858521653745,0.013082858521653744,0.014103323722807634,0.0009045347988461128,-0.0010204652011538882,0.5499999999999999,0.04525539314791763,0.8333333333333334
10,6,50,10.0,12,0.016074113562958528,0.015712446896291855,0.014103323722807634,0.001970789840150894,0.0016091231734842268,0.36166666666666664,0.04525539314791763,0.8333333333333334
10,6,50,15.0,12,0.016074113562958528,0.015531613562958525,0.014103323722807634,0.001970789840150894,0.0014282898401508936,0.36166666666666664,0.04525539314791763,0.8333333333333334
10,6,50,25.0,12,0.016074113562958528,0.015169946896291862,0.014103323722807634,0.001970789840150894,0.0010666231734842264,0.36166666666666664,0.04525539314791763,0.8333333333333334
10,6,50,35.0,12,0.016074113562958528,0.014808280229625189,0.014103323722807634,0.001970789840150894,0.0007049565068175611,0.36166666666666664,0.04525539314791763,0.8333333333333334
10,6,100,10.0,12,0.0,0.0,0.014103323722807634,-0.014103323722807634,-0.014103323722807634,0.0,0.04525539314791763,0.0
10,6,100,15.0,12,0.0,0.0,0.014103323722807634,-0.014103323722807634,-0.014103323722807634,0.0,0.04525539314791763,0.0
10,6,100,25.0,12,0.0,0.0,0.014103323722807634,-0.014103323722807634,-0.014103323722807634,0.0,0.04525539314791763,0.0
10,6,100,35.0,12,0.0,0.0,0.014103323722807634,-0.014103323722807634,-0.014103323722807634,0.0,0.04525539314791763,0.0
10,7,10,10.0,12,0.010326808795759632,0.00967680879575963,0.017404446235134045,-0.007077637439374414,-0.007727637439374414,0.65,-0.07862565568796934,0.75
10,7,10,15.0,12,0.010326808795759632,0.00935180879575963,0.017404446235134045,-0.007077637439374414,-0.008052637439374413,0.65,-0.07862565568796934,0.75
10,7,10,25.0,12,0.010326808795759632,0.00870180879575963,0.017404446235134045,-0.007077637439374414,-0.008702637439374415,0.65,-0.07862565568796934,0.75
10,7,10,35.0,12,0.010326808795759632,0.008051808795759629,0.017404446235134045,-0.007077637439374414,-0.009352637439374416,0.65,-0.07862565568796934,0.75
10,7,20,10.0,12,0.013645683094979717,0.013087349761646385,0.017404446235134045,-0.0037587631401543257,-0.004317096473487659,0.5583333333333335,-0.07862565568796934,0.6666666666666666
10,7,20,15.0,12,0.013645683094979717,0.012808183094979718,0.017404446235134045,-0.0037587631401543257,-0.004596263140154326,0.5583333333333335,-0.07862565568796934,0.6666666666666666
10,7,20,25.0,12,0.013645683094979717,0.012249849761646383,0.017404446235134045,-0.0037587631401543257,-0.0051545964734876605,0.5583333333333335,-0.07862565568796934,0.6666666666666666
10,7,20,35.0,12,0.013645683094979717,0.01169151642831305,0.017404446235134045,-0.0037587631401543257,-0.005712929806820993,0.5583333333333335,-0.07862565568796934,0.6666666666666666
10,7,50,10.0,12,0.010863414345551681,0.01055341434555168,0.017404446235134045,-0.006541031889582363,-0.006851031889582363,0.31,-0.07862565568796934,0.75
10,7,50,15.0,12,0.010863414345551681,0.010398414345551681,0.017404446235134045,-0.006541031889582363,-0.007006031889582363,0.31,-0.07862565568796934,0.6666666666666666
10,7,50,25.0,12,0.010863414345551681,0.010088414345551681,0.017404446235134045,-0.006541031889582363,-0.007316031889582362,0.31,-0.07862565568796934,0.6666666666666666
10,7,50,35.0,12,0.010863414345551681,0.009778414345551682,0.017404446235134045,-0.006541031889582363,-0.007626031889582362,0.31,-0.07862565568796934,0.6666666666666666
10,7,100,10.0,12,0.0,0.0,0.017404446235134045,-0.017404446235134045,-0.017404446235134045,0.0,-0.07862565568796934,0.0
10,7,100,15.0,12,0.0,0.0,0.017404446235134045,-0.017404446235134045,-0.017404446235134045,0.0,-0.07862565568796934,0.0
10,7,100,25.0,12,0.0,0.0,0.017404446235134045,-0.017404446235134045,-0.017404446235134045,0.0,-0.07862565568796934,0.0
10,7,100,35.0,12,0.0,0.0,0.017404446235134045,-0.017404446235134045,-0.017404446235134045,0.0,-0.07862565568796934,0.0
10,8,10,10.0,12,0.007477684691756623,0.006802684691756624,0.004905717443835317,0.002571967247921307,0.0018969672479213053,0.6750000000000002,0.014004267224910485,0.4166666666666667
10,8,10,15.0,12,0.007477684691756623,0.006465184691756623,0.004905717443835317,0.002571967247921307,0.0015594672479213062,0.6750000000000002,0.014004267224910485,0.4166666666666667
10,8,10,25.0,12,0.007477684691756623,0.005790184691756622,0.004905717443835317,0.002571967247921307,0.0008844672479213049,0.6750000000000002,0.014004267224910485,0.4166666666666667
10,8,10,35.0,12,0.007477684691756623,0.005115184691756623,0.004905717443835317,0.002571967247921307,0.00020946724792130552,0.6750000000000002,0.014004267224910485,0.4166666666666667
10,8,20,10.0,12,0.005024377537720674,0.004503544204387341,0.004905717443835317,0.00011866009388535569,-0.00040217323944797737,0.5208333333333334,0.014004267224910485,0.5833333333333334
10,8,20,15.0,12,0.005024377537720674,0.004243127537720674,0.004905717443835317,0.00011866009388535569,-0.0006625899061146447,0.5208333333333334,0.014004267224910485,0.5833333333333334
10,8,20,25.0,12,0.005024377537720674,0.0037222942043873396,0.004905717443835317,0.00011866009388535569,-0.0011834232394479782,0.5208333333333334,0.014004267224910485,0.5833333333333334
10,8,20,35.0,12,0.005024377537720674,0.003201460871054006,0.004905717443835317,0.00011866009388535569,-0.0017042565727813112,0.5208333333333334,0.014004267224910485,0.5833333333333334
10,8,50,10.0,12,0.004665897223574324,0.004310897223574324,0.004905717443835317,-0.00023982022026099335,-0.0005948202202609935,0.35500000000000004,0.014004267224910485,0.5833333333333334
10,8,50,15.0,12,0.004665897223574324,0.0041333972235743244,0.004905717443835317,-0.00023982022026099335,-0.0007723202202609934,0.35500000000000004,0.014004267224910485,0.5833333333333334
10,8,50,25.0,12,0.004665897223574324,0.0037783972235743237,0.004905717443835317,-0.00023982022026099335,-0.0011273202202609935,0.35500000000000004,0.014004267224910485,0.5833333333333334
10,8,50,35.0,12,0.004665897223574324,0.0034233972235743243,0.004905717443835317,-0.00023982022026099335,-0.0014823202202609933,0.35500000000000004,0.014004267224910485,0.5833333333333334
10,8,100,10.0,12,0.0,0.0,0.004905717443835317,-0.004905717443835317,-0.004905717443835317,0.0,0.014004267224910485,0.0
10,8,100,15.0,12,0.0,0.0,0.004905717443835317,-0.004905717443835317,-0.004905717443835317,0.0,0.014004267224910485,0.0
10,8,100,25.0,12,0.0,0.0,0.004905717443835317,-0.004905717443835317,-0.004905717443835317,0.0,0.014004267224910485,0.0
10,8,100,35.0,12,0.0,0.0,0.004905717443835317,-0.004905717443835317,-0.004905717443835317,0.0,0.014004267224910485,0.0
20,0,10,10.0,12,0.020042875409642724,0.019359542076309386,0.010401923086486976,0.009640952323155745,0.00895761898982241,0.6833333333333332,0.0877196230797578,0.5833333333333334
20,0,10,15.0,12,0.020042875409642724,0.01901787540964272,0.010401923086486976,0.009640952323155745,0.008615952323155743,0.6833333333333332,0.0877196230797578,0.5833333333333334
20,0,10,25.0,12,0.020042875409642724,0.018334542076309385,0.010401923086486976,0.009640952323155745,0.007932618989822407,0.6833333333333332,0.0877196230797578,0.5833333333333334
20,0,10,35.0,12,0.020042875409642724,0.01765120874297605,0.010401923086486976,0.009640952323155745,0.007249285656489076,0.6833333333333332,0.0877196230797578,0.5833333333333334
20,0,20,10.0,12,0.015418686583499158,0.014847853250165828,0.010401923086486976,0.005016763497012183,0.00444593016367885,0.5708333333333334,0.0877196230797578,0.5
20,0,20,15.0,12,0.015418686583499158,0.014562436583499157,0.010401923086486976,0.005016763497012183,0.004160513497012182,0.5708333333333334,0.0877196230797578,0.5
20,0,20,25.0,12,0.015418686583499158,0.013991603250165826,0.010401923086486976,0.005016763497012183,0.0035896801636788474,0.5708333333333334,0.0877196230797578,0.5
20,0,20,35.0,12,0.015418686583499158,0.013420769916832493,0.010401923086486976,0.005016763497012183,0.0030188468303455167,0.5708333333333334,0.0877196230797578,0.5
20,0,50,10.0,12,0.01547401275090528,0.01511067941757195,0.010401923086486976,0.0050720896644183035,0.00470875633108497,0.36333333333333334,0.0877196230797578,0.5833333333333334
20,0,50,15.0,12,0.01547401275090528,0.01492901275090528,0.010401923086486976,0.0050720896644183035,0.004527089664418304,0.36333333333333334,0.0877196230797578,0.5833333333333334
20,0,50,25.0,12,0.01547401275090528,0.014565679417571947,0.010401923086486976,0.0050720896644183035,0.0041637563310849696,0.36333333333333334,0.0877196230797578,0.5833333333333334
20,0,50,35.0,12,0.01547401275090528,0.014202346084238615,0.010401923086486976,0.0050720896644183035,0.003800422997751638,0.36333333333333334,0.0877196230797578,0.5833333333333334
20,0,100,10.0,12,0.0,0.0,0.010401923086486976,-0.010401923086486976,-0.010401923086486976,0.0,0.0877196230797578,0.0
20,0,100,15.0,12,0.0,0.0,0.010401923086486976,-0.010401923086486976,-0.010401923086486976,0.0,0.0877196230797578,0.0
20,0,100,25.0,12,0.0,0.0,0.010401923086486976,-0.010401923086486976,-0.010401923086486976,0.0,0.0877196230797578,0.0
20,0,100,35.0,12,0.0,0.0,0.010401923086486976,-0.010401923086486976,-0.010401923086486976,0.0,0.0877196230797578,0.0
20,1,10,10.0,12,-0.004307837994420811,-0.004941171327754145,-0.006415945755806441,0.0021081077613856304,0.001474774428052295,0.6333333333333334,0.019163218765071204,0.4166666666666667
20,1,10,15.0,12,-0.004307837994420811,-0.0052578379944208066,-0.006415945755806441,0.0021081077613856304,0.0011581077613856325,0.6333333333333334,0.019163218765071204,0.4166666666666667
20,1,10,25.0,12,-0.004307837994420811,-0.005891171327754144,-0.006415945755806441,0.0021081077613856304,0.0005247744280522968,0.6333333333333334,0.019163218765071204,0.4166666666666667
20,1,10,35.0,12,-0.004307837994420811,-0.006524504661087477,-0.006415945755806441,0.0021081077613856304,-0.00010855890528103553,0.6333333333333334,0.019163218765071204,0.4166666666666667
20,1,20,10.0,12,-0.003854506835405159,-0.004446173502071825,-0.006415945755806441,0.002561438920401282,0.0019697722537346148,0.5916666666666667,0.019163218765071204,0.4166666666666667
20,1,20,15.0,12,-0.003854506835405159,-0.004742006835405158,-0.006415945755806441,0.002561438920401282,0.001673938920401283,0.5916666666666667,0.019163218765071204,0.4166666666666667
20,1,20,25.0,12,-0.003854506835405159,-0.005333673502071825,-0.006415945755806441,0.002561438920401282,0.0010822722537346162,0.5916666666666667,0.019163218765071204,0.4166666666666667
20,1,20,35.0,12,-0.003854506835405159,-0.005925340168738492,-0.006415945755806441,0.002561438920401282,0.0004906055870679487,0.5916666666666667,0.019163218765071204,0.4166666666666667
20,1,50,10.0,12,-0.003501747994572996,-0.0038434146612396623,-0.006415945755806441,0.0029141977612334447,0.002572531094566778,0.3416666666666666,0.019163218765071204,0.3333333333333333
20,1,50,15.0,12,-0.003501747994572996,-0.004014247994572995,-0.006415945755806441,0.0029141977612334447,0.0024016977612334456,0.3416666666666666,0.019163218765071204,0.3333333333333333
20,1,50,25.0,12,-0.003501747994572996,-0.004355914661239663,-0.006415945755806441,0.0029141977612334447,0.0020600310945667784,0.3416666666666666,0.019163218765071204,0.3333333333333333
20,1,50,35.0,12,-0.003501747994572996,-0.004697581327906329,-0.006415945755806441,0.0029141977612334447,0.0017183644279001123,0.3416666666666666,0.019163218765071204,0.3333333333333333
20,1,100,10.0,12,0.0,0.0,-0.006415945755806441,0.006415945755806441,0.006415945755806441,0.0,0.019163218765071204,0.0
20,1,100,15.0,12,0.0,0.0,-0.006415945755806441,0.006415945755806441,0.006415945755806441,0.0,0.019163218765071204,0.0
20,1,100,25.0,12,0.0,0.0,-0.006415945755806441,0.006415945755806441,0.006415945755806441,0.0,0.019163218765071204,0.0
20,1,100,35.0,12,0.0,0.0,-0.006415945755806441,0.006415945755806441,0.006415945755806441,0.0,0.019163218765071204,0.0
20,2,10,10.0,12,0.019088219781288527,0.01847155311462186,0.013266218142865311,0.005822001638423217,0.005205334971756552,0.6166666666666668,0.014752728072166979,0.8333333333333334
20,2,10,15.0,12,0.019088219781288527,0.018163219781288525,0.013266218142865311,0.005822001638423217,0.004897001638423217,0.6166666666666668,0.014752728072166979,0.8333333333333334
20,2,10,25.0,12,0.019088219781288527,0.017546553114621857,0.013266218142865311,0.005822001638423217,0.00428033497175655,0.6166666666666668,0.014752728072166979,0.8333333333333334
20,2,10,35.0,12,0.019088219781288527,0.01692988644795519,0.013266218142865311,0.005822001638423217,0.003663668305089884,0.6166666666666668,0.014752728072166979,0.8333333333333334
20,2,20,10.0,12,0.013198380061803268,0.012660880061803268,0.013266218142865311,-6.783808106204398e-05,-0.0006053380810620446,0.5375,0.014752728072166979,0.75
20,2,20,15.0,12,0.013198380061803268,0.012392130061803265,0.013266218142865311,-6.783808106204398e-05,-0.0008740880810620445,0.5375,0.014752728072166979,0.75
20,2,20,25.0,12,0.013198380061803268,0.011854630061803264,0.013266218142865311,-6.783808106204398e-05,-0.001411588081062045,0.5375,0.014752728072166979,0.75
20,2,20,35.0,12,0.013198380061803268,0.011317130061803266,0.013266218142865311,-6.783808106204398e-05,-0.0019490880810620452,0.5375,0.014752728072166979,0.6666666666666666
20,2,50,10.0,12,0.014927630755013284,0.014622630755013287,0.013266218142865311,0.0016614126121479757,0.001356412612147975,0.305,0.014752728072166979,0.8333333333333334
20,2,50,15.0,12,0.014927630755013284,0.014470130755013284,0.013266218142865311,0.0016614126121479757,0.0012039126121479754,0.305,0.014752728072166979,0.8333333333333334
20,2,50,25.0,12,0.014927630755013284,0.014165130755013286,0.013266218142865311,0.0016614126121479757,0.0008989126121479752,0.305,0.014752728072166979,0.8333333333333334
20,2,50,35.0,12,0.014927630755013284,0.013860130755013281,0.013266218142865311,0.0016614126121479757,0.0005939126121479746,0.305,0.014752728072166979,0.8333333333333334
20,2,100,10.0,12,0.0,0.0,0.013266218142865311,-0.013266218142865311,-0.013266218142865311,0.0,0.014752728072166979,0.0
20,2,100,15.0,12,0.0,0.0,0.013266218142865311,-0.013266218142865311,-0.013266218142865311,0.0,0.014752728072166979,0.0
20,2,100,25.0,12,0.0,0.0,0.013266218142865311,-0.013266218142865311,-0.013266218142865311,0.0,0.014752728072166979,0.0
20,2,100,35.0,12,0.0,0.0,0.013266218142865311,-0.013266218142865311,-0.013266218142865311,0.0,0.014752728072166979,0.0
20,3,10,10.0,12,-0.008694174868544324,-0.009369174868544322,-0.008558683508596314,-0.00013549135994800893,-0.000810491359948011,0.6750000000000002,0.002039902727714316,0.5833333333333334
20,3,10,15.0,12,-0.008694174868544324,-0.009706674868544323,-0.008558683508596314,-0.00013549135994800893,-0.0011479913599480107,0.6750000000000002,0.002039902727714316,0.5833333333333334
20,3,10,25.0,12,-0.008694174868544324,-0.01038167486854432,-0.008558683508596314,-0.00013549135994800893,-0.0018229913599480067,0.6750000000000002,0.002039902727714316,0.5833333333333334
20,3,10,35.0,12,-0.008694174868544324,-0.01105667486854432,-0.008558683508596314,-0.00013549135994800893,-0.0024979913599480087,0.6750000000000002,0.002039902727714316,0.5833333333333334
20,3,20,10.0,12,-0.0026680459838076577,-0.003238879317140991,-0.008558683508596314,0.0058906375247886585,0.005319804191455322,0.5708333333333333,0.002039902727714316,0.5833333333333334
20,3,20,15.0,12,-0.0026680459838076577,-0.003524295983807653,-0.008558683508596314,0.0058906375247886585,0.005034387524788658,0.5708333333333333,0.002039902727714316,0.5833333333333334
20,3,20,25.0,12,-0.0026680459838076577,-0.0040951293171409865,-0.008558683508596314,0.0058906375247886585,0.0044635541914553245,0.5708333333333333,0.002039902727714316,0.5833333333333334
20,3,20,35.0,12,-0.0026680459838076577,-0.004665962650474324,-0.008558683508596314,0.0058906375247886585,0.003892720858121992,0.5708333333333333,0.002039902727714316,0.5833333333333334
20,3,50,10.0,12,-0.006890098194519883,-0.007241764861186548,-0.008558683508596314,0.001668585314076431,0.001316918647409763,0.35166666666666674,0.002039902727714316,0.5833333333333334
20,3,50,15.0,12,-0.006890098194519883,-0.007417598194519881,-0.008558683508596314,0.001668585314076431,0.00114108531407643,0.35166666666666674,0.002039902727714316,0.5833333333333334
20,3,50,25.0,12,-0.006890098194519883,-0.00776926486118655,-0.008558683508596314,0.001668585314076431,0.0007894186474097618,0.35166666666666674,0.002039902727714316,0.5833333333333334
20,3,50,35.0,12,-0.006890098194519883,-0.008120931527853217,-0.008558683508596314,0.001668585314076431,0.0004377519807430962,0.35166666666666674,0.002039902727714316,0.5833333333333334
20,3,100,10.0,12,0.0,0.0,-0.008558683508596314,0.008558683508596314,0.008558683508596314,0.0,0.002039902727714316,0.0
20,3,100,15.0,12,0.0,0.0,-0.008558683508596314,0.008558683508596314,0.008558683508596314,0.0,0.002039902727714316,0.0
20,3,100,25.0,12,0.0,0.0,-0.008558683508596314,0.008558683508596314,0.008558683508596314,0.0,0.002039902727714316,0.0
20,3,100,35.0,12,0.0,0.0,-0.008558683508596314,0.008558683508596314,0.008558683508596314,0.0,0.002039902727714316,0.0
20,4,10,10.0,12,0.007150329794161511,0.0064003297941615115,0.004775860118931997,0.002374469675229512,0.0016244696752295122,0.7500000000000001,0.012320640345243076,0.5833333333333334
20,4,10,15.0,12,0.007150329794161511,0.006025329794161511,0.004775860118931997,0.002374469675229512,0.0012494696752295108,0.7500000000000001,0.012320640345243076,0.5833333333333334
20,4,10,25.0,12,0.007150329794161511,0.005275329794161512,0.004775860118931997,0.002374469675229512,0.0004994696752295118,0.7500000000000001,0.012320640345243076,0.5833333333333334
20,4,10,35.0,12,0.007150329794161511,0.00452532979416151,0.004775860118931997,0.002374469675229512,-0.0002505303247704891,0.7500000000000001,0.012320640345243076,0.5833333333333334
20,4,20,10.0,12,0.006458314646069247,0.005845814646069249,0.004775860118931997,0.0016824545271372506,0.00106995452713725,0.6125,0.012320640345243076,0.6666666666666666
20,4,20,15.0,12,0.006458314646069247,0.00553956464606925,0.004775860118931997,0.0016824545271372506,0.0007637045271372507,0.6125,0.012320640345243076,0.6666666666666666
20,4,20,25.0,12,0.006458314646069247,0.0049270646460692485,0.004775860118931997,0.0016824545271372506,0.00015120452713724935,0.6125,0.012320640345243076,0.5833333333333334
20,4,20,35.0,12,0.006458314646069247,0.00431456464606925,0.004775860118931997,0.0016824545271372506,-0.00046129547286275,0.6125,0.012320640345243076,0.5833333333333334
20,4,50,10.0,12,0.006661294785250282,0.006336294785250283,0.004775860118931997,0.0018854346663182847,0.0015604346663182854,0.325,0.012320640345243076,0.6666666666666666
20,4,50,15.0,12,0.006661294785250282,0.006173794785250285,0.004775860118931997,0.0018854346663182847,0.0013979346663182855,0.325,0.012320640345243076,0.6666666666666666
20,4,50,25.0,12,0.006661294785250282,0.005848794785250282,0.004775860118931997,0.0018854346663182847,0.0010729346663182837,0.325,0.012320640345243076,0.6666666666666666
20,4,50,35.0,12,0.006661294785250282,0.005523794785250286,0.004775860118931997,0.0018854346663182847,0.0007479346663182852,0.325,0.012320640345243076,0.6666666666666666
20,4,100,10.0,12,0.0,0.0,0.004775860118931997,-0.004775860118931997,-0.004775860118931997,0.0,0.012320640345243076,0.0
20,4,100,15.0,12,0.0,0.0,0.004775860118931997,-0.004775860118931997,-0.004775860118931997,0.0,0.012320640345243076,0.0
20,4,100,25.0,12,0.0,0.0,0.004775860118931997,-0.004775860118931997,-0.004775860118931997,0.0,0.012320640345243076,0.0
20,4,100,35.0,12,0.0,0.0,0.004775860118931997,-0.004775860118931997,-0.004775860118931997,0.0,0.012320640345243076,0.0
20,5,10,10.0,12,0.036257335935551714,0.03563233593555171,0.03364836636921292,0.00260896956633878,0.00198396956633878,0.625,-0.0840150152143363,0.8333333333333334
20,5,10,15.0,12,0.036257335935551714,0.0353198359355517,0.03364836636921292,0.00260896956633878,0.00167146956633878,0.625,-0.0840150152143363,0.8333333333333334
20,5,10,25.0,12,0.036257335935551714,0.034694835935551706,0.03364836636921292,0.00260896956633878,0.0010464695663387792,0.625,-0.0840150152143363,0.8333333333333334
20,5,10,35.0,12,0.036257335935551714,0.034069835935551705,0.03364836636921292,0.00260896956633878,0.0004214695663387798,0.625,-0.0840150152143363,0.8333333333333334
20,5,20,10.0,12,0.030706671950999926,0.030098338617666597,0.03364836636921292,-0.0029416944182129993,-0.003550027751546333,0.6083333333333334,-0.0840150152143363,0.8333333333333334
20,5,20,15.0,12,0.030706671950999926,0.029794171950999926,0.03364836636921292,-0.0029416944182129993,-0.0038541944182129994,0.6083333333333334,-0.0840150152143363,0.8333333333333334
20,5,20,25.0,12,0.030706671950999926,0.02918583861766659,0.03364836636921292,-0.0029416944182129993,-0.004462527751546334,0.6083333333333334,-0.0840150152143363,0.8333333333333334
20,5,20,35.0,12,0.030706671950999926,0.028577505284333258,0.03364836636921292,-0.0029416944182129993,-0.005070861084879665,0.6083333333333334,-0.0840150152143363,0.8333333333333334
20,5,50,10.0,12,0.02886880242208459,0.028500469088751257,0.03364836636921292,-0.004779563947128337,-0.00514789728046167,0.36833333333333335,-0.0840150152143363,0.6666666666666666
20,5,50,15.0,12,0.02886880242208459,0.02831630242208459,0.03364836636921292,-0.004779563947128337,-0.005332063947128338,0.36833333333333335,-0.0840150152143363,0.6666666666666666
20,5,50,25.0,12,0.02886880242208459,0.02794796908875125,0.03364836636921292,-0.004779563947128337,-0.005700397280461671,0.36833333333333335,-0.0840150152143363,0.6666666666666666
20,5,50,35.0,12,0.02886880242208459,0.027579635755417924,0.03364836636921292,-0.004779563947128337,-0.006068730613795003,0.36833333333333335,-0.0840150152143363,0.6666666666666666
20,5,100,10.0,12,0.0,0.0,0.03364836636921292,-0.03364836636921292,-0.03364836636921292,0.0,-0.0840150152143363,0.0
20,5,100,15.0,12,0.0,0.0,0.03364836636921292,-0.03364836636921292,-0.03364836636921292,0.0,-0.0840150152143363,0.0
20,5,100,25.0,12,0.0,0.0,0.03364836636921292,-0.03364836636921292,-0.03364836636921292,0.0,-0.0840150152143363,0.0
20,5,100,35.0,12,0.0,0.0,0.03364836636921292,-0.03364836636921292,-0.03364836636921292,0.0,-0.0840150152143363,0.0
20,6,10,10.0,12,0.0010099584159841246,0.0003432917493174578,0.004293453968971282,-0.003283495552987157,-0.003950162219653824,0.6666666666666666,0.01577896333578417,0.4166666666666667
20,6,10,15.0,12,0.0010099584159841246,9.958415984124476e-06,0.004293453968971282,-0.003283495552987157,-0.004283495552987157,0.6666666666666666,0.01577896333578417,0.4166666666666667
20,6,10,25.0,12,0.0010099584159841246,-0.0006567082506825436,0.004293453968971282,-0.003283495552987157,-0.004950162219653825,0.6666666666666666,0.01577896333578417,0.4166666666666667
20,6,10,35.0,12,0.0010099584159841246,-0.0013233749173492103,0.004293453968971282,-0.003283495552987157,-0.005616828886320491,0.6666666666666666,0.01577896333578417,0.4166666666666667
20,6,20,10.0,12,0.0023739365801627673,0.0018239365801627665,0.004293453968971282,-0.001919517388808514,-0.0024695173888085154,0.55,0.01577896333578417,0.5833333333333334
20,6,20,15.0,12,0.0023739365801627673,0.0015489365801627673,0.004293453968971282,-0.001919517388808514,-0.0027445173888085137,0.55,0.01577896333578417,0.5833333333333334
20,6,20,25.0,12,0.0023739365801627673,0.0009989365801627674,0.004293453968971282,-0.001919517388808514,-0.0032945173888085147,0.55,0.01577896333578417,0.5833333333333334
20,6,20,35.0,12,0.0023739365801627673,0.0004489365801627668,0.004293453968971282,-0.001919517388808514,-0.003844517388808515,0.55,0.01577896333578417,0.5833333333333334
20,6,50,10.0,12,0.004499673684536899,0.004171340351203566,0.004293453968971282,0.00020621971556561804,-0.00012211361776771575,0.3283333333333333,0.01577896333578417,0.6666666666666666
20,6,50,15.0,12,0.004499673684536899,0.0040071736845368995,0.004293453968971282,0.00020621971556561804,-0.0002862802844343819,0.3283333333333333,0.01577896333578417,0.6666666666666666
20,6,50,25.0,12,0.004499673684536899,0.003678840351203567,0.004293453968971282,0.00020621971556561804,-0.0006146136177677149,0.3283333333333333,0.01577896333578417,0.5833333333333334
20,6,50,35.0,12,0.004499673684536899,0.0033505070178702326,0.004293453968971282,0.00020621971556561804,-0.0009429469511010487,0.3283333333333333,0.01577896333578417,0.5833333333333334
20,6,100,10.0,12,0.0,0.0,0.004293453968971282,-0.004293453968971282,-0.004293453968971282,0.0,0.01577896333578417,0.0
20,6,100,15.0,12,0.0,0.0,0.004293453968971282,-0.004293453968971282,-0.004293453968971282,0.0,0.01577896333578417,0.0
20,6,100,25.0,12,0.0,0.0,0.004293453968971282,-0.004293453968971282,-0.004293453968971282,0.0,0.01577896333578417,0.0
20,6,100,35.0,12,0.0,0.0,0.004293453968971282,-0.004293453968971282,-0.004293453968971282,0.0,0.01577896333578417,0.0
